"FID_noaa_w","Field1","STATION","NAME","location","LATITUDE","LONGITUDE","ELEVATION","nrows","min_date","max_date","AWND_n","DAPR_n","DASF_n","EVAP_n","FMTM_n","MDPR_n","MDSF_n","MNPN_n","MXPN_n","PGTM_n","PRCP_n","SN32_n","SN52_n","SNOW_n","SNWD_n","SX32_n","SX52_n","TAVG_n","TMAX_n","TMIN_n","TOBS_n","WDF2_n","WDF5_n","WDMV_n","WESD_n","WESF_n","WSF2_n","WSF5_n","WSFG_n","WT01_n","WT02_n","WT03_n","WT04_n","WT05_n","WT06_n","WT07_n","WT08_n","WT09_n","WT10_n","WT11_n","WT13_n","WT14_n","WT15_n","WT16_n","WT17_n","WT18_n","WT19_n","WT21_n","WT22_n","SN53_n","SX53_n","tavg2_n","FID_tl_201","STATEFP","COUNTYFP","TRACTCE","BLKGRPCE","GEOID","NAMELSAD","MTFCC","FUNCSTAT","ALAND","AWATER","INTPTLAT","INTPTLON"
293,294,"USC00115763","MONEE RESERVOIR, IL US","(41.39355,-87.76438)",41.39355,-87.76438,226,4391,1/1/2006,12/27/2018,0,109,0,0,0,150,1,0,0,0,4108,0,0,3229,3206,0,0,0,0,0,0,0,0,0,4,0,0,0,0,220,0,240,27,11,19,0,0,0,0,22,0,0,0,0,0,0,0,0,0,0,0,0,2679,"17","197","883602","4","171978836024","Block Group 4","G5030","S",35109085,167099,"+41.4089205","-087.7234345"
242,243,"US1ILWL0140","CRETE 3.7 SSE, IL US","(41.4048,-87.5843)",41.4048,-87.5843,220,416,10/11/2017,12/30/2018,0,0,0,0,0,0,0,0,0,0,416,0,0,248,4,0,0,0,0,0,0,0,0,0,1,3,0,0,0,0,0,0,0,0,0,0,0,0,0,0,0,0,0,0,0,0,0,0,0,0,0,0,8781,"17","197","883808","1","171978838081","Block Group 1","G5030","S",30930415,0,"+41.4049122","-087.5834523"
236,237,"US1ILWL0121","MONEE 4.9 W, IL US","(41.4147,-87.8479)",41.4147,-87.8479,221,1545,7/1/2014,12/30/2018,0,0,0,0,0,0,0,0,0,0,1545,0,0,837,0,0,0,0,0,0,0,0,0,0,0,3,0,0,0,0,0,0,0,0,0,0,0,0,0,0,0,0,0,0,0,0,0,0,0,0,0,0,2762,"17","197","883507","2","171978835072","Block Group 2","G5030","S",47113220,0,"+41.4041669","-087.8445726"
220,221,"US1ILWL0065","CRETE 2.6 SSW, IL US","(41.4171,-87.63)",41.4171,-87.63,230,812,4/1/2010,10/8/2018,0,0,0,0,0,0,0,0,0,0,811,0,0,439,2,0,0,0,0,0,0,0,0,0,2,1,0,0,0,0,0,0,0,0,0,0,0,0,0,0,0,0,0,0,0,0,0,0,0,0,0,0,8781,"17","197","883808","1","171978838081","Block Group 1","G5030","S",30930415,0,"+41.4049122","-087.5834523"
208,209,"US1ILWL0018","CRETE 1.4 SW, IL US","(41.4411,-87.6379)",41.4411,-87.6379,226,236,4/16/2007,9/20/2008,0,0,0,0,0,0,0,0,0,0,236,0,0,236,1,0,0,0,0,0,0,0,0,0,0,0,0,0,0,0,0,0,0,0,0,0,0,0,0,0,0,0,0,0,0,0,0,0,0,0,0,0,6232,"17","197","883809","2","171978838092","Block Group 2","G5030","S",8906707,0,"+41.4323808","-087.6508239"
241,242,"US1ILWL0138","CRETE 2.7 W, IL US","(41.4457,-87.6658)",41.4457,-87.6658,229,421,10/8/2017,12/30/2018,0,0,0,0,0,0,0,0,0,0,421,0,0,230,0,0,0,0,0,0,0,0,0,0,0,0,0,0,0,0,0,0,0,0,0,0,0,0,0,0,0,0,0,0,0,0,0,0,0,0,0,0,500,"17","197","883804","2","171978838042","Block Group 2","G5030","S",4839171,0,"+41.4512820","-087.6512859"
209,210,"US1ILWL0025","CRETE 2.6 E, IL US","(41.4468,-87.5657)",41.4468,-87.5657,213,4145,5/18/2007,12/30/2018,0,0,0,0,0,0,0,0,0,0,4145,0,0,2946,965,0,0,0,0,0,0,0,0,0,1,4,0,0,0,0,0,0,0,0,0,0,0,0,0,0,0,0,0,0,0,0,0,0,0,0,0,0,1799,"17","197","883806","3","171978838063","Block Group 3","G5030","S",13436027,41358,"+41.4549732","-087.5546112"
292,293,"USC00115314","MANHATTAN 5 NE, IL US","(41.45886,-87.91044)",41.45886,-87.91044,228,3186,1/1/2010,12/31/2018,0,8,0,0,0,8,0,0,0,0,3176,0,0,3066,2712,0,0,0,0,0,0,0,0,0,197,54,0,0,0,0,0,0,0,2,0,0,0,0,0,0,0,0,0,0,0,0,0,0,0,0,0,0,1793,"17","197","883510","1","171978835101","Block Group 1","G5030","S",41177249,0,"+41.4490684","-087.9585847"
239,240,"US1ILWL0136","CRETE 3.3 ENE FRANKTUARY FARM, IL US","(41.4663,-87.5544)",41.4663,-87.5544,207,569,5/24/2017,12/30/2018,0,0,0,0,0,0,0,0,0,0,569,0,0,397,79,0,0,0,0,0,0,0,0,0,71,85,0,0,0,0,0,0,0,0,0,0,0,0,0,0,0,0,0,0,0,0,0,0,0,0,0,0,1799,"17","197","883806","3","171978838063","Block Group 3","G5030","S",13436027,41358,"+41.4549732","-087.5546112"
227,228,"US1ILWL0093","NEW LENOX 4.2 SE, IL US","(41.4681,-87.9378)",41.4681,-87.9378,220,1573,4/16/2012,7/27/2018,0,0,0,0,0,0,0,0,0,0,1570,0,0,1311,1027,0,0,0,0,0,0,0,0,0,1014,1085,0,0,0,0,0,0,0,0,0,0,0,0,0,0,0,0,0,0,0,0,0,0,0,0,0,0,1793,"17","197","883510","1","171978835101","Block Group 1","G5030","S",41177249,0,"+41.4490684","-087.9585847"
92,93,"US1ILCK0206","PARK FOREST 1.0 SW, IL US","(41.4723,-87.7013)",41.4723,-87.7013,221,2042,1/29/2013,12/30/2018,0,0,0,0,0,0,0,0,0,0,2042,0,0,1583,830,0,0,0,0,0,0,0,0,0,1,0,0,0,0,0,0,0,0,0,0,0,0,0,0,0,0,0,0,0,0,0,0,0,0,0,0,0,6179,"17","031","830400","4","170318304004","Block Group 4","G5030","S",424090,0,"+41.4761296","-087.7014042"
222,223,"US1ILWL0070","FRANKFORT 2.2 WSW, IL US","(41.4891,-87.8766)",41.4891,-87.8766,238,101,4/27/2010,8/27/2010,0,0,0,0,0,0,0,0,0,0,101,0,0,56,0,0,0,0,0,0,0,0,0,0,0,0,0,0,0,0,0,0,0,0,0,0,0,0,0,0,0,0,0,0,0,0,0,0,0,0,0,0,1822,"17","197","883516","1","171978835161","Block Group 1","G5030","S",9483069,0,"+41.4866106","-087.8885947"
28,29,"US1ILCK0069","PARK FOREST 0.8 NNE, IL US","(41.4928,-87.6815)",41.4928,-87.6815,220,2557,3/28/2007,12/27/2018,0,0,0,0,0,0,0,0,0,0,2556,0,0,1589,78,0,0,0,0,0,0,0,0,0,6,9,0,0,0,0,0,0,0,0,0,0,0,0,0,0,0,0,0,0,0,0,0,0,0,0,0,0,9369,"17","031","830300","4","170318303004","Block Group 4","G5030","S",526605,0,"+41.4902457","-087.6801292"
295,296,"USC00116616","PARK FOREST, IL US","(41.4947,-87.6802)",41.4947,-87.6802,216,4597,1/1/2006,12/31/2018,0,4,0,0,0,20,7,0,0,0,4550,0,0,4117,4099,0,0,0,4525,4542,4543,0,0,0,0,0,0,0,0,76,0,100,10,6,11,0,0,0,0,24,0,0,0,0,0,0,0,0,0,0,0,4522,9369,"17","031","830300","4","170318303004","Block Group 4","G5030","S",526605,0,"+41.4902457","-087.6801292"
219,220,"US1ILWL0063","NEW LENOX 1.8 SE, IL US","(41.4996,-87.9603)",41.4996,-87.9603,214,3146,3/27/2010,12/30/2018,0,0,0,0,0,0,0,0,0,0,3145,0,0,2566,1819,0,0,0,0,0,0,0,0,0,1467,1826,0,0,0,0,0,0,0,0,0,0,0,0,0,0,0,0,0,0,0,0,0,0,0,0,0,0,3090,"17","197","881113","2","171978811132","Block Group 2","G5030","S",815288,0,"+41.5004960","-087.9545954"
218,219,"US1ILWL0059","NEW LENOX 1.4 SE, IL US","(41.5024,-87.9686)",41.5024,-87.9686,217,200,3/29/2010,10/27/2010,0,0,0,0,0,0,0,0,0,0,200,0,0,125,0,0,0,0,0,0,0,0,0,0,0,0,0,0,0,0,0,0,0,0,0,0,0,0,0,0,0,0,0,0,0,0,0,0,0,0,0,0,3194,"17","197","881112","1","171978811121","Block Group 1","G5030","S",9211403,0,"+41.5021709","-087.9989868"
244,245,"US1ILWL0147","NEW LENOX 2.0 ESE, IL US","(41.5036,-87.9513)",41.5036,-87.9513,218,154,7/5/2018,12/23/2018,0,0,0,0,0,0,0,0,0,0,154,0,0,94,0,0,0,0,0,0,0,0,0,0,0,2,0,0,0,0,0,0,0,0,0,0,0,0,0,0,0,0,0,0,0,0,0,0,0,0,0,0,3088,"17","197","881115","2","171978811152","Block Group 2","G5030","S",585194,0,"+41.5029352","-087.9475625"
231,232,"US1ILWL0106","FRANKFORT 2.3 ENE, IL US","(41.5105,-87.7962)",41.5105,-87.7962,221,145,5/30/2013,9/21/2014,0,0,0,0,0,0,0,0,0,0,145,0,0,79,0,0,0,0,0,0,0,0,0,0,0,0,0,0,0,0,0,0,0,0,0,0,0,0,0,0,0,0,0,0,0,0,0,0,0,0,0,0,2830,"17","197","883505","5","171978835055","Block Group 5","G5030","S",975638,0,"+41.5099059","-087.7976274"
229,230,"US1ILWL0097","NEW LENOX 3.3 E, IL US","(41.5193,-87.9193)",41.5193,-87.9193,207,2407,4/26/2012,12/30/2018,0,0,0,0,0,0,0,0,0,0,2407,0,0,1836,908,0,0,0,0,0,0,0,0,0,601,909,0,0,0,0,0,0,0,0,0,0,0,0,0,0,0,0,0,0,0,0,0,0,0,0,0,0,1772,"17","197","881105","3","171978811053","Block Group 3","G5030","S",7329685,28692,"+41.5304603","-087.9254451"
221,222,"US1ILWL0066","FRANKFORT 2.0 NNE, IL US","(41.5239,-87.8195)",41.5239,-87.8195,212,363,4/10/2010,9/18/2012,0,0,0,0,0,0,0,0,0,0,363,0,0,207,1,0,0,0,0,0,0,0,0,0,1,1,0,0,0,0,0,0,0,0,0,0,0,0,0,0,0,0,0,0,0,0,0,0,0,0,0,0,2831,"17","197","883513","1","171978835131","Block Group 1","G5030","S",2780024,0,"+41.5255615","-087.8287256"
232,233,"US1ILWL0111","NEW LENOX 1.0 NE, IL US","(41.5272,-87.9676)",41.5272,-87.9676,208,287,4/9/2014,2/6/2015,0,0,0,0,0,0,0,0,0,0,287,0,0,170,16,0,0,0,0,0,0,0,0,0,0,0,0,0,0,0,0,0,0,0,0,0,0,0,0,0,0,0,0,0,0,0,0,0,0,0,0,0,3192,"17","197","881107","2","171978811072","Block Group 2","G5030","S",3052091,27352,"+41.5253411","-087.9798245"
223,224,"US1ILWL0072","NEW LENOX 2.9 ENE, IL US","(41.5303,-87.9296)",41.5303,-87.9296,212,1570,5/21/2010,11/16/2018,0,0,0,0,0,0,0,0,0,0,1569,0,0,916,2,0,0,0,0,0,0,0,0,0,0,0,0,0,0,0,0,0,0,0,0,0,0,0,0,0,0,0,0,0,0,0,0,0,0,0,0,0,1772,"17","197","881105","3","171978811053","Block Group 3","G5030","S",7329685,28692,"+41.5304603","-087.9254451"
213,214,"US1ILWL0042","MOKENA 1.3 W, IL US","(41.5313,-87.9012)",41.5313,-87.9012,218,1111,4/7/2008,2/11/2018,0,0,0,0,0,0,0,0,0,0,1107,0,0,738,46,0,0,0,0,0,0,0,0,0,3,3,0,0,0,0,0,0,0,0,0,0,0,0,0,0,0,0,0,0,0,0,0,0,0,0,0,0,3196,"17","197","883517","2","171978835172","Block Group 2","G5030","S",1213992,0,"+41.5314770","-087.8991448"
99,100,"US1ILCK0229","FLOSSMOOR 1.2 ESE, IL US","(41.5319,-87.6641)",41.5319,-87.6641,202,592,12/22/2013,11/4/2018,0,0,0,0,0,0,0,0,0,0,590,0,0,319,3,0,0,0,0,0,0,0,0,0,0,0,0,0,0,0,0,0,0,0,0,0,0,0,0,0,0,0,0,0,0,0,0,0,0,0,0,0,5132,"17","031","828801","2","170318288012","Block Group 2","G5030","S",2040203,0,"+41.5350790","-087.6675001"
74,75,"US1ILCK0170","FLOSSMOOR 0.5 SW, IL US","(41.5341,-87.6905)",41.5341,-87.6905,210,998,9/13/2010,12/11/2018,0,0,0,0,0,0,0,0,0,0,998,0,0,242,0,0,0,0,0,0,0,0,0,0,0,0,0,0,0,0,0,0,0,0,0,0,0,0,0,0,0,0,0,0,0,0,0,0,0,0,0,0,9473,"17","031","829800","4","170318298004","Block Group 4","G5030","S",1344982,0,"+41.5318227","-087.6845158"
33,34,"US1ILCK0076","FLOSSMOOR 1.1 ESE, IL US","(41.5345,-87.6646)",41.5345,-87.6646,206,505,5/12/2007,7/30/2016,0,0,0,0,0,0,0,0,0,0,505,0,0,369,4,0,0,0,0,0,0,0,0,0,0,0,0,0,0,0,0,0,0,0,0,0,0,0,0,0,0,0,0,0,0,0,0,0,0,0,0,0,5132,"17","031","828801","2","170318288012","Block Group 2","G5030","S",2040203,0,"+41.5350790","-087.6675001"
228,229,"US1ILWL0095","JOLIET 1.4 ENE, IL US","(41.5355,-88.0976)",41.5355,-88.0976,198,277,8/3/2011,3/21/2013,0,0,0,0,0,0,0,0,0,0,275,0,0,277,244,0,0,0,0,0,0,0,0,0,3,15,0,0,0,0,0,0,0,0,0,0,0,0,0,0,0,0,0,0,0,0,0,0,0,0,0,0,570,"17","197","881800","2","171978818002","Block Group 2","G5030","S",220123,0,"+41.5362217","-088.0950222"
62,63,"US1ILCK0146","GLENWOOD 1.5 ESE, IL US","(41.5405,-87.5886)",41.5405,-87.5886,189,390,9/15/2009,4/20/2015,0,0,0,0,0,0,0,0,0,0,390,0,0,187,12,0,0,0,0,0,0,0,0,0,1,5,0,0,0,0,0,0,0,0,0,0,0,0,0,0,0,0,0,0,0,0,0,0,0,0,0,0,9002,"17","031","828702","3","170318287023","Block Group 3","G5030","S",3851934,0,"+41.5496965","-087.5955714"
289,290,"USC00114890","LANSING, IL US","(41.5422,-87.5416)",41.5422,-87.5416,189,4518,1/1/2006,12/30/2018,0,9,0,0,0,11,1,0,0,0,4365,0,0,4515,4507,0,0,0,0,0,0,0,0,0,1,0,0,0,0,3,0,0,1,0,1,0,0,0,0,0,0,0,0,0,0,0,0,0,0,0,0,0,5063,"17","031","828506","1","170318285061","Block Group 1","G5030","S",3455252,0,"+41.5359600","-087.5371986"
120,121,"US1ILCK0296","CHICAGO HEIGHTS 2.4 NNW, IL US","(41.5428,-87.6541)",41.5428,-87.6541,196,508,7/28/2017,12/28/2018,0,0,0,0,0,0,0,0,0,0,507,0,0,349,110,0,0,0,0,0,0,0,0,0,9,63,0,0,0,0,0,0,0,0,0,0,0,0,0,0,0,0,0,0,0,0,0,0,0,0,0,0,5093,"17","031","828601","1","170318286011","Block Group 1","G5030","S",1413112,0,"+41.5441728","-087.6576213"
1,2,"US1ILCK0007","LANSING 1.7 SSE, IL US","(41.5428,-87.539)",41.5428,-87.539,186,951,12/1/2006,12/18/2009,0,0,0,0,0,0,0,0,0,0,950,0,0,823,552,0,0,0,0,0,0,0,0,0,22,16,0,0,0,0,0,0,0,0,0,0,0,0,0,0,0,0,0,0,0,0,0,0,0,0,0,0,5063,"17","031","828506","1","170318285061","Block Group 1","G5030","S",3455252,0,"+41.5359600","-087.5371986"
230,231,"US1ILWL0103","JOLIET 1.8 NNE, IL US","(41.5519,-88.1106)",41.5519,-88.1106,197,469,5/18/2012,12/20/2016,0,0,0,0,0,0,0,0,0,0,469,0,0,250,37,0,0,0,0,0,0,0,0,0,2,8,0,0,0,0,0,0,0,0,0,0,0,0,0,0,0,0,0,0,0,0,0,0,0,0,0,0,2612,"17","197","881402","3","171978814023","Block Group 3","G5030","S",564287,0,"+41.5490732","-088.1123826"
243,244,"US1ILWL0142","MOKENA 3.4 WNW, IL US","(41.5545,-87.9339)",41.5545,-87.9339,208,299,1/23/2018,12/30/2018,0,0,0,0,0,0,0,0,0,0,298,0,0,187,5,0,0,0,0,0,0,0,0,0,0,1,0,0,0,0,0,0,0,0,0,0,0,0,0,0,0,0,0,0,0,0,0,0,0,0,0,0,1697,"17","197","881105","1","171978811051","Block Group 1","G5030","S",8092141,0,"+41.5484859","-087.9393190"
25,26,"US1ILCK0064","HOMEWOOD 0.1 ESE, IL US","(41.5577,-87.6594)",41.5577,-87.6594,196,4076,3/17/2007,12/30/2018,0,0,0,0,0,0,0,0,0,0,4075,0,0,2883,710,0,0,0,0,0,0,0,0,0,320,604,0,0,0,0,0,0,0,0,0,0,0,0,0,0,0,0,0,0,0,0,0,0,0,0,0,0,5033,"17","031","828401","4","170318284014","Block Group 4","G5030","S",705095,0,"+41.5599495","-087.6631335"
34,35,"US1ILCK0079","TINLEY PARK 1.0 SW, IL US","(41.5641,-87.8139)",41.5641,-87.8139,217,466,6/13/2007,6/29/2009,0,0,0,0,0,0,0,0,0,0,466,0,0,454,7,0,0,0,0,0,0,0,0,0,0,1,0,0,0,0,0,0,0,0,0,0,0,0,0,0,0,0,0,0,0,0,0,0,0,0,0,0,8967,"17","031","824122","3","170318241223","Block Group 3","G5030","S",1574223,0,"+41.5668967","-087.8170922"
224,225,"US1ILWL0080","LOCKPORT 1.3 SE, IL US","(41.5745,-88.033)",41.5745,-88.033,208,2736,3/29/2011,12/30/2018,0,0,0,0,0,0,0,0,0,0,2736,0,0,1971,897,0,0,0,0,0,0,0,0,0,46,141,0,0,0,0,0,0,0,0,0,0,0,0,0,0,0,0,0,0,0,0,0,0,0,0,0,0,2943,"17","197","880701","1","171978807011","Block Group 1","G5030","S",2513249,0,"+41.5772958","-088.0375454"
215,216,"US1ILWL0050","LOCKPORT 3.3 ESE, IL US","(41.5771,-87.9855)",41.5771,-87.9855,223,1369,6/3/2009,12/1/2016,0,0,0,0,0,0,0,0,0,0,1369,0,0,655,12,0,0,0,0,0,0,0,0,0,0,0,0,0,0,0,0,0,0,0,0,0,0,0,0,0,0,0,0,0,0,0,0,0,0,0,0,0,2945,"17","197","881010","1","171978810101","Block Group 1","G5030","S",16217642,58666,"+41.5734730","-087.9836488"
17,18,"US1ILCK0051","ORLAND HILLS 0.6 S, IL US","(41.5833,-87.8434)",41.5833,-87.8434,217,1972,2/6/2007,11/4/2013,0,0,0,0,0,0,0,0,0,0,1972,0,0,1580,428,0,0,0,0,0,0,0,0,0,0,1,0,0,0,0,0,0,0,0,0,0,0,0,0,0,0,0,0,0,0,0,0,0,0,0,0,0,4641,"17","031","824108","2","170318241082","Block Group 2","G5030","S",825017,0,"+41.5829192","-087.8407994"
27,28,"US1ILCK0068","TINLEY PARK 1.2 WNW, IL US","(41.5834,-87.8196)",41.5834,-87.8196,217,240,4/4/2007,12/18/2008,0,0,0,0,0,0,0,0,0,0,240,0,0,240,2,0,0,0,0,0,0,0,0,0,0,0,0,0,0,0,0,0,0,0,0,0,0,0,0,0,0,0,0,0,0,0,0,0,0,0,0,0,9109,"17","031","824122","1","170318241221","Block Group 1","G5030","S",1084171,0,"+41.5810654","-087.8183977"
206,207,"US1ILWL0004","LOCKPORT 0.3 SSW, IL US","(41.5851,-88.0497)",41.5851,-88.0497,203,1152,4/15/2007,12/10/2010,0,0,0,0,0,0,0,0,0,0,1152,0,0,788,0,0,0,0,0,0,0,0,0,0,0,0,0,0,0,0,0,0,0,0,0,0,0,0,0,0,0,0,0,0,0,0,0,0,0,0,0,0,2944,"17","197","880601","1","171978806011","Block Group 1","G5030","S",1520502,0,"+41.5864386","-088.0373046"
88,89,"US1ILCK0197","ORLAND HILLS 0.6 SE, IL US","(41.5865,-87.8335)",41.5865,-87.8335,215,1219,4/13/2012,8/14/2015,0,0,0,0,0,0,0,0,0,0,1219,0,0,778,208,0,0,0,0,0,0,0,0,0,0,2,0,0,0,0,0,0,0,0,0,0,0,0,0,0,0,0,0,0,0,0,0,0,0,0,0,0,6854,"17","031","824108","3","170318241083","Block Group 3","G5030","S",1742027,0,"+41.5891848","-087.8404453"
82,83,"US1ILCK0182","TINLEY PARK 2.6 NW, IL US","(41.5918,-87.8274)",41.5918,-87.8274,216,208,4/5/2011,6/6/2014,0,0,0,0,0,0,0,0,0,0,208,0,0,92,0,0,0,0,0,0,0,0,0,0,0,0,0,0,0,0,0,0,0,0,0,0,0,0,0,0,0,0,0,0,0,0,0,0,0,0,0,0,4743,"17","031","824121","1","170318241211","Block Group 1","G5030","S",1049046,0,"+41.5877708","-087.8271826"
217,218,"US1ILWL0058","PLAINFIELD 3.0 ESE, IL US","(41.604,-88.149)",41.604,-88.149,189,2210,4/2/2010,12/2/2018,0,0,0,0,0,0,0,0,0,0,2208,0,0,1001,1,0,0,0,0,0,0,0,0,0,1,0,0,0,0,0,0,0,0,0,0,0,0,0,0,0,0,0,0,0,0,0,0,0,0,0,0,0,1817,"17","197","880410","2","171978804102","Block Group 2","G5030","S",3373402,556607,"+41.6052769","-088.1516935"
296,297,"USC00117457","ROMEOVILLE WEATHER FORECAST OFFICE, IL US","(41.60413,-88.08497)",41.60413,-88.08497,201,4748,1/1/2006,12/31/2018,0,0,0,0,0,0,0,0,0,0,4735,0,0,4741,4745,0,0,0,4748,4748,4744,0,0,0,0,0,0,0,0,200,0,245,27,18,19,0,0,0,0,4,0,0,0,0,0,0,0,0,0,0,0,4748,8684,"17","197","884101","1","171978841011","Block Group 1","G5030","S",20880147,1109571,"+41.6088678","-088.0959389"
237,238,"US1ILWL0131","HOMER GLEN 0.7 NNE, IL US","(41.6084,-87.9327)",41.6084,-87.9327,231,1098,12/11/2015,12/30/2018,0,0,0,0,0,0,0,0,0,0,1097,0,0,750,204,0,0,0,0,0,0,0,0,0,88,137,0,0,0,0,0,0,0,0,0,0,0,0,0,0,0,0,0,0,0,0,0,0,0,0,0,0,1792,"17","197","881012","3","171978810123","Block Group 3","G5030","S",1480332,0,"+41.6039626","-087.9395580"
111,112,"US1ILCK0260","MIDLOTHIAN 1.2 SE, IL US","(41.613,-87.7097)",41.613,-87.7097,188,905,4/19/2015,10/31/2018,0,0,0,0,0,0,0,0,0,0,905,0,0,2,0,0,0,0,0,0,0,0,0,0,0,0,0,0,0,0,0,0,0,0,0,0,0,0,0,0,0,0,0,0,0,0,0,0,0,0,0,0,5637,"17","031","824702","3","170318247023","Block Group 3","G5030","S",1065478,0,"+41.6170121","-087.7126319"
123,124,"US1ILCK0306","OAK FOREST 0.6 N, IL US","(41.6155,-87.7507)",41.6155,-87.7507,199,254,3/29/2018,12/30/2018,0,0,0,0,0,0,0,0,0,0,254,0,0,192,76,0,0,0,0,0,0,0,0,0,0,1,0,0,0,0,0,0,0,0,0,0,0,0,0,0,0,0,0,0,0,0,0,0,0,0,0,0,5617,"17","031","824602","1","170318246021","Block Group 1","G5030","S",906829,0,"+41.6137806","-087.7495014"
113,114,"US1ILCK0262","MIDLOTHIAN 0.6 SW, IL US","(41.6215,-87.7331)",41.6215,-87.7331,192,309,4/24/2015,6/14/2017,0,0,0,0,0,0,0,0,0,0,309,0,0,4,0,0,0,0,0,0,0,0,0,0,0,0,0,0,0,0,0,0,0,0,0,0,0,0,0,0,0,0,0,0,0,0,0,0,0,0,0,0,5631,"17","031","824602","3","170318246023","Block Group 3","G5030","S",666668,0,"+41.6216228","-087.7322528"
114,115,"US1ILCK0266","MIDLOTHIAN 0.2 SW, IL US","(41.6238,-87.727)",41.6238,-87.727,190,364,5/8/2015,8/11/2017,0,0,0,0,0,0,0,0,0,0,364,0,0,0,0,0,0,0,0,0,0,0,0,0,0,0,0,0,0,0,0,0,0,0,0,0,0,0,0,0,0,0,0,0,0,0,0,0,0,0,0,0,5633,"17","031","824701","1","170318247011","Block Group 1","G5030","S",746643,0,"+41.6253342","-087.7218787"
235,236,"US1ILWL0119","HOMER GLEN 1.6 NW, IL US","(41.6241,-87.9553)",41.6241,-87.9553,218,1378,4/20/2014,12/28/2018,0,0,0,0,0,0,0,0,0,0,1378,0,0,850,1,0,0,0,0,0,0,0,0,0,0,0,0,0,0,0,0,0,0,0,0,0,0,0,0,0,0,0,0,0,0,0,0,0,0,0,0,0,450,"17","197","881002","1","171978810021","Block Group 1","G5030","S",530565,0,"+41.6251343","-087.9543820"
107,108,"US1ILCK0249","MIDLOTHIAN 0.2 SSE, IL US","(41.6243,-87.7233)",41.6243,-87.7233,189,282,11/7/2014,11/20/2015,0,0,0,0,0,0,0,0,0,0,282,0,0,172,0,0,0,0,0,0,0,0,0,0,0,0,0,0,0,0,0,0,0,0,0,0,0,0,0,0,0,0,0,0,0,0,0,0,0,0,0,0,5633,"17","031","824701","1","170318247011","Block Group 1","G5030","S",746643,0,"+41.6253342","-087.7218787"
112,113,"US1ILCK0261","MIDLOTHIAN 0.3 WSW, IL US","(41.6248,-87.7307)",41.6248,-87.7307,192,137,4/20/2015,8/21/2018,0,0,0,0,0,0,0,0,0,0,137,0,0,14,0,0,0,0,0,0,0,0,0,0,0,0,0,0,0,0,0,0,0,0,0,0,0,0,0,0,0,0,0,0,0,0,0,0,0,0,0,0,5631,"17","031","824602","3","170318246023","Block Group 3","G5030","S",666668,0,"+41.6216228","-087.7322528"
109,110,"US1ILCK0253","MIDLOTHIAN 0.1 SSE, IL US","(41.625,-87.7234)",41.625,-87.7234,189,1262,2/26/2015,12/27/2018,0,0,0,0,0,0,0,0,0,0,1262,0,0,768,3,0,0,0,0,0,0,0,0,0,3,8,0,0,0,0,0,0,0,0,0,0,0,0,0,0,0,0,0,0,0,0,0,0,0,0,0,0,5633,"17","031","824701","1","170318247011","Block Group 1","G5030","S",746643,0,"+41.6253342","-087.7218787"
207,208,"US1ILWL0016","HOMER GLEN 0.8 ENE, IL US","(41.6274,-87.9281)",41.6274,-87.9281,226,3851,3/13/2007,12/28/2018,0,0,0,0,0,0,0,0,0,0,3849,0,0,2613,378,0,0,0,0,0,0,0,0,0,0,5,0,0,0,0,0,0,0,0,0,0,0,0,0,0,0,0,0,0,0,0,0,0,0,0,0,0,2882,"17","197","881011","2","171978810112","Block Group 2","G5030","S",1576160,0,"+41.6222390","-087.9249082"
108,109,"US1ILCK0250","MIDLOTHIAN 0.2 NNE, IL US","(41.6294,-87.7231)",41.6294,-87.7231,188,132,12/10/2014,8/18/2016,0,0,0,0,0,0,0,0,0,0,132,0,0,63,0,0,0,0,0,0,0,0,0,0,0,0,0,0,0,0,0,0,0,0,0,0,0,0,0,0,0,0,0,0,0,0,0,0,0,0,0,0,5634,"17","031","824701","2","170318247012","Block Group 2","G5030","S",414334,0,"+41.6309780","-087.7216042"
211,212,"US1ILWL0036","HOMER GLEN 3.9 WNW, IL US","(41.6375,-88.0029)",41.6375,-88.0029,217,2217,1/4/2008,8/19/2015,0,0,0,0,0,0,0,0,0,0,2217,0,0,2158,1872,0,0,0,0,0,0,0,0,0,1,5,0,0,0,0,0,0,0,0,0,0,0,0,0,0,0,0,0,0,0,0,0,0,0,0,0,0,3105,"17","197","881001","2","171978810012","Block Group 2","G5030","S",6517123,0,"+41.6345631","-088.0040077"
212,213,"US1ILWL0039","HOMER GLEN 1.4 NNW, IL US","(41.6385,-87.9399)",41.6385,-87.9399,209,330,4/30/2008,10/2/2010,0,0,0,0,0,0,0,0,0,0,329,0,0,228,1,0,0,0,0,0,0,0,0,0,1,0,0,0,0,0,0,0,0,0,0,0,0,0,0,0,0,0,0,0,0,0,0,0,0,0,0,0,3031,"17","197","881005","3","171978810053","Block Group 3","G5030","S",1370143,0,"+41.6362847","-087.9363976"
225,226,"US1ILWL0082","ORLAND PARK 4.6 WNW, IL US","(41.6433,-87.9281)",41.6433,-87.9281,209,1232,4/8/2011,1/3/2015,0,0,0,0,0,0,0,0,0,0,1230,0,0,798,50,0,0,0,0,0,0,0,0,0,28,54,0,0,0,0,0,0,0,0,0,0,0,0,0,0,0,0,0,0,0,0,0,0,0,0,0,0,1769,"17","197","881006","1","171978810061","Block Group 1","G5030","S",1239337,0,"+41.6403039","-087.9216049"
16,17,"US1ILCK0050","PALOS PARK 1.3 SW, IL US","(41.6528,-87.8631)",41.6528,-87.8631,214,2575,3/18/2007,12/30/2018,0,0,0,0,0,0,0,0,0,0,2574,0,0,1800,467,0,0,0,0,0,0,0,0,0,1,1,0,0,0,0,0,0,0,0,0,0,0,0,0,0,0,0,0,0,0,0,0,0,0,0,0,0,4753,"17","031","823801","2","170318238012","Block Group 2","G5030","S",1343929,0,"+41.6557843","-087.8639526"
238,239,"US1ILWL0135","PLAINFIELD 3.2 NNE, IL US","(41.657,-88.1768)",41.657,-88.1768,190,180,9/23/2016,5/18/2018,0,0,0,0,0,0,0,0,0,0,180,0,0,133,0,0,0,0,0,0,0,0,0,0,0,0,0,0,0,0,0,0,0,0,0,0,0,0,0,0,0,0,0,0,0,0,0,0,0,0,0,0,1919,"17","197","880308","2","171978803082","Block Group 2","G5030","S",17497653,657721,"+41.6618541","-088.1708951"
57,58,"US1ILCK0132","PALOS PARK 1.7 WSW, IL US","(41.6585,-87.8759)",41.6585,-87.8759,219,464,2/20/2009,4/28/2016,0,0,0,0,0,0,0,0,0,0,464,0,0,337,48,0,0,0,0,0,0,0,0,0,40,60,0,0,0,0,0,0,0,0,0,0,0,0,0,0,0,0,0,0,0,0,0,0,0,0,0,0,1685,"17","031","823801","1","170318238011","Block Group 1","G5030","S",9715816,953270,"+41.6584733","-087.8905617"
36,37,"US1ILCK0082","BURNHAM HEGEWISCH 1.6 NNW, IL US","(41.6598,-87.5529)",41.6598,-87.5529,178,3160,9/6/2007,6/22/2018,0,0,0,0,0,0,0,0,0,0,3159,0,0,2240,104,0,0,0,0,0,0,0,0,0,37,98,0,0,0,0,0,0,0,0,0,0,0,0,0,0,0,0,0,0,0,0,0,0,0,0,0,0,1708,"17","031","550200","1","170315502001","Block Group 1","G5030","S",630125,0,"+41.6633705","-087.5553085"
106,107,"US1ILCK0246","LEMONT 0.4 S, IL US","(41.6641,-87.9913)",41.6641,-87.9913,214,147,10/3/2014,10/15/2018,0,0,0,0,0,0,0,0,0,0,147,0,0,7,0,0,0,0,0,0,0,0,0,0,0,0,0,0,0,0,0,0,0,0,0,0,0,0,0,0,0,0,0,0,0,0,0,0,0,0,0,0,6947,"17","031","824003","1","170318240031","Block Group 1","G5030","S",2246222,0,"+41.6629825","-087.9887573"
68,69,"US1ILCK0153","ALSIP 0.2 E, IL US","(41.6703,-87.7312)",41.6703,-87.7312,183,3107,10/25/2009,10/19/2018,0,0,0,0,0,0,0,0,0,0,3107,0,0,1019,12,0,0,0,0,0,0,0,0,0,6,2,0,0,0,0,0,0,0,0,0,0,0,0,0,0,0,0,0,0,0,0,0,0,0,0,0,0,5258,"17","031","823302","1","170318233021","Block Group 1","G5030","S",1243589,0,"+41.6687851","-087.7290482"
51,52,"US1ILCK0116","BLUE ISLAND 1.1 NNW, IL US","(41.673,-87.6887)",41.673,-87.6887,197,460,7/7/2008,10/26/2011,0,0,0,0,0,0,0,0,0,0,460,0,0,288,2,0,0,0,0,0,0,0,0,0,1,3,0,0,0,0,0,0,0,0,0,0,0,0,0,0,0,0,0,0,0,0,0,0,0,0,0,0,5390,"17","031","823400","4","170318234004","Block Group 4","G5030","S",4207017,0,"+41.6657597","-087.6986891"
77,78,"US1ILCK0173","PALOS PARK 3.6 WNW, IL US","(41.6768,-87.9114)",41.6768,-87.9114,218,2202,11/21/2010,12/29/2018,0,0,0,0,0,0,0,0,0,0,2201,0,0,1495,228,0,0,0,0,0,0,0,0,0,1,2,0,0,0,0,0,0,0,0,0,0,0,0,0,0,0,0,0,0,0,0,0,0,0,0,0,0,1685,"17","031","823801","1","170318238011","Block Group 1","G5030","S",9715816,953270,"+41.6584733","-087.8905617"
69,70,"US1ILCK0154","WORTH 0.1 E, IL US","(41.6874,-87.7911)",41.6874,-87.7911,186,3273,11/3/2009,12/30/2018,0,0,0,0,0,0,0,0,0,0,3273,0,0,2330,1070,0,0,0,0,0,0,0,0,0,411,1022,0,0,0,0,0,0,0,0,0,0,0,0,0,0,0,0,0,0,0,0,0,0,0,0,0,0,5208,"17","031","823101","4","170318231014","Block Group 4","G5030","S",457936,0,"+41.6891402","-087.7929722"
210,211,"US1ILWL0031","BOLINGBROOK 3.5 W, IL US","(41.6935,-88.1444)",41.6935,-88.1444,199,1082,10/3/2007,9/24/2010,0,0,0,0,0,0,0,0,0,0,1082,0,0,860,260,0,0,0,0,0,0,0,0,0,0,1,0,0,0,0,0,0,0,0,0,0,0,0,0,0,0,0,0,0,0,0,0,0,0,0,0,0,3181,"17","197","880120","2","171978801202","Block Group 2","G5030","S",2218543,0,"+41.6886974","-088.1382279"
63,64,"US1ILCK0148","OAK LAWN 1.9 SE, IL US","(41.6936,-87.729)",41.6936,-87.729,182,2115,10/26/2009,12/27/2018,0,0,0,0,0,0,0,0,0,0,2115,0,0,1127,4,0,0,0,0,0,0,0,0,0,0,1,0,0,0,0,0,0,0,0,0,0,0,0,0,0,0,0,0,0,0,0,0,0,0,0,0,0,5114,"17","031","822802","3","170318228023","Block Group 3","G5030","S",350826,0,"+41.6932240","-087.7250042"
71,72,"US1ILCK0158","MERRIONETTE PARK 1.2 NNW, IL US","(41.6961,-87.7087)",41.6961,-87.7087,189,438,11/15/2009,7/24/2012,0,0,0,0,0,0,0,0,0,0,438,0,0,248,2,0,0,0,0,0,0,0,0,0,0,1,0,0,0,0,0,0,0,0,0,0,0,0,0,0,0,0,0,0,0,0,0,0,0,0,0,0,7509,"17","031","740300","4","170317403004","Block Group 4","G5030","S",204413,0,"+41.6969042","-087.7101985"
233,234,"US1ILWL0112","BOLINGBROOK 0.5 ESE, IL US","(41.6963,-88.0688)",41.6963,-88.0688,217,102,3/31/2014,7/23/2014,0,0,0,0,0,0,0,0,0,0,102,0,0,69,35,0,0,0,0,0,0,0,0,0,34,34,0,0,0,0,0,0,0,0,0,0,0,0,0,0,0,0,0,0,0,0,0,0,0,0,0,0,6397,"17","197","880115","1","171978801151","Block Group 1","G5030","S",684649,0,"+41.6943058","-088.0736325"
75,76,"US1ILCK0171","OAK LAWN 1.7 SE, IL US","(41.701,-87.7247)",41.701,-87.7247,188,155,9/22/2010,8/3/2011,0,0,0,0,0,0,0,0,0,0,155,0,0,97,0,0,0,0,0,0,0,0,0,0,0,0,0,0,0,0,0,0,0,0,0,0,0,0,0,0,0,0,0,0,0,0,0,0,0,0,0,0,5112,"17","031","822802","1","170318228021","Block Group 1","G5030","S",553848,0,"+41.7001189","-087.7320809"
67,68,"US1ILCK0152","CHICAGO RIDGE 0.2 WSW, IL US","(41.7018,-87.782)",41.7018,-87.782,182,3073,10/25/2009,12/30/2018,0,0,0,0,0,0,0,0,0,0,3073,0,0,2330,1420,0,0,0,0,0,0,0,0,0,119,380,0,0,0,0,0,0,0,0,0,0,0,0,0,0,0,0,0,0,0,0,0,0,0,0,0,0,5152,"17","031","823001","4","170318230014","Block Group 4","G5030","S",258178,0,"+41.6999270","-087.7819230"
216,217,"US1ILWL0053","BOLINGBROOK 0.9 WNW, IL US","(41.7039,-88.0937)",41.7039,-88.0937,219,394,11/18/2009,1/11/2012,0,0,0,0,0,0,0,0,0,0,394,0,0,281,76,0,0,0,0,0,0,0,0,0,0,0,0,0,0,0,0,0,0,0,0,0,0,0,0,0,0,0,0,0,0,0,0,0,0,0,0,0,1866,"17","197","880106","1","171978801061","Block Group 1","G5030","S",408683,4551,"+41.7036713","-088.0914347"
226,227,"US1ILWL0092","NAPERVILLE 4.0 SSW, IL US","(41.7062,-88.1734)",41.7062,-88.1734,203,2323,3/20/2012,12/30/2018,0,0,0,0,0,0,0,0,0,0,2323,0,0,1513,66,0,0,0,0,0,0,0,0,0,33,32,0,0,0,0,0,0,0,0,0,0,0,0,0,0,0,0,0,0,0,0,0,0,0,0,0,0,2765,"17","197","880305","2","171978803052","Block Group 2","G5030","S",831691,0,"+41.7079019","-088.1764672"
64,65,"US1ILCK0149","OAK LAWN 0.5 SSW, IL US","(41.7084,-87.7539)",41.7084,-87.7539,182,2889,11/1/2009,12/30/2018,0,0,0,0,0,0,0,0,0,0,2885,0,0,1957,485,0,0,0,0,0,0,0,0,0,264,462,0,0,0,0,0,0,0,0,0,0,0,0,0,0,0,0,0,0,0,0,0,0,0,0,0,0,5475,"17","031","822601","2","170318226012","Block Group 2","G5030","S",649644,0,"+41.7089279","-087.7550324"
291,292,"USC00115110","LITTLE RED SCHOOL HOUSE, IL US","(41.7091,-87.8761)",41.7091,-87.8761,218,4678,1/1/2006,12/30/2018,0,5,0,0,0,5,0,0,0,0,4662,0,0,4209,4206,0,0,0,2148,2154,2155,0,0,0,0,0,0,0,0,0,0,0,0,0,0,0,0,0,0,0,0,0,0,0,0,0,0,0,0,0,0,2147,6565,"17","031","823801","3","170318238013","Block Group 3","G5030","S",34080558,2798520,"+41.6976101","-087.8774509"
214,215,"US1ILWL0044","NAPERVILLE 3.6 SSW, IL US","(41.7146,-88.1807)",41.7146,-88.1807,208,1191,4/8/2008,6/7/2013,0,0,0,0,0,0,0,0,0,0,1191,0,0,763,0,0,0,0,0,0,0,0,0,0,2,4,0,0,0,0,0,0,0,0,0,0,0,0,0,0,0,0,0,0,0,0,0,0,0,0,0,0,2825,"17","197","880303","2","171978803032","Block Group 2","G5030","S",914376,0,"+41.7140543","-088.1802786"
50,51,"US1ILCK0108","BEVERLY 0.3 N, IL US","(41.7165,-87.671)",41.7165,-87.671,203,340,4/10/2008,6/9/2011,0,0,0,0,0,0,0,0,0,0,340,0,0,276,0,0,0,0,0,0,0,0,0,0,0,0,0,0,0,0,0,0,0,0,0,0,0,0,0,0,0,0,0,0,0,0,0,0,0,0,0,0,8852,"17","031","720200","3","170317202003","Block Group 3","G5030","S",905232,0,"+41.7125240","-087.6687302"
147,148,"US1ILDP0052","DARIEN 2.4 SSW, IL US","(41.7185,-87.9996)",41.7185,-87.9996,230,1127,4/23/2008,10/28/2013,0,0,0,0,0,0,0,0,0,0,1126,0,0,736,0,0,0,0,0,0,0,0,0,0,0,0,0,0,0,0,0,0,0,0,0,0,0,0,0,0,0,0,0,0,0,0,0,0,0,0,0,0,124,"17","043","845803","1","170438458031","Block Group 1","G5030","S",22104440,1423258,"+41.7038906","-087.9875371"
234,235,"US1ILWL0115","BOLINGBROOK 2.2 NE, IL US","(41.7235,-88.0482)",41.7235,-88.0482,227,104,4/24/2014,11/6/2014,0,0,0,0,0,0,0,0,0,0,104,0,0,59,0,0,0,0,0,0,0,0,0,0,0,0,0,0,0,0,0,0,0,0,0,0,0,0,0,0,0,0,0,0,0,0,0,0,0,0,0,0,1947,"17","197","880109","3","171978801093","Block Group 3","G5030","S",1120071,25132,"+41.7246861","-088.0424116"
240,241,"US1ILWL0137","NAPERVILLE 2.8 SSW, IL US","(41.7243,-88.1711)",41.7243,-88.1711,208,542,5/8/2017,12/30/2018,0,0,0,0,0,0,0,0,0,0,542,0,0,379,22,0,0,0,0,0,0,0,0,0,9,31,0,0,0,0,0,0,0,0,0,0,0,0,0,0,0,0,0,0,0,0,0,0,0,0,0,0,3082,"17","197","880303","1","171978803031","Block Group 1","G5030","S",1299423,0,"+41.7220183","-088.1775461"
94,95,"US1ILCK0211","OAK LAWN 1.6 WNW, IL US","(41.7269,-87.7777)",41.7269,-87.7777,188,1995,3/4/2013,12/30/2018,0,0,0,0,0,0,0,0,0,0,1994,0,0,1493,695,0,0,0,0,0,0,0,0,0,513,524,0,0,0,0,0,0,0,0,0,0,0,0,0,0,0,0,0,0,0,0,0,0,0,0,0,0,5437,"17","031","822301","4","170318223014","Block Group 4","G5030","S",482921,0,"+41.7279698","-087.7773589"
66,67,"US1ILCK0151","EVERGREEN PARK 0.5 NE, IL US","(41.7274,-87.6949)",41.7274,-87.6949,190,650,1/3/2009,8/18/2011,0,0,0,0,0,0,0,0,0,0,621,0,0,436,45,0,0,0,0,0,0,0,0,0,1,3,0,0,0,0,0,0,0,0,0,0,0,0,0,0,0,0,0,0,0,0,0,0,0,0,0,0,5203,"17","031","821600","3","170318216003","Block Group 3","G5030","S",249722,0,"+41.7271924","-087.6945969"
101,102,"US1ILCK0234","OAK LAWN 1.6 NW, IL US","(41.7284,-87.7762)",41.7284,-87.7762,188,431,3/15/2014,9/27/2018,0,0,0,0,0,0,0,0,0,0,431,0,0,10,7,0,0,0,0,0,0,0,0,0,0,0,0,0,0,0,0,0,0,0,0,0,0,0,0,0,0,0,0,0,0,0,0,0,0,0,0,0,5437,"17","031","822301","4","170318223014","Block Group 4","G5030","S",482921,0,"+41.7279698","-087.7773589"
3,4,"US1ILCK0011","OAK LAWN 1.6 NW, IL US","(41.7287,-87.7763)",41.7287,-87.7763,190,230,2/21/2007,12/9/2008,0,0,0,0,0,0,0,0,0,0,230,0,0,230,43,0,0,0,0,0,0,0,0,0,1,2,0,0,0,0,0,0,0,0,0,0,0,0,0,0,0,0,0,0,0,0,0,0,0,0,0,0,5437,"17","031","822301","4","170318223014","Block Group 4","G5030","S",482921,0,"+41.7279698","-087.7773589"
179,180,"US1ILDP0102","BOLINGBROOK 2.7 NE, IL US","(41.7302,-88.0448)",41.7302,-88.0448,234,1965,8/4/2011,12/27/2016,0,0,0,0,0,0,0,0,0,0,1965,0,0,1357,661,0,0,0,0,0,0,0,0,0,26,9,0,0,0,0,0,0,0,0,0,0,0,0,0,0,0,0,0,0,0,0,0,0,0,0,0,0,7806,"17","043","846311","1","170438463111","Block Group 1","G5030","S",492566,535,"+41.7322995","-088.0422858"
59,60,"US1ILCK0139","OAK LAWN 1.1 N, IL US","(41.7304,-87.7561)",41.7304,-87.7561,191,2279,4/26/2009,12/25/2018,0,0,0,0,0,0,0,0,0,0,2276,0,0,1743,1,0,0,0,0,0,0,0,0,0,1,1,0,0,0,0,0,0,0,0,0,0,0,0,0,0,0,0,0,0,0,0,0,0,0,0,0,0,5383,"17","031","822200","1","170318222001","Block Group 1","G5030","S",580863,0,"+41.7306740","-087.7562760"
165,166,"US1ILDP0079","BURR RIDGE 1.9 SW, IL US","(41.7319,-87.9486)",41.7319,-87.9486,221,3347,5/26/2009,12/30/2018,0,0,0,0,0,0,0,0,0,0,3347,0,0,2535,1374,0,0,0,0,0,0,0,0,0,6,5,0,0,0,0,0,0,0,0,0,0,0,0,0,0,0,0,0,0,0,0,0,0,0,0,0,0,6837,"17","043","845805","1","170438458051","Block Group 1","G5030","S",1437392,35893,"+41.7341566","-087.9508611"
193,194,"US1ILDP0140","NAPERVILLE 3.0 SE, IL US","(41.7349,-88.1085)",41.7349,-88.1085,220,173,6/3/2016,7/22/2018,0,0,0,0,0,0,0,0,0,0,173,0,0,33,0,0,0,0,0,0,0,0,0,0,0,0,0,0,0,0,0,0,0,0,0,0,0,0,0,0,0,0,0,0,0,0,0,0,0,0,0,0,4796,"17","043","846201","2","170438462012","Block Group 2","G5030","S",615313,0,"+41.7354746","-088.1082825"
286,287,"USC00111577","CHICAGO MIDWAY AIRPORT 3 SW, IL US","(41.7372,-87.7775)",41.7372,-87.7775,189,4747,1/1/2006,12/30/2018,0,0,0,0,0,0,0,0,0,0,4737,0,0,4624,4619,0,0,0,4743,4742,4747,0,0,0,13,0,0,0,0,831,0,561,59,17,56,0,0,0,0,41,0,0,0,0,0,0,0,0,0,0,0,4740,5068,"17","031","821002","4","170318210024","Block Group 4","G5030","S",447201,0,"+41.7381760","-087.7762061"
164,165,"US1ILDP0078","NAPERVILLE 2.4 SE, IL US","(41.7418,-88.1162)",41.7418,-88.1162,216,1304,9/1/2009,12/30/2018,0,0,0,0,0,0,0,0,0,0,1304,0,0,1038,170,0,0,0,0,0,0,0,0,0,30,28,0,0,0,0,0,0,0,0,0,0,0,0,0,0,0,0,0,0,0,0,0,0,0,0,0,0,4795,"17","043","846203","1","170438462031","Block Group 1","G5030","S",1366758,395,"+41.7474475","-088.1081416"
128,129,"US1ILDP0020","NAPERVILLE 3.2 ESE, IL US","(41.7423,-88.0982)",41.7423,-88.0982,241,2090,2/24/2007,2/10/2013,0,0,0,0,0,0,0,0,0,0,2088,0,0,1655,224,0,0,0,0,0,0,0,0,0,1,7,0,0,0,0,0,0,0,0,0,0,0,0,0,0,0,0,0,0,0,0,0,0,0,0,0,0,4238,"17","043","846304","5","170438463045","Block Group 5","G5030","S",739566,0,"+41.7440873","-088.0993213"
187,188,"US1ILDP0118","DARIEN 0.4 SSE, IL US","(41.7431,-87.9746)",41.7431,-87.9746,229,1886,10/31/2013,12/29/2018,0,0,0,0,0,0,0,0,0,0,1886,0,0,1227,320,0,0,0,0,0,0,0,0,0,0,4,0,0,0,0,0,0,0,0,0,0,0,0,0,0,0,0,0,0,0,0,0,0,0,0,0,0,4576,"17","043","845807","5","170438458075","Block Group 5","G5030","S",991279,18168,"+41.7378957","-087.9763079"
145,146,"US1ILDP0049","NAPERVILLE 2.5 ESE, IL US","(41.7461,-88.1114)",41.7461,-88.1114,223,519,10/18/2007,11/26/2018,0,0,0,0,0,0,0,0,0,0,510,0,0,263,31,0,0,0,0,0,0,0,0,0,0,1,0,0,0,0,0,0,0,0,0,0,0,0,0,0,0,0,0,0,0,0,0,0,0,0,0,0,4795,"17","043","846203","1","170438462031","Block Group 1","G5030","S",1366758,395,"+41.7474475","-088.1081416"
110,111,"US1ILCK0254","BURR RIDGE 1.2 ESE, IL US","(41.7473,-87.8974)",41.7473,-87.8974,201,109,3/22/2015,10/15/2017,0,0,0,0,0,0,0,0,0,0,101,0,0,13,7,0,0,0,0,0,0,0,0,0,0,0,0,0,0,0,0,0,0,0,0,0,0,0,0,0,0,0,0,0,0,0,0,0,0,0,0,0,3365,"17","031","820201","2","170318202012","Block Group 2","G5030","S",3677958,0,"+41.7529547","-087.9008271"
191,192,"US1ILDP0135","DOWNERS GROVE 3.1 SSE, IL US","(41.7533,-88.0021)",41.7533,-88.0021,237,396,12/28/2015,2/13/2017,0,0,0,0,0,0,0,0,0,0,396,0,0,59,6,0,0,0,0,0,0,0,0,0,1,3,0,0,0,0,0,0,0,0,0,0,0,0,0,0,0,0,0,0,0,0,0,0,0,0,0,0,7964,"17","043","845704","2","170438457042","Block Group 2","G5030","S",808691,8712,"+41.7548851","-088.0053880"
4,5,"US1ILCK0012","BRIDGEVIEW 1.3 NNW, IL US","(41.755,-87.8173)",41.755,-87.8173,188,4290,12/19/2006,12/30/2018,0,0,0,0,0,0,0,0,0,0,4289,0,0,2845,864,0,0,0,0,0,0,0,0,0,134,277,0,0,0,0,0,0,0,0,0,0,0,0,0,0,0,0,0,0,0,0,0,0,0,0,0,0,848,"17","031","820501","3","170318205013","Block Group 3","G5030","S",327924,0,"+41.7532114","-087.8169249"
173,174,"US1ILDP0093","DARIEN 1.4 ENE, IL US","(41.7558,-87.9507)",41.7558,-87.9507,220,344,7/16/2010,12/14/2015,0,0,0,0,0,0,0,0,0,0,343,0,0,125,0,0,0,0,0,0,0,0,0,0,0,1,0,0,0,0,0,0,0,0,0,0,0,0,0,0,0,0,0,0,0,0,0,0,0,0,0,0,7105,"17","043","845811","2","170438458112","Block Group 2","G5030","S",1720383,11941,"+41.7501902","-087.9499215"
132,133,"US1ILDP0027","NAPERVILLE 2.1 ESE, IL US","(41.7564,-88.1135)",41.7564,-88.1135,224,3908,3/9/2007,12/30/2018,0,0,0,0,0,0,0,0,0,0,3908,0,0,2673,18,0,0,0,0,0,0,0,0,0,0,1,0,0,0,0,0,0,0,0,0,0,0,0,0,0,0,0,0,0,0,0,0,0,0,0,0,0,8058,"17","043","846202","2","170438462022","Block Group 2","G5030","S",1139097,8346,"+41.7606664","-088.1077937"
144,145,"US1ILDP0048","NAPERVILLE 1.9 W, IL US","(41.7578,-88.191)",41.7578,-88.191,215,212,1/8/2009,10/23/2009,0,0,0,0,0,0,0,0,0,0,212,0,0,114,8,0,0,0,0,0,0,0,0,0,7,9,0,0,0,0,0,0,0,0,0,0,0,0,0,0,0,0,0,0,0,0,0,0,0,0,0,0,9415,"17","043","846522","1","170438465221","Block Group 1","G5030","S",575114,0,"+41.7551482","-088.1922546"
181,182,"US1ILDP0106","DARIEN 0.9 NNE, IL US","(41.7621,-87.9707)",41.7621,-87.9707,228,569,3/12/2012,5/5/2016,0,0,0,0,0,0,0,0,0,0,569,0,0,335,0,0,0,0,0,0,0,0,0,0,0,0,0,0,0,0,0,0,0,0,0,0,0,0,0,0,0,0,0,0,0,0,0,0,0,0,0,0,9513,"17","043","845507","1","170438455071","Block Group 1","G5030","S",1106288,3905,"+41.7638120","-087.9660858"
146,147,"US1ILDP0051","DARIEN 1.2 NE, IL US","(41.7621,-87.9616)",41.7621,-87.9616,231,336,2/2/2008,12/22/2009,0,0,0,0,0,0,0,0,0,0,336,0,0,251,4,0,0,0,0,0,0,0,0,0,1,11,0,0,0,0,0,0,0,0,0,0,0,0,0,0,0,0,0,0,0,0,0,0,0,0,0,0,9513,"17","043","845507","1","170438455071","Block Group 1","G5030","S",1106288,3905,"+41.7638120","-087.9660858"
162,163,"US1ILDP0076","WOODRIDGE 1.7 NNE, IL US","(41.7623,-88.0347)",41.7623,-88.0347,230,664,4/10/2009,12/2/2012,0,0,0,0,0,0,0,0,0,0,664,0,0,342,6,0,0,0,0,0,0,0,0,0,2,2,0,0,0,0,0,0,0,0,0,0,0,0,0,0,0,0,0,0,0,0,0,0,0,0,0,0,7896,"17","043","846307","2","170438463072","Block Group 2","G5030","S",1662314,3466,"+41.7598228","-088.0331765"
160,161,"US1ILDP0074","NAPERVILLE 1.9 ENE, IL US","(41.7682,-88.1174)",41.7682,-88.1174,228,1486,3/7/2009,6/29/2013,0,0,0,0,0,0,0,0,0,0,1486,0,0,980,179,0,0,0,0,0,0,0,0,0,0,1,0,0,0,0,0,0,0,0,0,0,0,0,0,0,0,0,0,0,0,0,0,0,0,0,0,0,4792,"17","043","846205","1","170438462051","Block Group 1","G5030","S",604199,8153,"+41.7669038","-088.1168997"
141,142,"US1ILDP0043","NAPERVILLE 0.9 ENE, IL US","(41.7689,-88.1399)",41.7689,-88.1399,213,176,7/28/2007,7/12/2008,0,0,0,0,0,0,0,0,0,0,176,0,0,176,24,0,0,0,0,0,0,0,0,0,0,0,0,0,0,0,0,0,0,0,0,0,0,0,0,0,0,0,0,0,0,0,0,0,0,0,0,0,4885,"17","043","846209","2","170438462092","Block Group 2","G5030","S",1165582,10218,"+41.7685350","-088.1376865"
127,128,"US1ILDP0018","DOWNERS GROVE 2.1 SE, IL US","(41.7716,-87.994)",41.7716,-87.994,233,2486,2/25/2007,8/22/2014,0,0,0,0,0,0,0,0,0,0,2482,0,0,1874,192,0,0,0,0,0,0,0,0,0,17,175,0,0,0,0,0,0,0,0,0,0,0,0,0,0,0,0,0,0,0,0,0,0,0,0,0,0,7962,"17","043","845702","3","170438457023","Block Group 3","G5030","S",1013075,36,"+41.7646963","-087.9966244"
161,162,"US1ILDP0075","NAPERVILLE 1.1 NW, IL US","(41.7729,-88.1713)",41.7729,-88.1713,211,2461,4/1/2009,12/30/2018,0,0,0,0,0,0,0,0,0,0,2247,0,0,1519,600,0,0,0,0,0,0,0,0,0,0,0,0,0,0,0,0,0,0,0,0,0,0,0,0,0,0,0,0,0,0,0,0,0,0,0,0,0,790,"17","043","846504","3","170438465043","Block Group 3","G5030","S",942377,20566,"+41.7741775","-088.1681015"
125,126,"US1ILDP0014","WESTMONT 1.2 SSE, IL US","(41.7811,-87.9641)",41.7811,-87.9641,229,2547,11/1/2007,1/20/2015,0,0,0,0,0,0,0,0,0,0,2547,0,0,1799,0,0,0,0,0,0,0,0,0,0,0,0,0,0,0,0,0,0,0,0,0,0,0,0,0,0,0,0,0,0,0,0,0,0,0,0,0,0,7929,"17","043","845509","1","170438455091","Block Group 1","G5030","S",966212,9174,"+41.7774605","-087.9669410"
136,137,"US1ILDP0032","LISLE 1.3 SE, IL US","(41.7814,-88.0674)",41.7814,-88.0674,225,4137,4/1/2007,12/30/2018,0,0,0,0,0,0,0,0,0,0,4137,0,0,3105,529,0,0,0,0,0,0,0,0,0,428,1128,0,0,0,0,0,0,0,0,0,0,0,0,0,0,0,0,0,0,0,0,0,0,0,0,0,0,7801,"17","043","846315","1","170438463151","Block Group 1","G5030","S",1061369,0,"+41.7823133","-088.0670344"
40,41,"US1ILCK0088","COUNTRYSIDE 0.8 ENE, IL US","(41.7823,-87.8622)",41.7823,-87.8622,199,3178,3/18/2008,12/30/2018,0,0,0,0,0,0,0,0,0,0,3176,0,0,2012,411,0,0,0,0,0,0,0,0,0,16,21,0,0,0,0,0,0,0,0,0,0,0,0,0,0,0,0,0,0,0,0,0,0,0,0,0,0,3313,"17","031","820104","1","170318201041","Block Group 1","G5030","S",399059,0,"+41.7827248","-087.8642152"
192,193,"US1ILDP0139","WESTMONT 1.1 SSW, IL US","(41.7825,-87.985)",41.7825,-87.985,230,840,5/25/2016,12/23/2018,0,0,0,0,0,0,0,0,0,0,839,0,0,551,2,0,0,0,0,0,0,0,0,0,0,0,0,0,0,0,0,0,0,0,0,0,0,0,0,0,0,0,0,0,0,0,0,0,0,0,0,0,7955,"17","043","845602","2","170438456022","Block Group 2","G5030","S",1170794,44610,"+41.7840888","-087.9904662"
196,197,"US1ILDP0145","LISLE 0.8 SW, IL US","(41.783,-88.0972)",41.783,-88.0972,225,426,1/24/2017,12/24/2018,0,0,0,0,0,0,0,0,0,0,426,0,0,263,1,0,0,0,0,0,0,0,0,0,1,0,0,0,0,0,0,0,0,0,0,0,0,0,0,0,0,0,0,0,0,0,0,0,0,0,0,0,8056,"17","043","846104","1","170438461041","Block Group 1","G5030","S",1262285,4165,"+41.7891208","-088.0949811"
176,177,"US1ILDP0098","DOWNERS GROVE 0.9 S, IL US","(41.784,-88.0168)",41.784,-88.0168,230,1795,6/20/2010,11/11/2018,0,0,0,0,0,0,0,0,0,0,1794,0,0,1113,0,0,0,0,0,0,0,0,0,0,0,3,0,0,0,0,0,0,0,0,0,0,0,0,0,0,0,0,0,0,0,0,0,0,0,0,0,0,9591,"17","043","845702","1","170438457021","Block Group 1","G5030","S",668121,1642,"+41.7856409","-088.0125927"
301,302,"USW00014819","CHICAGO MIDWAY AIRPORT, IL US","(41.78611,-87.75222)",41.78611,-87.75222,186,4714,1/1/2006,12/29/2018,4707,0,0,0,0,0,0,0,0,4713,4709,0,0,97,97,0,0,0,4714,4714,0,4713,4713,0,0,0,4713,4713,0,1313,86,384,0,8,0,0,904,0,1,0,0,0,0,0,0,0,0,0,0,0,0,4714,9453,"17","031","980100","1","170319801001","Block Group 1","G5030","S",2981781,0,"+41.7859813","-087.7509001"
131,132,"US1ILDP0025","DOWNERS GROVE 0.7 S, IL US","(41.7871,-88.0152)",41.7871,-88.0152,229,681,2/23/2007,11/26/2009,0,0,0,0,0,0,0,0,0,0,681,0,0,609,116,0,0,0,0,0,0,0,0,0,0,1,0,0,0,0,0,0,0,0,0,0,0,0,0,0,0,0,0,0,0,0,0,0,0,0,0,0,9591,"17","043","845702","1","170438457021","Block Group 1","G5030","S",668121,1642,"+41.7856409","-088.0125927"
135,136,"US1ILDP0030","LISLE 0.5 WSW, IL US","(41.79,-88.0979)",41.79,-88.0979,224,2057,3/27/2007,11/6/2018,0,0,0,0,0,0,0,0,0,0,2054,0,0,1257,200,0,0,0,0,0,0,0,0,0,2,1,0,0,0,0,0,0,0,0,0,0,0,0,0,0,0,0,0,0,0,0,0,0,0,0,0,0,8056,"17","043","846104","1","170438461041","Block Group 1","G5030","S",1262285,4165,"+41.7891208","-088.0949811"
172,173,"US1ILDP0091","CLARENDON HILLS 0.6 S, IL US","(41.7905,-87.9587)",41.7905,-87.9587,224,100,5/4/2010,10/15/2017,0,0,0,0,0,0,0,0,0,0,100,0,0,67,1,0,0,0,0,0,0,0,0,0,0,0,0,0,0,0,0,0,0,0,0,0,0,0,0,0,0,0,0,0,0,0,0,0,0,0,0,0,7796,"17","043","845100","4","170438451004","Block Group 4","G5030","S",758487,0,"+41.7925458","-087.9598869"
130,131,"US1ILDP0024","LISLE 0.6 W, IL US","(41.7918,-88.0994)",41.7918,-88.0994,223,1022,5/5/2007,9/16/2010,0,0,0,0,0,0,0,0,0,0,1022,0,0,847,4,0,0,0,0,0,0,0,0,0,1,43,0,0,0,0,0,0,0,0,0,0,0,0,0,0,0,0,0,0,0,0,0,0,0,0,0,0,8056,"17","043","846104","1","170438461041","Block Group 1","G5030","S",1262285,4165,"+41.7891208","-088.0949811"
169,170,"US1ILDP0086","LISLE 0.5 W, IL US","(41.792,-88.0967)",41.792,-88.0967,216,1748,10/12/2009,12/16/2018,0,0,0,0,0,0,0,0,0,0,1748,0,0,1013,52,0,0,0,0,0,0,0,0,0,30,42,0,0,0,0,0,0,0,0,0,0,0,0,0,0,0,0,0,0,0,0,0,0,0,0,0,0,8056,"17","043","846104","1","170438461041","Block Group 1","G5030","S",1262285,4165,"+41.7891208","-088.0949811"
43,44,"US1ILCK0095","COUNTRYSIDE 1.3 NNE, IL US","(41.7937,-87.8649)",41.7937,-87.8649,199,2288,3/18/2008,8/19/2014,0,0,0,0,0,0,0,0,0,0,2288,0,0,1606,25,0,0,0,0,0,0,0,0,0,0,0,0,0,0,0,0,0,0,0,0,0,0,0,0,0,0,0,0,0,0,0,0,0,0,0,0,0,3309,"17","031","820103","1","170318201031","Block Group 1","G5030","S",624204,0,"+41.7955915","-087.8622555"
189,190,"US1ILDP0128","NAPERVILLE 3.7 NW, IL US","(41.7943,-88.2112)",41.7943,-88.2112,217,220,2/17/2015,3/10/2016,0,0,0,0,0,0,0,0,0,0,218,0,0,153,27,0,0,0,0,0,0,0,0,0,2,4,0,0,0,0,0,0,0,0,0,0,0,0,0,0,0,0,0,0,0,0,0,0,0,0,0,0,4544,"17","043","846410","2","170438464102","Block Group 2","G5030","S",815156,6902,"+41.7919577","-088.2128052"
288,289,"USC00114816","LA GRANGE, IL US","(41.79528,-87.87083)",41.79528,-87.87083,201,2716,1/1/2006,7/5/2013,0,0,0,0,0,0,0,0,0,0,2709,0,0,2713,2710,0,0,0,0,0,0,0,0,0,73,0,0,0,0,94,0,275,29,2,17,0,0,0,0,17,0,0,0,0,0,0,0,0,0,0,0,0,3311,"17","031","820103","3","170318201033","Block Group 3","G5030","S",436298,0,"+41.7952657","-087.8691573"
5,6,"US1ILCK0014","CHICAGO 5.5 ESE, IL US","(41.8008,-87.5903)",41.8008,-87.5903,183,4163,1/15/2007,12/30/2018,0,0,0,0,0,0,0,0,0,0,4163,0,0,3398,1757,0,0,0,0,0,0,0,0,0,3,8,0,0,0,0,0,0,0,0,0,0,0,0,0,0,0,0,0,0,0,0,0,0,0,0,0,0,2623,"17","031","410800","1","170314108001","Block Group 1","G5030","S",120686,0,"+41.7995288","-087.5895530"
152,153,"US1ILDP0062","LISLE 0.7 N, IL US","(41.8022,-88.0869)",41.8022,-88.0869,221,258,3/17/2008,12/8/2008,0,0,0,0,0,0,0,0,0,0,258,0,0,250,15,0,0,0,0,0,0,0,0,0,3,6,0,0,0,0,0,0,0,0,0,0,0,0,0,0,0,0,0,0,0,0,0,0,0,0,0,0,8016,"17","043","846004","3","170438460043","Block Group 3","G5030","S",2210808,126777,"+41.8076381","-088.0833661"
188,189,"US1ILDP0127","DOWNERS GROVE 0.4 NNE, IL US","(41.8033,-88.0154)",41.8033,-88.0154,228,1550,10/3/2014,12/30/2018,0,0,0,0,0,0,0,0,0,0,1550,0,0,1547,1545,0,0,0,0,0,0,0,0,0,37,35,0,0,0,0,0,0,0,0,0,0,0,0,0,0,0,0,0,0,0,0,0,0,0,0,0,0,8074,"17","043","844802","1","170438448021","Block Group 1","G5030","S",1374679,0,"+41.8049426","-088.0221127"
129,130,"US1ILDP0022","LISLE 1.3 NE, IL US","(41.8062,-88.0702)",41.8062,-88.0702,215,205,3/19/2007,4/3/2009,0,0,0,0,0,0,0,0,0,0,205,0,0,198,0,0,0,0,0,0,0,0,0,0,0,0,0,0,0,0,0,0,0,0,0,0,0,0,0,0,0,0,0,0,0,0,0,0,0,0,0,0,9618,"17","043","846003","2","170438460032","Block Group 2","G5030","S",1052354,12867,"+41.8053692","-088.0680444"
290,291,"USC00115097","LISLE MORTON ARBORETUM, IL US","(41.8127,-88.0727)",41.8127,-88.0727,207,4264,4/1/2007,12/29/2018,0,19,0,0,0,20,0,0,0,0,4216,0,0,4249,4247,0,0,0,4195,4195,4191,0,0,0,39,0,0,0,0,7,0,1,1,0,0,0,0,0,0,1,0,0,0,0,0,0,0,0,0,0,0,4170,8019,"17","043","846002","3","170438460023","Block Group 3","G5030","S",4982721,66359,"+41.8061983","-088.0512048"
298,299,"USC00119221","WHEATON 3 SE, IL US","(41.8127,-88.0727)",41.8127,-88.0727,207,424,1/1/2006,2/28/2007,0,0,0,0,0,0,0,0,0,0,424,0,0,424,424,0,0,0,424,424,424,0,0,0,0,0,0,0,0,0,0,1,0,1,0,0,0,0,0,0,0,0,0,0,0,0,0,0,0,0,0,424,8019,"17","043","846002","3","170438460023","Block Group 3","G5030","S",4982721,66359,"+41.8061983","-088.0512048"
7,8,"US1ILCK0023","LA GRANGE 0.5 NNE, IL US","(41.8149,-87.8696)",41.8149,-87.8696,198,112,1/16/2007,6/21/2012,0,0,0,0,0,0,0,0,0,0,112,0,0,111,99,0,0,0,0,0,0,0,0,0,0,0,0,0,0,0,0,0,0,0,0,0,0,0,0,0,0,0,0,0,0,0,0,0,0,0,0,0,3886,"17","031","819500","3","170318195003","Block Group 3","G5030","S",284157,0,"+41.8151799","-087.8655211"
23,24,"US1ILCK0062","STICKNEY 1.2 W, IL US","(41.8212,-87.7959)",41.8212,-87.7959,187,888,3/6/2007,1/30/2011,0,0,0,0,0,0,0,0,0,0,888,0,0,765,25,0,0,0,0,0,0,0,0,0,0,2,0,0,0,0,0,0,0,0,0,0,0,0,0,0,0,0,0,0,0,0,0,0,0,0,0,0,5035,"17","031","820700","4","170318207004","Block Group 4","G5030","S",502880,0,"+41.8185481","-087.7974317"
45,46,"US1ILCK0098","LA GRANGE PARK 0.7 SSW, IL US","(41.8226,-87.8758)",41.8226,-87.8758,201,3404,3/31/2008,12/30/2018,0,0,0,0,0,0,0,0,0,0,3401,0,0,2374,960,0,0,0,0,0,0,0,0,0,9,4,0,0,0,0,0,0,0,0,0,0,0,0,0,0,0,0,0,0,0,0,0,0,0,0,0,0,3516,"17","031","819000","2","170318190002","Block Group 2","G5030","S",427584,0,"+41.8240842","-087.8757464"
46,47,"US1ILCK0100","CICERO 1.5 SSW, IL US","(41.8231,-87.7666)",41.8231,-87.7666,186,1498,5/11/2008,10/28/2018,0,0,0,0,0,0,0,0,0,0,1498,0,0,895,5,0,0,0,0,0,0,0,0,0,3,5,0,0,0,0,0,0,0,0,0,0,0,0,0,0,0,0,0,0,0,0,0,0,0,0,0,0,3455,"17","031","814400","3","170318144003","Block Group 3","G5030","S",457149,0,"+41.8233732","-087.7606472"
118,119,"US1ILCK0286","BROOKFIELD 0.2 ENE, IL US","(41.8251,-87.8443)",41.8251,-87.8443,188,452,10/28/2016,2/9/2018,0,0,0,0,0,0,0,0,0,0,452,0,0,378,55,0,0,0,0,0,0,0,0,0,0,6,0,0,0,0,0,0,0,0,0,0,0,0,0,0,0,0,0,0,0,0,0,0,0,0,0,0,3686,"17","031","818700","4","170318187004","Block Group 4","G5030","S",271055,0,"+41.8237802","-087.8438026"
287,288,"USC00113490","GLEN ELLYN 4 S, IL US","(41.8266,-88.058)",41.8266,-88.058,209,4692,1/1/2006,12/30/2018,0,16,1,0,0,18,2,0,0,0,4665,0,0,3322,3328,0,0,0,0,0,0,0,0,0,15,0,0,0,0,137,0,332,42,15,33,0,0,0,0,3,0,0,0,0,0,0,0,0,0,0,0,0,9158,"17","043","842706","3","170438427063","Block Group 3","G5030","S",5060494,209109,"+41.8191467","-088.0528362"
142,143,"US1ILDP0045","WHEATON 1.8 SSW, IL US","(41.8317,-88.1225)",41.8317,-88.1225,230,542,9/29/2007,5/1/2009,0,0,0,0,0,0,0,0,0,0,542,0,0,427,29,0,0,0,0,0,0,0,0,0,26,5,0,0,0,0,0,0,0,0,0,0,0,0,0,0,0,0,0,0,0,0,0,0,0,0,0,0,4233,"17","043","842601","3","170438426013","Block Group 3","G5030","S",677659,296,"+41.8339107","-088.1209056"
122,123,"US1ILCK0300","RIVERSIDE 0.2 WNW, IL US","(41.832,-87.8197)",41.832,-87.8197,189,475,8/19/2017,12/30/2018,0,0,0,0,0,0,0,0,0,0,474,0,0,75,3,0,0,0,0,0,0,0,0,0,6,103,0,0,0,0,0,0,0,0,0,0,0,0,0,0,0,0,0,0,0,0,0,0,0,0,0,0,3765,"17","031","815702","5","170318157025","Block Group 5","G5030","S",862984,0,"+41.8317590","-087.8257956"
195,196,"US1ILDP0144","GLEN ELLYN 2.2 SSE, IL US","(41.8353,-88.0509)",41.8353,-88.0509,209,105,8/24/2016,10/15/2017,0,0,0,0,0,0,0,0,0,0,105,0,0,1,0,0,0,0,0,0,0,0,0,0,0,0,0,0,0,0,0,0,0,0,0,0,0,0,0,0,0,0,0,0,0,0,0,0,0,0,0,0,4547,"17","043","842708","1","170438427081","Block Group 1","G5030","S",1079341,28730,"+41.8344289","-088.0520134"
175,176,"US1ILDP0097","WARRENVILLE 1.1 NNW, IL US","(41.8358,-88.191)",41.8358,-88.191,215,588,4/11/2011,8/11/2014,0,0,0,0,0,0,0,0,0,0,588,0,0,312,0,0,0,0,0,0,0,0,0,0,0,1,0,0,0,0,0,0,0,0,0,0,0,0,0,0,0,0,0,0,0,0,0,0,0,0,0,0,6816,"17","043","841603","3","170438416033","Block Group 3","G5030","S",4308787,310234,"+41.8491702","-088.1893520"
15,16,"US1ILCK0049","LA GRANGE PARK 0.9 NE, IL US","(41.8407,-87.8596)",41.8407,-87.8596,192,2346,3/26/2007,11/21/2013,0,0,0,0,0,0,0,0,0,0,2339,0,0,1833,8,0,0,0,0,0,0,0,0,0,2,5,0,0,0,0,0,0,0,0,0,0,0,0,0,0,0,0,0,0,0,0,0,0,0,0,0,0,3649,"17","031","818600","2","170318186002","Block Group 2","G5030","S",1165370,0,"+41.8395147","-087.8586386"
91,92,"US1ILCK0204","BOOT CAMP CHICAGO 4.2 SW, IL US","(41.8421,-87.6891)",41.8421,-87.6891,183,153,10/1/2012,10/30/2013,0,0,0,0,0,0,0,0,0,0,152,0,0,106,9,0,0,0,0,0,0,0,0,0,3,3,0,0,0,0,0,0,0,0,0,0,0,0,0,0,0,0,0,0,0,0,0,0,0,0,0,0,4804,"17","031","843500","1","170318435001","Block Group 1","G5030","S",1890170,143193,"+41.8409834","-087.6975661"
294,295,"USC00116281","OAK BROOK 2 W, IL US","(41.8422,-87.973)",41.8422,-87.973,218,3072,1/1/2006,5/31/2014,0,0,0,0,0,0,0,0,0,0,3072,0,0,3071,3071,0,0,0,0,0,0,0,0,0,27,0,0,0,0,713,0,265,46,24,106,0,0,0,0,17,0,0,0,0,0,0,0,0,0,0,0,0,7978,"17","043","844402","1","170438444021","Block Group 1","G5030","S",3862134,162066,"+41.8347779","-087.9760066"
134,135,"US1ILDP0029","GLEN ELLYN 1.6 SSE, IL US","(41.8441,-88.0554)",41.8441,-88.0554,226,2203,3/28/2007,11/26/2018,0,0,0,0,0,0,0,0,0,0,2202,0,0,1484,5,0,0,0,0,0,0,0,0,0,1,7,0,0,0,0,0,0,0,0,0,0,0,0,0,0,0,0,0,0,0,0,0,0,0,0,0,0,754,"17","043","842706","2","170438427062","Block Group 2","G5030","S",1539127,11813,"+41.8382442","-088.0610368"
121,122,"US1ILCK0298","CICERO 0.4 W, IL US","(41.8443,-87.7671)",41.8443,-87.7671,185,504,7/17/2017,12/30/2018,0,0,0,0,0,0,0,0,0,0,504,0,0,32,29,0,0,0,0,0,0,0,0,0,25,25,0,0,0,0,0,0,0,0,0,0,0,0,0,0,0,0,0,0,0,0,0,0,0,0,0,0,3296,"17","031","813900","2","170318139002","Block Group 2","G5030","S",124165,0,"+41.8454914","-087.7656044"
30,31,"US1ILCK0072","CICERO 0.4 W, IL US","(41.8449,-87.7673)",41.8449,-87.7673,186,334,4/7/2007,2/9/2010,0,0,0,0,0,0,0,0,0,0,334,0,0,333,306,0,0,0,0,0,0,0,0,0,0,0,0,0,0,0,0,0,0,0,0,0,0,0,0,0,0,0,0,0,0,0,0,0,0,0,0,0,3296,"17","031","813900","2","170318139002","Block Group 2","G5030","S",124165,0,"+41.8454914","-087.7656044"
83,84,"US1ILCK0187","NORTH RIVERSIDE 0.4 W, IL US","(41.8482,-87.8332)",41.8482,-87.8332,190,164,8/7/2011,2/1/2015,0,0,0,0,0,0,0,0,0,0,164,0,0,76,15,0,0,0,0,0,0,0,0,0,2,2,0,0,0,0,0,0,0,0,0,0,0,0,0,0,0,0,0,0,0,0,0,0,0,0,0,0,3674,"17","031","815600","5","170318156005","Block Group 5","G5030","S",819453,0,"+41.8455478","-087.8335389"
143,144,"US1ILDP0047","GLEN ELLYN 1.4 SE, IL US","(41.8515,-88.0453)",41.8515,-88.0453,219,2208,10/22/2007,7/29/2016,0,0,0,0,0,0,0,0,0,0,2208,0,0,1571,4,0,0,0,0,0,0,0,0,0,0,0,0,0,0,0,0,0,0,0,0,0,0,0,0,0,0,0,0,0,0,0,0,0,0,0,0,0,4877,"17","043","842708","2","170438427082","Block Group 2","G5030","S",1371508,66807,"+41.8514751","-088.0496389"
116,117,"US1ILCK0282","BERWYN 0.9 NW, IL US","(41.8531,-87.802)",41.8531,-87.802,188,920,1/4/2014,12/23/2018,0,0,0,0,0,0,0,0,0,0,920,0,0,133,21,0,0,0,0,0,0,0,0,0,0,0,0,0,0,0,0,0,0,0,0,0,0,0,0,0,0,0,0,0,0,0,0,0,0,0,0,0,3504,"17","031","814800","2","170318148002","Block Group 2","G5030","S",254080,0,"+41.8522099","-087.7998204"
149,150,"US1ILDP0058","WHEATON 0.5 W, IL US","(41.8548,-88.1174)",41.8548,-88.1174,232,1990,2/6/2008,12/4/2013,0,0,0,0,0,0,0,0,0,0,1990,0,0,1292,11,0,0,0,0,0,0,0,0,0,5,71,0,0,0,0,0,0,0,0,0,0,0,0,0,0,0,0,0,0,0,0,0,0,0,0,0,0,7850,"17","043","842605","2","170438426052","Block Group 2","G5030","S",882139,4311,"+41.8525528","-088.1207917"
154,155,"US1ILDP0065","OAKBROOK TERRACE 0.2 NW, IL US","(41.8549,-87.971)",41.8549,-87.971,222,183,5/1/2008,7/10/2009,0,0,0,0,0,0,0,0,0,0,183,0,0,178,0,0,0,0,0,0,0,0,0,0,0,0,0,0,0,0,0,0,0,0,0,0,0,0,0,0,0,0,0,0,0,0,0,0,0,0,0,0,8015,"17","043","844501","3","170438445013","Block Group 3","G5030","S",914094,6211,"+41.8578274","-087.9637036"
285,286,"USC00111550","CHICAGO NORTHERLY ISLAND, IL US","(41.8558,-87.6094)",41.8558,-87.6094,178,4708,1/1/2006,12/30/2018,0,0,0,0,0,0,0,0,0,0,0,0,0,0,0,0,0,0,4699,4690,4703,0,0,0,0,0,0,0,0,0,0,0,0,0,0,0,0,0,0,0,0,0,0,0,0,0,0,0,0,0,0,4689,2914,"17","031","330100","4","170313301004","Block Group 4","G5030","S",2001061,828956,"+41.8591203","-087.6132250"
194,195,"US1ILDP0141","GLEN ELLYN 1.1 WSW, IL US","(41.8634,-88.0829)",41.8634,-88.0829,213,878,6/23/2016,12/29/2018,0,0,0,0,0,0,0,0,0,0,878,0,0,473,4,0,0,0,0,0,0,0,0,0,0,0,0,0,0,0,0,0,0,0,0,0,0,0,0,0,0,0,0,0,0,0,0,0,0,0,0,0,7835,"17","043","842400","2","170438424002","Block Group 2","G5030","S",527664,0,"+41.8622907","-088.0856156"
61,62,"US1ILCK0145","OAK PARK 1.5 S, IL US","(41.8659,-87.7928)",41.8659,-87.7928,189,3239,8/22/2009,12/30/2018,0,0,0,0,0,0,0,0,0,0,3238,0,0,1931,444,0,0,0,0,0,0,0,0,0,2,1,0,0,0,0,0,0,0,0,0,0,0,0,0,0,0,0,0,0,0,0,0,0,0,0,0,0,3974,"17","031","813200","2","170318132002","Block Group 2","G5030","S",164350,0,"+41.8670233","-087.7913660"
184,185,"US1ILDP0110","WHEATON 1.3 NW, IL US","(41.8663,-88.1283)",41.8663,-88.1283,230,362,12/4/2012,5/13/2014,0,0,0,0,0,0,0,0,0,0,362,0,0,228,12,0,0,0,0,0,0,0,0,0,9,15,0,0,0,0,0,0,0,0,0,0,0,0,0,0,0,0,0,0,0,0,0,0,0,0,0,0,7845,"17","043","842603","2","170438426032","Block Group 2","G5030","S",803593,6218,"+41.8640775","-088.1297890"
174,175,"US1ILDP0096","LOMBARD 1.0 WSW, IL US","(41.8678,-88.033)",41.8678,-88.033,213,435,11/23/2010,2/21/2018,0,0,0,0,0,0,0,0,0,0,435,0,0,66,1,0,0,0,0,0,0,0,0,0,1,0,0,0,0,0,0,0,0,0,0,0,0,0,0,0,0,0,0,0,0,0,0,0,0,0,0,0,7927,"17","043","844201","3","170438442013","Block Group 3","G5030","S",1100659,0,"+41.8710960","-088.0257726"
150,151,"US1ILDP0060","GLEN ELLYN 0.8 NW, IL US","(41.8739,-88.0744)",41.8739,-88.0744,235,1280,4/7/2008,7/18/2012,0,0,0,0,0,0,0,0,0,0,1280,0,0,804,1,0,0,0,0,0,0,0,0,0,0,0,0,0,0,0,0,0,0,0,0,0,0,0,0,0,0,0,0,0,0,0,0,0,0,0,0,0,7812,"17","043","842300","1","170438423001","Block Group 1","G5030","S",503128,0,"+41.8718918","-088.0745626"
186,187,"US1ILDP0117","ELMHURST 2.0 SE, IL US","(41.8752,-87.9211)",41.8752,-87.9211,212,1175,10/22/2013,12/30/2018,0,0,0,0,0,0,0,0,0,0,1175,0,0,572,0,0,0,0,0,0,0,0,0,0,0,1,0,0,0,0,0,0,0,0,0,0,0,0,0,0,0,0,0,0,0,0,0,0,0,0,0,0,7923,"17","043","844001","1","170438440011","Block Group 1","G5030","S",861101,0,"+41.8762917","-087.9293824"
22,23,"US1ILCK0061","OAK PARK 1.0 SW, IL US","(41.8756,-87.8011)",41.8756,-87.8011,193,3352,3/5/2007,12/19/2018,0,0,0,0,0,0,0,0,0,0,3352,0,0,2424,474,0,0,0,0,0,0,0,0,0,13,135,0,0,0,0,0,0,0,0,0,0,0,0,0,0,0,0,0,0,0,0,0,0,0,0,0,0,3930,"17","031","812900","4","170318129004","Block Group 4","G5030","S",389632,0,"+41.8763104","-087.8010452"
155,156,"US1ILDP0069","GLEN ELLYN 1.0 NE, IL US","(41.8786,-88.0505)",41.8786,-88.0505,220,2709,5/1/2008,6/19/2016,0,0,0,0,0,0,0,0,0,0,2706,0,0,1532,25,0,0,0,0,0,0,0,0,0,0,1,0,0,0,0,0,0,0,0,0,0,0,0,0,0,0,0,0,0,0,0,0,0,0,0,0,0,4878,"17","043","842100","1","170438421001","Block Group 1","G5030","S",778335,2590,"+41.8777464","-088.0476858"
133,134,"US1ILDP0028","WEST CHICAGO 1.0 SE, IL US","(41.8791,-88.2099)",41.8791,-88.2099,229,2015,3/4/2007,8/22/2014,0,0,0,0,0,0,0,0,0,0,2015,0,0,1469,21,0,0,0,0,0,0,0,0,0,0,0,0,0,0,0,0,0,0,0,0,0,0,0,0,0,0,0,0,0,0,0,0,0,0,0,0,0,6830,"17","043","841501","3","170438415013","Block Group 3","G5030","S",883684,2185,"+41.8750728","-088.2070327"
190,191,"US1ILDP0132","WHEATON 2.0 NNE, IL US","(41.8798,-88.0863)",41.8798,-88.0863,241,1285,6/25/2015,12/30/2018,0,0,0,0,0,0,0,0,0,0,1285,0,0,1103,1091,0,0,0,0,0,0,0,0,0,849,917,0,0,0,0,0,0,0,0,0,0,0,0,0,0,0,0,0,0,0,0,0,0,0,0,0,0,6997,"17","043","841901","2","170438419012","Block Group 2","G5030","S",768728,0,"+41.8777078","-088.0862075"
2,3,"US1ILCK0010","CHICAGO 3.0 N, IL US","(41.8798,-87.6823)",41.8798,-87.6823,181,165,8/21/2007,9/16/2010,0,0,0,0,0,0,0,0,0,0,165,0,0,134,0,0,0,0,0,0,0,0,0,0,0,0,0,0,0,0,0,0,0,0,0,0,0,0,0,0,0,0,0,0,0,0,0,0,0,0,0,0,4597,"17","031","838000","1","170318380001","Block Group 1","G5030","S",227812,0,"+41.8793225","-087.6808527"
148,149,"US1ILDP0053","WHEATON 1.7 N, IL US","(41.88,-88.1035)",41.88,-88.1035,235,270,12/9/2007,12/28/2008,0,0,0,0,0,0,0,0,0,0,269,0,0,270,52,0,0,0,0,0,0,0,0,0,0,0,0,0,0,0,0,0,0,0,0,0,0,0,0,0,0,0,0,0,0,0,0,0,0,0,0,0,1306,"17","043","841801","2","170438418012","Block Group 2","G5030","S",976004,0,"+41.8771449","-088.0994844"
90,91,"US1ILCK0202","RIVER FOREST 0.9 SSE, IL US","(41.8819,-87.815)",41.8819,-87.815,192,286,7/16/2012,3/1/2018,0,0,0,0,0,0,0,0,0,0,286,0,0,5,0,0,0,0,0,0,0,0,0,0,0,0,0,0,0,0,0,0,0,0,0,0,0,0,0,0,0,0,0,0,0,0,0,0,0,0,0,0,3715,"17","031","812000","5","170318120005","Block Group 5","G5030","S",466998,0,"+41.8812229","-087.8214545"
159,160,"US1ILDP0073","LOMBARD 0.7 NNE, IL US","(41.8844,-88.0122)",41.8844,-88.0122,220,114,9/26/2009,5/15/2018,0,0,0,0,0,0,0,0,0,0,114,0,0,12,0,0,0,0,0,0,0,0,0,0,0,0,0,0,0,0,0,0,0,0,0,0,0,0,0,0,0,0,0,0,0,0,0,0,0,0,0,0,9512,"17","043","843602","1","170438436021","Block Group 1","G5030","S",879733,0,"+41.8860958","-088.0058406"
182,183,"US1ILDP0108","GLEN ELLYN 1.3 NNW, IL US","(41.8846,-88.0701)",41.8846,-88.0701,239,1478,7/24/2012,12/26/2018,0,0,0,0,0,0,0,0,0,0,1478,0,0,855,0,0,0,0,0,0,0,0,0,0,0,0,0,0,0,0,0,0,0,0,0,0,0,0,0,0,0,0,0,0,0,0,0,0,0,0,0,0,7829,"17","043","842000","2","170438420002","Block Group 2","G5030","S",737409,0,"+41.8847474","-088.0737599"
180,181,"US1ILDP0104","GLEN ELLYN 1.4 NNW, IL US","(41.8859,-88.0707)",41.8859,-88.0707,238,185,1/1/2012,3/6/2013,0,0,0,0,0,0,0,0,0,0,185,0,0,124,20,0,0,0,0,0,0,0,0,0,4,3,0,0,0,0,0,0,0,0,0,0,0,0,0,0,0,0,0,0,0,0,0,0,0,0,0,0,8861,"17","043","842000","3","170438420003","Block Group 3","G5030","S",831926,0,"+41.8867177","-088.0644053"
10,11,"US1ILCK0036","CHICAGO 4.7 NE, IL US","(41.886,-87.621)",41.886,-87.621,191,3300,3/15/2007,12/30/2018,0,0,0,0,0,0,0,0,0,0,3300,0,0,2253,0,0,0,0,0,0,0,0,0,0,0,0,0,0,0,0,0,0,0,0,0,0,0,0,0,0,0,0,0,0,0,0,0,0,0,0,0,0,2790,"17","031","320100","2","170313201002","Block Group 2","G5030","S",253337,24921,"+41.8862740","-087.6242445"
139,140,"US1ILDP0040","LOMBARD 1.0 NNW, IL US","(41.8884,-88.0229)",41.8884,-88.0229,216,3882,6/1/2007,12/30/2018,0,0,0,0,0,0,0,0,0,0,3882,0,0,2401,0,0,0,0,0,0,0,0,0,0,0,0,0,0,0,0,0,0,0,0,0,0,0,0,0,0,0,0,0,0,0,0,0,0,0,0,0,0,7906,"17","043","843500","1","170438435001","Block Group 1","G5030","S",736636,144,"+41.8879158","-088.0213919"
167,168,"US1ILDP0083","LOMBARD 1.2 NNW, IL US","(41.8912,-88.0223)",41.8912,-88.0223,214,1834,6/9/2009,12/21/2015,0,0,0,0,0,0,0,0,0,0,1833,0,0,1192,96,0,0,0,0,0,0,0,0,0,37,143,0,0,0,0,0,0,0,0,0,0,0,0,0,0,0,0,0,0,0,0,0,0,0,0,0,0,7892,"17","043","843400","2","170438434002","Block Group 2","G5030","S",657641,555,"+41.8899503","-088.0264088"
183,184,"US1ILDP0109","ELMHURST 0.8 ESE, IL US","(41.8929,-87.9296)",41.8929,-87.9296,209,2345,7/29/2012,12/29/2018,0,0,0,0,0,0,0,0,0,0,2345,0,0,1704,956,0,0,0,0,0,0,0,0,0,871,942,0,0,0,0,0,0,0,0,0,0,0,0,0,0,0,0,0,0,0,0,0,0,0,0,0,0,7861,"17","043","842800","3","170438428003","Block Group 3","G5030","S",709843,3753,"+41.8952326","-087.9246408"
26,27,"US1ILCK0066","OAK PARK 0.6 NE, IL US","(41.8934,-87.7798)",41.8934,-87.7798,193,1135,3/19/2007,6/18/2013,0,0,0,0,0,0,0,0,0,0,1130,0,0,875,46,0,0,0,0,0,0,0,0,0,1,2,0,0,0,0,0,0,0,0,0,0,0,0,0,0,0,0,0,0,0,0,0,0,0,0,0,0,3802,"17","031","812500","1","170318125001","Block Group 1","G5030","S",209615,0,"+41.8941637","-087.7775505"
138,139,"US1ILDP0038","ELMHURST 0.4 SW, IL US","(41.8935,-87.9485)",41.8935,-87.9485,216,2121,7/9/2007,12/29/2018,0,0,0,0,0,0,0,0,0,0,2118,0,0,975,13,0,0,0,0,0,0,0,0,0,3,5,0,0,0,0,0,0,0,0,0,0,0,0,0,0,0,0,0,0,0,0,0,0,0,0,0,0,7879,"17","043","843000","2","170438430002","Block Group 2","G5030","S",669763,0,"+41.8928754","-087.9526137"
168,169,"US1ILDP0085","VILLA PARK 1.0 NW, IL US","(41.8969,-87.9903)",41.8969,-87.9903,220,3200,10/19/2009,12/29/2018,0,0,0,0,0,0,0,0,0,0,3200,0,0,1695,4,0,0,0,0,0,0,0,0,0,2,1,0,0,0,0,0,0,0,0,0,0,0,0,0,0,0,0,0,0,0,0,0,0,0,0,0,0,7885,"17","043","843200","2","170438432002","Block Group 2","G5030","S",495614,0,"+41.8972017","-087.9883704"
166,167,"US1ILDP0081","GLEN ELLYN 2.3 N, IL US","(41.8993,-88.0604)",41.8993,-88.0604,222,605,5/30/2009,3/15/2012,0,0,0,0,0,0,0,0,0,0,604,0,0,326,16,0,0,0,0,0,0,0,0,0,10,36,0,0,0,0,0,0,0,0,0,0,0,0,0,0,0,0,0,0,0,0,0,0,0,0,0,0,9263,"17","043","841705","3","170438417053","Block Group 3","G5030","S",1764094,13123,"+41.8984994","-088.0560841"
103,104,"US1ILCK0240","CHICAGO 2.7 WNW, IL US","(41.9018,-87.6726)",41.9018,-87.6726,183,493,6/18/2014,11/6/2018,0,0,0,0,0,0,0,0,0,0,491,0,0,258,0,0,0,0,0,0,0,0,0,0,0,0,0,0,0,0,0,0,0,0,0,0,0,0,0,0,0,0,0,0,0,0,0,0,0,0,0,0,884,"17","031","242200","1","170312422001","Block Group 1","G5030","S",163378,0,"+41.9014101","-087.6747711"
31,32,"US1ILCK0074","OAK PARK 1.3 NNE, IL US","(41.9062,-87.7819)",41.9062,-87.7819,193,3806,7/9/2007,12/30/2018,0,0,0,0,0,0,0,0,0,0,3806,0,0,2765,131,0,0,0,0,0,0,0,0,0,45,344,0,0,0,0,0,0,0,0,0,0,0,0,0,0,0,0,0,0,0,0,0,0,0,0,0,0,3759,"17","031","812100","5","170318121005","Block Group 5","G5030","S",206089,0,"+41.9063637","-087.7814289"
52,53,"US1ILCK0117","CHICAGO 3.0 NW, IL US","(41.9125,-87.6695)",41.9125,-87.6695,178,136,7/9/2008,10/26/2010,0,0,0,0,0,0,0,0,0,0,136,0,0,128,0,0,0,0,0,0,0,0,0,0,0,0,0,0,0,0,0,0,0,0,0,0,0,0,0,0,0,0,0,0,0,0,0,0,0,0,0,0,8372,"17","031","240200","1","170312402001","Block Group 1","G5030","S",166088,0,"+41.9124417","-087.6701816"
140,141,"US1ILDP0042","CAROL STREAM 0.3 SSE, IL US","(41.913,-88.1294)",41.913,-88.1294,231,3643,6/8/2007,10/31/2018,0,0,0,0,0,0,0,0,0,0,3636,0,0,2628,223,0,0,0,0,0,0,0,0,0,79,138,0,0,0,0,0,0,0,0,0,0,0,0,0,0,0,0,0,0,0,0,0,0,0,0,0,0,5222,"17","043","841206","2","170438412062","Block Group 2","G5030","S",846050,10340,"+41.9133552","-088.1299403"
20,21,"US1ILCK0055","CHICAGO 6.0 NNE, IL US","(41.917,-87.6386)",41.917,-87.6386,190,280,2/13/2007,7/8/2008,0,0,0,0,0,0,0,0,0,0,280,0,0,280,28,0,0,0,0,0,0,0,0,0,0,0,0,0,0,0,0,0,0,0,0,0,0,0,0,0,0,0,0,0,0,0,0,0,0,0,0,0,1006,"17","031","071500","3","170310715003","Block Group 3","G5030","S",627173,723071,"+41.9142415","-087.6250923"
104,105,"US1ILCK0243","ELMWOOD PARK 0.7 ESE, IL US","(41.9177,-87.8037)",41.9177,-87.8037,195,1441,8/11/2014,12/27/2018,0,0,0,0,0,0,0,0,0,0,1441,0,0,227,0,0,0,0,0,0,0,0,0,0,0,0,0,0,0,0,0,0,0,0,0,0,0,0,0,0,0,0,0,0,0,0,0,0,0,0,0,0,2654,"17","031","250500","7","170312505007","Block Group 7","G5030","S",369306,0,"+41.9144046","-087.8041153"
58,59,"US1ILCK0137","MELROSE PARK 2.0 NW, IL US","(41.92,-87.8855)",41.92,-87.8855,199,1002,5/2/2009,10/5/2013,0,0,0,0,0,0,0,0,0,0,1002,0,0,612,59,0,0,0,0,0,0,0,0,0,11,5,0,0,0,0,0,0,0,0,0,0,0,0,0,0,0,0,0,0,0,0,0,0,0,0,0,0,3631,"17","031","811301","3","170318113013","Block Group 3","G5030","S",562796,0,"+41.9223803","-087.8882721"
124,125,"US1ILDP0011","CAROL STREAM 0.7 WNW, IL US","(41.9217,-88.1434)",41.9217,-88.1434,233,1403,2/19/2007,1/11/2013,0,0,0,0,0,0,0,0,0,0,1403,0,0,1101,25,0,0,0,0,0,0,0,0,0,0,0,0,0,0,0,0,0,0,0,0,0,0,0,0,0,0,0,0,0,0,0,0,0,0,0,0,0,5223,"17","043","841206","1","170438412061","Block Group 1","G5030","S",868024,0,"+41.9209845","-088.1428135"
9,10,"US1ILCK0032","CHICAGO 6.4 NNE, IL US","(41.9266,-87.6562)",41.9266,-87.6562,186,515,3/28/2007,10/31/2018,0,0,0,0,0,0,0,0,0,0,504,0,0,133,2,0,0,0,0,0,0,0,0,0,0,0,0,0,0,0,0,0,0,0,0,0,0,0,0,0,0,0,0,0,0,0,0,0,0,0,0,0,1408,"17","031","070400","2","170310704002","Block Group 2","G5030","S",101364,0,"+41.9265195","-087.6558294"
54,55,"US1ILCK0122","CHICAGO 6.5 NNE, IL US","(41.9272,-87.6517)",41.9272,-87.6517,187,196,6/19/2008,4/23/2010,0,0,0,0,0,0,0,0,0,0,196,0,0,151,10,0,0,0,0,0,0,0,0,0,0,0,0,0,0,0,0,0,0,0,0,0,0,0,0,0,0,0,0,0,0,0,0,0,0,0,0,0,1406,"17","031","070300","2","170310703002","Block Group 2","G5030","S",137131,0,"+41.9272370","-087.6508732"
137,138,"US1ILDP0034","WEST CHICAGO 2.7 N, IL US","(41.9288,-88.2175)",41.9288,-88.2175,238,3000,4/10/2007,3/28/2016,0,0,0,0,0,0,0,0,0,0,3000,0,0,1820,0,0,0,0,0,0,0,0,0,0,0,0,0,0,0,0,0,0,0,0,0,0,0,0,0,0,0,0,0,0,0,0,0,0,0,0,0,0,8866,"17","043","841313","1","170438413131","Block Group 1","G5030","S",6618434,176414,"+41.9248281","-088.2282038"
126,127,"US1ILDP0015","GLENDALE HEIGHTS 0.7 NNE, IL US","(41.9296,-88.0751)",41.9296,-88.0751,238,395,3/9/2006,12/19/2008,0,0,0,0,0,0,0,0,0,0,395,0,0,394,195,0,0,0,0,0,0,0,0,0,5,24,0,0,0,0,0,0,0,0,0,0,0,0,0,0,0,0,0,0,0,0,0,0,0,0,0,0,4574,"17","043","840904","1","170438409041","Block Group 1","G5030","S",463446,0,"+41.9288073","-088.0761340"
44,45,"US1ILCK0097","CHICAGO 6.8 NNE, IL US","(41.9301,-87.6393)",41.9301,-87.6393,180,1362,3/26/2008,3/8/2012,0,0,0,0,0,0,0,0,0,0,1362,0,0,982,2,0,0,0,0,0,0,0,0,0,1,1,0,0,0,0,0,0,0,0,0,0,0,0,0,0,0,0,0,0,0,0,0,0,0,0,0,0,8929,"17","031","070101","1","170310701011","Block Group 1","G5030","S",20775,0,"+41.9301104","-087.6402397"
102,103,"US1ILCK0238","ELMWOOD PARK 0.7 NNW, IL US","(41.9314,-87.8231)",41.9314,-87.8231,192,325,4/1/2014,9/1/2018,0,0,0,0,0,0,0,0,0,0,325,0,0,240,0,0,0,0,0,0,0,0,0,0,0,0,0,0,0,0,0,0,0,0,0,0,0,0,0,0,0,0,0,0,0,0,0,0,0,0,0,0,9303,"17","031","810800","4","170318108004","Block Group 4","G5030","S",214556,0,"+41.9302737","-087.8217142"
47,48,"US1ILCK0102","ELMWOOD PARK 4.3 E, IL US","(41.9331,-87.7334)",41.9331,-87.7334,186,338,4/2/2008,8/27/2009,0,0,0,0,0,0,0,0,0,0,338,0,0,286,0,0,0,0,0,0,0,0,0,0,0,0,0,0,0,0,0,0,0,0,0,0,0,0,0,0,0,0,0,0,0,0,0,0,0,0,0,0,598,"17","031","200100","1","170312001001","Block Group 1","G5030","S",168728,0,"+41.9345491","-087.7343670"
29,30,"US1ILCK0070","HARWOOD HEIGHTS 2.6 SE, IL US","(41.9393,-87.77)",41.9393,-87.77,191,231,3/25/2007,12/5/2007,0,0,0,0,0,0,0,0,0,0,231,0,0,231,4,0,0,0,0,0,0,0,0,0,2,2,0,0,0,0,0,0,0,0,0,0,0,0,0,0,0,0,0,0,0,0,0,0,0,0,0,0,5974,"17","031","151200","2","170311512002","Block Group 2","G5030","S",245696,0,"+41.9398826","-087.7714101"
197,198,"US1ILDP0150","BLOOMINGDALE 1.2 ESE, IL US","(41.9397,-88.0666)",41.9397,-88.0666,221,424,9/3/2017,12/28/2018,0,0,0,0,0,0,0,0,0,0,423,0,0,269,3,0,0,0,0,0,0,0,0,0,1,8,0,0,0,0,0,0,0,0,0,0,0,0,0,0,0,0,0,0,0,0,0,0,0,0,0,0,5358,"17","043","841109","2","170438411092","Block Group 2","G5030","S",383811,164,"+41.9376030","-088.0679190"
157,158,"US1ILDP0071","ADDISON 1.6 WNW, IL US","(41.9415,-88.0356)",41.9415,-88.0356,227,181,5/14/2008,11/16/2008,0,0,0,0,0,0,0,0,0,0,181,0,0,181,0,0,0,0,0,0,0,0,0,0,0,0,0,0,0,0,0,0,0,0,0,0,0,0,0,0,0,0,0,0,0,0,0,0,0,0,0,0,9495,"17","043","840906","2","170438409062","Block Group 2","G5030","S",907784,6738,"+41.9422145","-088.0345776"
185,186,"US1ILDP0114","BLOOMINGDALE 0.5 ESE, IL US","(41.9474,-88.0769)",41.9474,-88.0769,234,184,6/13/2013,8/11/2014,0,0,0,0,0,0,0,0,0,0,184,0,0,80,0,0,0,0,0,0,0,0,0,0,0,0,0,0,0,0,0,0,0,0,0,0,0,0,0,0,0,0,0,0,0,0,0,0,0,0,0,0,5355,"17","043","841110","2","170438411102","Block Group 2","G5030","S",519535,8785,"+41.9515893","-088.0788302"
80,81,"US1ILCK0179","CHICAGO 4.8 NNW, IL US","(41.9481,-87.6588)",41.9481,-87.6588,183,254,4/20/2011,5/21/2017,0,0,0,0,0,0,0,0,0,0,254,0,0,120,0,0,0,0,0,0,0,0,0,0,0,0,0,0,0,0,0,0,0,0,0,0,0,0,0,0,0,0,0,0,0,0,0,0,0,0,0,0,2317,"17","031","061100","1","170310611001","Block Group 1","G5030","S",173036,0,"+41.9491398","-087.6568035"
48,49,"US1ILCK0104","LINCOLNWOOD 5.1 SE, IL US","(41.9494,-87.6703)",41.9494,-87.6703,182,174,3/30/2008,11/19/2008,0,0,0,0,0,0,0,0,0,0,174,0,0,174,0,0,0,0,0,0,0,0,0,0,0,0,0,0,0,0,0,0,0,0,0,0,0,0,0,0,0,0,0,0,0,0,0,0,0,0,0,0,2197,"17","031","060300","2","170310603002","Block Group 2","G5030","S",160243,0,"+41.9487845","-087.6712895"
171,172,"US1ILDP0090","HANOVER PARK 2.2 SSW, IL US","(41.9551,-88.1588)",41.9551,-88.1588,244,1078,5/3/2010,7/20/2017,0,0,0,0,0,0,0,0,0,0,1078,0,0,679,204,0,0,0,0,0,0,0,0,0,24,131,0,0,0,0,0,0,0,0,0,0,0,0,0,0,0,0,0,0,0,0,0,0,0,0,0,0,7029,"17","043","841321","1","170438413211","Block Group 1","G5030","S",2511586,13186,"+41.9606732","-088.1628687"
177,178,"US1ILDP0099","BENSENVILLE 0.3 WSW, IL US","(41.9556,-87.9492)",41.9556,-87.9492,206,197,4/5/2011,4/1/2012,0,0,0,0,0,0,0,0,0,0,197,0,0,109,0,0,0,0,0,0,0,0,0,0,0,0,0,0,0,0,0,0,0,0,0,0,0,0,0,0,0,0,0,0,0,0,0,0,0,0,0,0,9407,"17","043","840802","5","170438408025","Block Group 5","G5030","S",572701,0,"+41.9531291","-087.9460923"
158,159,"US1ILDP0072","BLOOMINGDALE 0.9 NNE, IL US","(41.9609,-88.0823)",41.9609,-88.0823,228,119,3/17/2009,6/10/2016,0,0,0,0,0,0,0,0,0,0,119,0,0,6,0,0,0,0,0,0,0,0,0,0,0,0,0,0,0,0,0,0,0,0,0,0,0,0,0,0,0,0,0,0,0,0,0,0,0,0,0,0,9594,"17","043","841103","2","170438411032","Block Group 2","G5030","S",1393948,4196,"+41.9630871","-088.0852166"
153,154,"US1ILDP0063","BARTLETT 1.0 SSE, IL US","(41.9641,-88.2014)",41.9641,-88.2014,242,2177,3/18/2008,1/31/2015,0,0,0,0,0,0,0,0,0,0,2169,0,0,1575,632,0,0,0,0,0,0,0,0,0,2,4,0,0,0,0,0,0,0,0,0,0,0,0,0,0,0,0,0,0,0,0,0,0,0,0,0,0,6994,"17","043","841327","2","170438413272","Block Group 2","G5030","S",848730,7733,"+41.9651745","-088.1982997"
73,74,"US1ILCK0168","RAVENSWOOD MANOR 0.1 ESE, IL US","(41.9642,-87.6974)",41.9642,-87.6974,178,910,8/31/2010,12/2/2018,0,0,0,0,0,0,0,0,0,0,910,0,0,437,0,0,0,0,0,0,0,0,0,0,0,0,0,0,0,0,0,0,0,0,0,0,0,0,0,0,0,0,0,0,0,0,0,0,0,0,0,0,6486,"17","031","140800","2","170311408002","Block Group 2","G5030","S",123172,5924,"+41.9622459","-087.6976059"
156,157,"US1ILDP0070","BARTLETT 0.8 S, IL US","(41.9669,-88.2055)",41.9669,-88.2055,245,299,6/1/2008,12/8/2009,0,0,0,0,0,0,0,0,0,0,299,0,0,234,1,0,0,0,0,0,0,0,0,0,0,2,0,0,0,0,0,0,0,0,0,0,0,0,0,0,0,0,0,0,0,0,0,0,0,0,0,0,6994,"17","043","841327","2","170438413272","Block Group 2","G5030","S",848730,7733,"+41.9651745","-088.1982997"
178,179,"US1ILDP0100","BARTLETT 1.1 SE, IL US","(41.9692,-88.1873)",41.9692,-88.1873,240,818,6/6/2011,8/30/2016,0,0,0,0,0,0,0,0,0,0,818,0,0,472,147,0,0,0,0,0,0,0,0,0,142,106,0,0,0,0,0,0,0,0,0,0,0,0,0,0,0,0,0,0,0,0,0,0,0,0,0,0,4344,"17","043","841316","2","170438413162","Block Group 2","G5030","S",954180,0,"+41.9702554","-088.1915284"
0,1,"US1ILCK0005","HARWOOD HEIGHTS 1.0 ENE, IL US","(41.9704,-87.7879)",41.9704,-87.7879,192,446,12/20/2006,1/17/2009,0,0,0,0,0,0,0,0,0,0,407,0,0,440,103,0,0,0,0,0,0,0,0,0,3,5,0,0,0,0,0,0,0,0,0,0,0,0,0,0,0,0,0,0,0,0,0,0,0,0,0,0,1066,"17","031","110300","4","170311103004","Block Group 4","G5030","S",261816,0,"+41.9722555","-087.7842011"
117,118,"US1ILCK0285","HARWOOD HEIGHTS 0.4 NNE, IL US","(41.9715,-87.8033)",41.9715,-87.8033,198,829,8/29/2016,12/30/2018,0,0,0,0,0,0,0,0,0,0,829,0,0,342,279,0,0,0,0,0,0,0,0,0,0,51,0,0,0,0,0,0,0,0,0,0,0,0,0,0,0,0,0,0,0,0,0,0,0,0,0,0,1060,"17","031","100700","5","170311007005","Block Group 5","G5030","S",307963,0,"+41.9719027","-087.8047797"
151,152,"US1ILDP0061","ROSELLE 0.5 S, IL US","(41.9739,-88.0846)",41.9739,-88.0846,236,473,5/25/2008,5/23/2011,0,0,0,0,0,0,0,0,0,0,473,0,0,325,0,0,0,0,0,0,0,0,0,0,0,0,0,0,0,0,0,0,0,0,0,0,0,0,0,0,0,0,0,0,0,0,0,0,0,0,0,0,5339,"17","043","841104","4","170438411044","Block Group 4","G5030","S",1301906,1093,"+41.9741571","-088.0854371"
170,171,"US1ILDP0087","ROSELLE 1.2 ESE, IL US","(41.9766,-88.0598)",41.9766,-88.0598,232,2751,3/8/2010,12/30/2018,0,0,0,0,0,0,0,0,0,0,2749,0,0,1813,269,0,0,0,0,0,0,0,0,0,259,124,0,0,0,0,0,0,0,0,0,0,0,0,0,0,0,0,0,0,0,0,0,0,0,0,0,0,9688,"17","043","841004","1","170438410041","Block Group 1","G5030","S",1206633,3269,"+41.9755412","-088.0609280"
163,164,"US1ILDP0077","ROSELLE 1.1 W, IL US","(41.9778,-88.1036)",41.9778,-88.1036,242,2517,5/1/2009,10/11/2016,0,0,0,0,0,0,0,0,0,0,2507,0,0,1703,399,0,0,0,0,0,0,0,0,0,144,289,0,0,0,0,0,0,0,0,0,0,0,0,0,0,0,0,0,0,0,0,0,0,0,0,0,0,5220,"17","043","841102","1","170438411021","Block Group 1","G5030","S",669511,23445,"+41.9769365","-088.1077314"
87,88,"US1ILCK0196","HARWOOD HEIGHTS 1.9 NNE, IL US","(41.9904,-87.7872)",41.9904,-87.7872,190,1546,3/12/2012,8/22/2016,0,0,0,0,0,0,0,0,0,0,1546,0,0,648,24,0,0,0,0,0,0,0,0,0,1,1,0,0,0,0,0,0,0,0,0,0,0,0,0,0,0,0,0,0,0,0,0,0,0,0,0,0,1191,"17","031","100100","1","170311001001","Block Group 1","G5030","S",267089,0,"+41.9942117","-087.7853422"
38,39,"US1ILCK0084","BARTLETT 1.2 NE, IL US","(41.9916,-88.1887)",41.9916,-88.1887,247,629,12/1/2007,5/10/2013,0,0,0,0,0,0,0,0,0,0,629,0,0,529,175,0,0,0,0,0,0,0,0,0,119,123,0,0,0,0,0,0,0,0,0,0,0,0,0,0,0,0,0,0,0,0,0,0,0,0,0,0,3654,"17","031","804505","3","170318045053","Block Group 3","G5030","S",1070574,0,"+41.9898947","-088.1766702"
302,303,"USW00094846","CHICAGO OHARE INTERNATIONAL AIRPORT, IL US","(41.995,-87.9336)",41.995,-87.9336,202,4747,1/1/2006,12/30/2018,4747,0,0,0,2099,0,0,0,0,2083,4747,0,0,4747,4747,0,0,2100,4747,4747,0,4747,4725,0,1826,0,4747,4725,0,1852,147,508,86,338,36,85,1040,61,0,15,869,220,8,1122,14,445,2,7,39,0,0,4747,1518,"17","031","980000","1","170319800001","Block Group 1","G5030","S",19889961,92402,"+41.9794191","-087.9024376"
32,33,"US1ILCK0075","ELK GROVE VILLAGE 2.2 WSW, IL US","(41.9953,-88.0527)",41.9953,-88.0527,222,4208,5/7/2007,12/30/2018,0,0,0,0,0,0,0,0,0,0,4208,0,0,3258,1611,0,0,0,0,0,0,0,0,0,69,7,0,0,0,0,0,0,0,0,0,0,0,0,0,0,0,0,0,0,0,0,0,0,0,0,0,0,593,"17","031","804607","4","170318046074","Block Group 4","G5030","S",543654,0,"+41.9949044","-088.0564762"
95,96,"US1ILCK0214","ROGERS PARK 1.5 SW, IL US","(41.9957,-87.6918)",41.9957,-87.6918,181,1918,4/14/2013,12/29/2018,0,0,0,0,0,0,0,0,0,0,1917,0,0,1280,42,0,0,0,0,0,0,0,0,0,7,96,0,0,0,0,0,0,0,0,0,0,0,0,0,0,0,0,0,0,0,0,0,0,0,0,0,0,1308,"17","031","020802","4","170310208024","Block Group 4","G5030","S",162846,0,"+41.9958752","-087.6922607"
42,43,"US1ILCK0094","LINCOLNWOOD 1.8 E, IL US","(42.0019,-87.6985)",42.0019,-87.6985,184,3878,3/11/2008,12/30/2018,0,0,0,0,0,0,0,0,0,0,3878,0,0,2661,733,0,0,0,0,0,0,0,0,0,183,366,0,0,0,0,0,0,0,0,0,0,0,0,0,0,0,0,0,0,0,0,0,0,0,0,0,0,8971,"17","031","020601","1","170310206011","Block Group 1","G5030","S",263854,0,"+42.0029240","-087.7012949"
24,25,"US1ILCK0063","ELK GROVE VILLAGE 0.6 ESE, IL US","(42.0039,-87.9813)",42.0039,-87.9813,213,4021,3/26/2007,12/30/2018,0,0,0,0,0,0,0,0,0,0,4021,0,0,2863,128,0,0,0,0,0,0,0,0,0,55,263,0,0,0,0,0,0,0,0,0,0,0,0,0,0,0,0,0,0,0,0,0,0,0,0,0,0,7624,"17","031","770300","5","170317703005","Block Group 5","G5030","S",638389,0,"+42.0030387","-087.9843234"
100,101,"US1ILCK0232","ROGERS PARK 0.6 ESE, IL US","(42.0043,-87.6697)",42.0043,-87.6697,180,1684,3/12/2014,12/29/2018,0,0,0,0,0,0,0,0,0,0,1684,0,0,670,160,0,0,0,0,0,0,0,0,0,26,100,0,0,0,0,0,0,0,0,0,0,0,0,0,0,0,0,0,0,0,0,0,0,0,0,0,0,4502,"17","031","010600","1","170310106001","Block Group 1","G5030","S",162231,0,"+42.0054662","-087.6680023"
81,82,"US1ILCK0180","PARK RIDGE 0.5 SSW, IL US","(42.0044,-87.846)",42.0044,-87.846,194,2458,4/13/2011,12/26/2018,0,0,0,0,0,0,0,0,0,0,2457,0,0,1356,923,0,0,0,0,0,0,0,0,0,677,962,0,0,0,0,0,0,0,0,0,0,0,0,0,0,0,0,0,0,0,0,0,0,0,0,0,0,4967,"17","031","805701","3","170318057013","Block Group 3","G5030","S",614425,0,"+42.0070752","-087.8499136"
21,22,"US1ILCK0058","STREAMWOOD 1.1 SW, IL US","(42.01,-88.19)",42.01,-88.19,248,1431,2/16/2007,3/6/2013,0,0,0,0,0,0,0,0,0,0,1430,0,0,1431,1336,0,0,0,0,0,0,0,0,0,1107,1414,0,0,0,0,0,0,0,0,0,0,0,0,0,0,0,0,0,0,0,0,0,0,0,0,0,0,9663,"17","031","804506","3","170318045063","Block Group 3","G5030","S",1838389,0,"+42.0117099","-088.1943637"
89,90,"US1ILCK0199","SCHAUMBURG 1.6 S, IL US","(42.0104,-88.0828)",42.0104,-88.0828,250,266,5/9/2012,5/17/2013,0,0,0,0,0,0,0,0,0,0,266,0,0,187,47,0,0,0,0,0,0,0,0,0,1,2,0,0,0,0,0,0,0,0,0,0,0,0,0,0,0,0,0,0,0,0,0,0,0,0,0,0,9256,"17","031","804810","3","170318048103","Block Group 3","G5030","S",1130576,0,"+42.0151065","-088.0774535"
84,85,"US1ILCK0190","SCHAUMBURG 2.1 SW, IL US","(42.0133,-88.1143)",42.0133,-88.1143,251,365,8/10/2011,12/28/2012,0,0,0,0,0,0,0,0,0,0,365,0,0,238,1,0,0,0,0,0,0,0,0,0,0,1,0,0,0,0,0,0,0,0,0,0,0,0,0,0,0,0,0,0,0,0,0,0,0,0,0,0,5546,"17","031","804807","1","170318048071","Block Group 1","G5030","S",442108,0,"+42.0148743","-088.1147886"
55,56,"US1ILCK0129","SCHAUMBURG 2.7 WSW, IL US","(42.0135,-88.1289)",42.0135,-88.1289,252,2053,10/8/2008,10/15/2015,0,0,0,0,0,0,0,0,0,0,2053,0,0,1429,695,0,0,0,0,0,0,0,0,0,1,2,0,0,0,0,0,0,0,0,0,0,0,0,0,0,0,0,0,0,0,0,0,0,0,0,0,0,5540,"17","031","804806","1","170318048061","Block Group 1","G5030","S",224617,0,"+42.0101783","-088.1305351"
76,77,"US1ILCK0172","ELK GROVE VILLAGE 0.6 NNE, IL US","(42.0145,-87.988)",42.0145,-87.988,215,276,11/13/2010,3/6/2013,0,0,0,0,0,0,0,0,0,0,275,0,0,276,229,0,0,0,0,0,0,0,0,0,3,2,0,0,0,0,0,0,0,0,0,0,0,0,0,0,0,0,0,0,0,0,0,0,0,0,0,0,7625,"17","031","770300","2","170317703002","Block Group 2","G5030","S",1244264,0,"+42.0117181","-087.9820108"
85,86,"US1ILCK0192","PARK RIDGE 0.7 WNW, IL US","(42.0168,-87.8557)",42.0168,-87.8557,193,2180,8/31/2011,12/28/2018,0,0,0,0,0,0,0,0,0,0,2179,0,0,1513,599,0,0,0,0,0,0,0,0,0,46,40,0,0,0,0,0,0,0,0,0,0,0,0,0,0,0,0,0,0,0,0,0,0,0,0,0,0,3865,"17","031","805801","3","170318058013","Block Group 3","G5030","S",580206,58160,"+42.0150100","-087.8588674"
37,38,"US1ILCK0083","STREAMWOOD 0.2 SW, IL US","(42.0188,-88.1755)",42.0188,-88.1755,246,985,9/4/2007,7/2/2018,0,0,0,0,0,0,0,0,0,0,985,0,0,566,60,0,0,0,0,0,0,0,0,0,6,28,0,0,0,0,0,0,0,0,0,0,0,0,0,0,0,0,0,0,0,0,0,0,0,0,0,0,3477,"17","031","804306","4","170318043064","Block Group 4","G5030","S",757864,0,"+42.0169389","-088.1747994"
297,298,"USC00118324","STREAMWOOD, IL US","(42.02556,-88.17833)",42.02556,-88.17833,250,2116,1/1/2006,11/27/2011,0,0,0,0,0,1,0,0,0,0,2113,324,324,2115,2110,324,324,0,2103,2101,2106,0,0,0,35,0,0,0,322,328,0,169,10,4,21,0,0,0,0,9,0,0,0,0,0,0,0,0,0,324,324,2098,3475,"17","031","804306","1","170318043061","Block Group 1","G5030","S",1127838,0,"+42.0251086","-088.1768894"
56,57,"US1ILCK0131","SCHAUMBURG 2.0 E, IL US","(42.0303,-88.044)",42.0303,-88.044,226,2744,12/21/2008,12/30/2018,0,0,0,0,0,0,0,0,0,0,2743,0,0,2036,892,0,0,0,0,0,0,0,0,0,44,153,0,0,0,0,0,0,0,0,0,0,0,0,0,0,0,0,0,0,0,0,0,0,0,0,0,0,6698,"17","031","804609","3","170318046093","Block Group 3","G5030","S",1478936,0,"+42.0325055","-088.0380131"
41,42,"US1ILCK0091","EVANSTON 1.2 SSE, IL US","(42.0306,-87.6857)",42.0306,-87.6857,188,1186,3/17/2008,8/12/2014,0,0,0,0,0,0,0,0,0,0,1184,0,0,746,2,0,0,0,0,0,0,0,0,0,0,0,0,0,0,0,0,0,0,0,0,0,0,0,0,0,0,0,0,0,0,0,0,0,0,0,0,0,3340,"17","031","810100","4","170318101004","Block Group 4","G5030","S",165045,0,"+42.0293086","-087.6870879"
8,9,"US1ILCK0027","STREAMWOOD 1.1 NNE, IL US","(42.0355,-88.1651)",42.0355,-88.1651,246,418,8/17/2007,11/17/2008,0,0,0,0,0,0,0,0,0,0,418,0,0,418,80,0,0,0,0,0,0,0,0,0,27,41,0,0,0,0,0,0,0,0,0,0,0,0,0,0,0,0,0,0,0,0,0,0,0,0,0,0,3427,"17","031","804305","3","170318043053","Block Group 3","G5030","S",613655,86802,"+42.0320466","-088.1604511"
14,15,"US1ILCK0046","DES PLAINES 0.5 NW, IL US","(42.0398,-87.9083)",42.0398,-87.9083,200,1332,2/20/2007,7/23/2011,0,0,0,0,0,0,0,0,0,0,1331,0,0,1201,579,0,0,0,0,0,0,0,0,0,6,8,0,0,0,0,0,0,0,0,0,0,0,0,0,0,0,0,0,0,0,0,0,0,0,0,0,0,3335,"17","031","806300","6","170318063006","Block Group 6","G5030","S",275497,0,"+42.0396913","-087.9083841"
11,12,"US1ILCK0041","HOFFMAN ESTATES 2.1 SE, IL US","(42.0455,-88.1072)",42.0455,-88.1072,251,461,4/18/2007,6/27/2010,0,0,0,0,0,0,0,0,0,0,461,0,0,411,0,0,0,0,0,0,0,0,0,0,0,0,0,0,0,0,0,0,0,0,0,0,0,0,0,0,0,0,0,0,0,0,0,0,0,0,0,0,9566,"17","031","804716","1","170318047161","Block Group 1","G5030","S",975499,0,"+42.0418667","-088.1106583"
115,116,"US1ILCK0278","HOFFMAN ESTATES 1.6 SE, IL US","(42.0481,-88.1162)",42.0481,-88.1162,242,986,4/5/2016,12/30/2018,0,0,0,0,0,0,0,0,0,0,986,0,0,5,0,0,0,0,0,0,0,0,0,0,0,0,0,0,0,0,0,0,0,0,0,0,0,0,0,0,0,0,0,0,0,0,0,0,0,0,0,0,3908,"17","031","804705","3","170318047053","Block Group 3","G5030","S",565730,0,"+42.0506082","-088.1204182"
6,7,"US1ILCK0018","SKOKIE 1.0 NNE, IL US","(42.0503,-87.7298)",42.0503,-87.7298,192,283,12/14/2006,1/3/2009,0,0,0,0,0,0,0,0,0,0,283,0,0,283,61,0,0,0,0,0,0,0,0,0,6,0,0,0,0,0,0,0,0,0,0,0,0,0,0,0,0,0,0,0,0,0,0,0,0,0,0,0,3432,"17","031","806700","3","170318067003","Block Group 3","G5030","S",402672,0,"+42.0516315","-087.7293543"
105,106,"US1ILCK0245","ARLINGTON HEIGHTS 2.6 SSW, IL US","(42.0578,-87.9926)",42.0578,-87.9926,220,996,9/5/2014,12/30/2018,0,0,0,0,0,0,0,0,0,0,996,0,0,388,76,0,0,0,0,0,0,0,0,0,35,51,0,0,0,0,0,0,0,0,0,0,0,0,0,0,0,0,0,0,0,0,0,0,0,0,0,0,6984,"17","031","805109","2","170318051092","Block Group 2","G5030","S",955663,0,"+42.0562982","-087.9867818"
49,50,"US1ILCK0107","EVANSTON 1.4 N, IL US","(42.0669,-87.6898)",42.0669,-87.6898,191,3620,4/1/2008,12/10/2018,0,0,0,0,0,0,0,0,0,0,3619,0,0,2477,599,0,0,0,0,0,0,0,0,0,6,13,0,0,0,0,0,0,0,0,0,0,0,0,0,0,0,0,0,0,0,0,0,0,0,0,0,0,3926,"17","031","808800","1","170318088001","Block Group 1","G5030","S",770395,0,"+42.0650346","-087.6944680"
79,80,"US1ILCK0178","ROLLING MEADOWS 0.9 ESE, IL US","(42.0693,-88.01)",42.0693,-88.01,215,772,4/25/2011,10/11/2017,0,0,0,0,0,0,0,0,0,0,769,0,0,472,26,0,0,0,0,0,0,0,0,0,19,27,0,0,0,0,0,0,0,0,0,0,0,0,0,0,0,0,0,0,0,0,0,0,0,0,0,0,3368,"17","031","804000","1","170318040001","Block Group 1","G5030","S",856977,0,"+42.0727077","-088.0105230"
96,97,"US1ILCK0215","GLENVIEW 0.9 SW, IL US","(42.0726,-87.8288)",42.0726,-87.8288,203,621,5/10/2013,1/23/2015,0,0,0,0,0,0,0,0,0,0,621,0,0,426,74,0,0,0,0,0,0,0,0,0,51,152,0,0,0,0,0,0,0,0,0,0,0,0,0,0,0,0,0,0,0,0,0,0,0,0,0,0,6677,"17","031","802002","1","170318020021","Block Group 1","G5030","S",1816069,0,"+42.0692442","-087.8317510"
65,66,"US1ILCK0150","ARLINGTON HEIGHTS 1.2 S, IL US","(42.078,-87.9838)",42.078,-87.9838,209,146,10/25/2009,5/10/2016,0,0,0,0,0,0,0,0,0,0,146,0,0,60,0,0,0,0,0,0,0,0,0,0,0,0,0,0,0,0,0,0,0,0,0,0,0,0,0,0,0,0,0,0,0,0,0,0,0,0,0,0,2336,"17","031","803500","1","170318035001","Block Group 1","G5030","S",366430,0,"+42.0783222","-087.9866117"
72,73,"US1ILCK0163","ARLINGTON HEIGHTS 1.2 SW, IL US","(42.0819,-87.9971)",42.0819,-87.9971,216,1613,3/28/2010,11/6/2018,0,0,0,0,0,0,0,0,0,0,1613,0,0,935,21,0,0,0,0,0,0,0,0,0,1,1,0,0,0,0,0,0,0,0,0,0,0,0,0,0,0,0,0,0,0,0,0,0,0,0,0,0,3826,"17","031","803300","1","170318033001","Block Group 1","G5030","S",948230,0,"+42.0848110","-087.9970818"
39,40,"US1ILCK0087","ARLINGTON HEIGHTS 1.3 SW, IL US","(42.0822,-88.0019)",42.0822,-88.0019,220,1156,12/5/2007,11/8/2018,0,0,0,0,0,0,0,0,0,0,1156,0,0,972,209,0,0,0,0,0,0,0,0,0,196,233,0,0,0,0,0,0,0,0,0,0,0,0,0,0,0,0,0,0,0,0,0,0,0,0,0,0,5426,"17","031","803500","5","170318035005","Block Group 5","G5030","S",523814,0,"+42.0794525","-087.9979741"
93,94,"US1ILCK0208","GLENVIEW 1.2 WNW, IL US","(42.0888,-87.8358)",42.0888,-87.8358,200,326,12/1/2012,4/13/2016,0,0,0,0,0,0,0,0,0,0,326,0,0,237,5,0,0,0,0,0,0,0,0,0,2,0,0,0,0,0,0,0,0,0,0,0,0,0,0,0,0,0,0,0,0,0,0,0,0,0,0,0,7627,"17","031","802002","2","170318020022","Block Group 2","G5030","S",1408220,0,"+42.0783510","-087.8324979"
78,79,"US1ILCK0175","WINNETKA 1.2 S, IL US","(42.0889,-87.74)",42.0889,-87.74,195,932,12/1/2010,10/19/2014,0,0,0,0,0,0,0,0,0,0,931,0,0,653,41,0,0,0,0,0,0,0,0,0,3,1,0,0,0,0,0,0,0,0,0,0,0,0,0,0,0,0,0,0,0,0,0,0,0,0,0,0,9497,"17","031","800700","1","170318007001","Block Group 1","G5030","S",1240269,0,"+42.0895910","-087.7341216"
98,99,"US1ILCK0220","ARLINGTON HEIGHTS 0.5 SE, IL US","(42.0903,-87.9752)",42.0903,-87.9752,209,138,5/27/2013,11/25/2013,0,0,0,0,0,0,0,0,0,0,138,0,0,80,0,0,0,0,0,0,0,0,0,0,0,0,0,0,0,0,0,0,0,0,0,0,0,0,0,0,0,0,0,0,0,0,0,0,0,0,0,0,3605,"17","031","802900","3","170318029003","Block Group 3","G5030","S",1734378,0,"+42.0915970","-087.9625081"
60,61,"US1ILCK0143","INVERNESS 1.7 S, IL US","(42.0904,-88.0949)",42.0904,-88.0949,258,1616,7/10/2009,4/12/2014,0,0,0,0,0,0,0,0,0,0,1615,0,0,1210,611,0,0,0,0,0,0,0,0,0,97,528,0,0,0,0,0,0,0,0,0,0,0,0,0,0,0,0,0,0,0,0,0,0,0,0,0,0,3423,"17","031","804105","3","170318041053","Block Group 3","G5030","S",1191900,0,"+42.0941774","-088.0960709"
13,14,"US1ILCK0045","GLENVIEW 1.6 WNW, IL US","(42.092,-87.8416)",42.092,-87.8416,206,188,7/8/2008,11/29/2012,0,0,0,0,0,0,0,0,0,0,188,0,0,141,6,0,0,0,0,0,0,0,0,0,0,6,0,0,0,0,0,0,0,0,0,0,0,0,0,0,0,0,0,0,0,0,0,0,0,0,0,0,7547,"17","031","801608","4","170318016084","Block Group 4","G5030","S",1685725,0,"+42.0972176","-087.8407818"
12,13,"US1ILCK0042","MOUNT PROSPECT 3.0 NE, IL US","(42.0962,-87.8967)",42.0962,-87.8967,199,3367,3/26/2007,12/30/2018,0,0,0,0,0,0,0,0,0,0,3361,0,0,2522,457,0,0,0,0,0,0,0,0,0,8,15,0,0,0,0,0,0,0,0,0,0,0,0,0,0,0,0,0,0,0,0,0,0,0,0,0,0,4674,"17","031","802610","1","170318026101","Block Group 1","G5030","S",1281207,0,"+42.0976999","-087.8954888"
86,87,"US1ILCK0193","WINNETKA 0.8 ESE, IL US","(42.1016,-87.729)",42.1016,-87.729,192,1941,11/17/2011,12/30/2018,0,0,0,0,0,0,0,0,0,0,1940,0,0,871,173,0,0,0,0,0,0,0,0,0,151,209,0,0,0,0,0,0,0,0,0,0,0,0,0,0,0,0,0,0,0,0,0,0,0,0,0,0,7403,"17","031","800400","2","170318004002","Block Group 2","G5030","S",991980,0,"+42.1037532","-087.7262333"
70,71,"US1ILCK0156","ARLINGTON HEIGHTS 0.6 N, IL US","(42.1031,-87.9814)",42.1031,-87.9814,215,164,12/1/2009,3/10/2013,0,0,0,0,0,0,0,0,0,0,162,0,0,119,43,0,0,0,0,0,0,0,0,0,10,2,0,0,0,0,0,0,0,0,0,0,0,0,0,0,0,0,0,0,0,0,0,0,0,0,0,0,3778,"17","031","803100","1","170318031001","Block Group 1","G5030","S",1006735,0,"+42.1052180","-087.9863225"
53,54,"US1ILCK0121","PALATINE 1.3 E, IL US","(42.1139,-88.0178)",42.1139,-88.0178,223,3837,5/28/2008,12/30/2018,0,0,0,0,0,0,0,0,0,0,3837,0,0,3660,2453,0,0,0,0,0,0,0,0,0,21,251,0,0,0,0,0,0,0,0,0,0,0,0,0,0,0,0,0,0,0,0,0,0,0,0,0,0,3955,"17","031","803607","4","170318036074","Block Group 4","G5030","S",628901,0,"+42.1132720","-088.0183832"
35,36,"US1ILCK0081","ARLINGTON HEIGHTS 1.8 NNW, IL US","(42.1192,-87.9951)",42.1192,-87.9951,221,1985,8/16/2007,1/12/2015,0,0,0,0,0,0,0,0,0,0,1985,0,0,1385,16,0,0,0,0,0,0,0,0,0,1,2,0,0,0,0,0,0,0,0,0,0,0,0,0,0,0,0,0,0,0,0,0,0,0,0,0,0,3651,"17","031","803017","1","170318030171","Block Group 1","G5030","S",1218608,0,"+42.1141452","-087.9905932"
300,301,"USW00004838","CHICAGO PALWAUKEE AIRPORT, IL US","(42.12083,-87.90472)",42.12083,-87.90472,194,4714,1/1/2006,12/29/2018,4697,0,0,0,0,0,0,0,0,4714,4694,0,0,0,0,0,0,0,4709,4709,0,4714,4714,0,0,0,4714,4714,0,1493,152,377,0,1,0,0,1120,0,0,0,0,0,0,0,0,0,0,0,0,0,0,4709,9563,"17","031","802505","3","170318025053","Block Group 3","G5030","S",1277576,0,"+42.1235041","-087.9014562"
119,120,"US1ILCK0294","PALATINE 1.4 NNE, IL US","(42.1299,-88.028)",42.1299,-88.028,232,607,4/3/2017,12/30/2018,0,0,0,0,0,0,0,0,0,0,607,0,0,389,39,0,0,0,0,0,0,0,0,0,25,42,0,0,0,0,0,0,0,0,0,0,0,0,0,0,0,0,0,0,0,0,0,0,0,0,0,0,8955,"17","031","803605","1","170318036051","Block Group 1","G5030","S",959620,0,"+42.1343851","-088.0286753"
97,98,"US1ILCK0218","NORTHBROOK 1.0 W, IL US","(42.1311,-87.8531)",42.1311,-87.8531,206,163,4/26/2013,7/16/2014,0,0,0,0,0,0,0,0,0,0,163,0,0,74,1,0,0,0,0,0,0,0,0,0,1,2,0,0,0,0,0,0,0,0,0,0,0,0,0,0,0,0,0,0,0,0,0,0,0,0,0,0,7483,"17","031","801605","1","170318016051","Block Group 1","G5030","S",673455,0,"+42.1346150","-087.8533464"
18,19,"US1ILCK0053","GLENCOE 0.1 NW, IL US","(42.1357,-87.7654)",42.1357,-87.7654,212,1820,3/1/2007,11/11/2018,0,0,0,0,0,0,0,0,0,0,1820,0,0,574,10,0,0,0,0,0,0,0,0,0,5,7,0,0,0,0,0,0,0,0,0,0,0,0,0,0,0,0,0,0,0,0,0,0,0,0,0,0,7310,"17","031","800200","2","170318002002","Block Group 2","G5030","S",922835,0,"+42.1339957","-087.7633149"
284,285,"USC00111497","CHICAGO BOTANIC GARDEN, IL US","(42.13987,-87.78537)",42.13987,-87.78537,192,4744,1/1/2006,12/31/2018,0,0,0,2145,0,1,0,2181,2166,0,4722,4664,4664,4437,4436,4665,4664,0,4737,4736,4734,0,0,2236,546,0,0,0,0,225,0,179,9,8,46,0,0,0,0,8,0,0,0,0,0,0,0,0,0,0,0,4733,7309,"17","031","800200","1","170318002001","Block Group 1","G5030","S",2587489,226640,"+42.1457234","-087.7803842"
19,20,"US1ILCK0054","PALATINE 2.7 NNE, IL US","(42.1468,-88.0197)",42.1468,-88.0197,228,1090,3/28/2007,8/5/2011,0,0,0,0,0,0,0,0,0,0,1090,0,0,935,132,0,0,0,0,0,0,0,0,0,3,18,0,0,0,0,0,0,0,0,0,0,0,0,0,0,0,0,0,0,0,0,0,0,0,0,0,0,3992,"17","031","803611","3","170318036113","Block Group 3","G5030","S",284274,0,"+42.1480463","-088.0186776"
205,206,"US1ILLK0103","BUFFALO GROVE 1.3 ESE, IL US","(42.1611,-87.9394)",42.1611,-87.9394,202,253,4/22/2018,12/30/2018,0,0,0,0,0,0,0,0,0,0,253,0,0,114,1,0,0,0,0,0,0,0,0,0,0,0,0,0,0,0,0,0,0,0,0,0,0,0,0,0,0,0,0,0,0,0,0,0,0,0,0,0,2440,"17","097","864520","3","170978645203","Block Group 3","G5030","S",1292020,0,"+42.1570415","-087.9446628"
202,203,"US1ILLK0039","RIVERWOODS 0.4 ENE, IL US","(42.1726,-87.8884)",42.1726,-87.8884,211,3398,4/12/2008,12/30/2018,0,0,0,0,0,0,0,0,0,0,3395,0,0,2357,731,0,0,0,0,0,0,0,0,0,25,177,0,0,0,0,0,0,0,0,0,0,0,0,0,0,0,0,0,0,0,0,0,0,0,0,0,0,2446,"17","097","864522","2","170978645222","Block Group 2","G5030","S",2552939,0,"+42.1818065","-087.8954909"
200,201,"US1ILLK0016","BUFFALO GROVE 1.5 N, IL US","(42.188,-87.959)",42.188,-87.959,213,4172,2/11/2007,12/30/2018,0,0,0,0,0,0,0,0,0,0,4172,0,0,3021,1213,0,0,0,0,0,0,0,0,0,282,1095,0,0,0,0,0,0,0,0,0,0,0,0,0,0,0,0,0,0,0,0,0,0,0,0,0,0,8063,"17","097","864520","1","170978645201","Block Group 1","G5030","S",2336428,0,"+42.1825210","-087.9543123"
199,200,"US1ILLK0015","BANNOCKBURN 0.5 ESE, IL US","(42.1896,-87.86)",42.1896,-87.86,205,1224,9/26/2007,11/7/2018,0,0,0,0,0,0,0,0,0,0,1224,0,0,702,2,0,0,0,0,0,0,0,0,0,0,0,0,0,0,0,0,0,0,0,0,0,0,0,0,0,0,0,0,0,0,0,0,0,0,0,0,0,7076,"17","097","864801","1","170978648011","Block Group 1","G5030","S",5305615,33164,"+42.1922265","-087.8698114"
201,202,"US1ILLK0025","LINCOLNSHIRE 1.3 WSW, IL US","(42.1913,-87.9403)",42.1913,-87.9403,205,3937,10/1/2006,12/5/2017,0,0,0,0,0,0,0,0,0,0,3937,0,0,2914,269,0,0,0,0,0,0,0,0,0,29,99,0,0,0,0,0,0,0,0,0,0,0,0,0,0,0,0,0,0,0,0,0,0,0,0,0,0,2444,"17","097","864521","1","170978645211","Block Group 1","G5030","S",4594590,164408,"+42.1902498","-087.9326797"
204,205,"US1ILLK0069","HIGHWOOD 0.9 S, IL US","(42.1984,-87.814)",42.1984,-87.814,210,2447,4/14/2012,12/30/2018,0,0,0,0,0,0,0,0,0,0,2386,0,0,2264,1671,0,0,0,0,0,0,0,0,0,0,16,0,0,0,0,0,0,0,0,0,0,0,0,0,0,0,0,0,0,0,0,0,0,0,0,0,0,6476,"17","097","865200","3","170978652003","Block Group 3","G5030","S",364536,0,"+42.2011108","-087.8155453"
198,199,"US1ILLK0011","LINCOLNSHIRE 0.9 N, IL US","(42.2082,-87.9188)",42.2082,-87.9188,209,3395,3/3/2007,12/10/2018,0,0,0,0,0,0,0,0,0,0,3395,0,0,2441,850,0,0,0,0,0,0,0,0,0,4,0,0,0,0,0,0,0,0,0,0,0,0,0,0,0,0,0,0,0,0,0,0,0,0,0,0,0,6522,"17","097","866200","1","170978662001","Block Group 1","G5030","S",17273888,305867,"+42.2157411","-087.9199337"
203,204,"US1ILLK0068","HIGHWOOD 0.3 WSW, IL US","(42.2097,-87.8177)",42.2097,-87.8177,206,161,4/15/2012,2/27/2013,0,0,0,0,0,0,0,0,0,0,160,0,0,103,6,0,0,0,0,0,0,0,0,0,6,6,0,0,0,0,0,0,0,0,0,0,0,0,0,0,0,0,0,0,0,0,0,0,0,0,0,0,6474,"17","097","865200","1","170978652001","Block Group 1","G5030","S",233345,0,"+42.2064191","-087.8149549"
