"FID_noaa_w","Field1","STATION","NAME","location","LATITUDE","LONGITUDE","ELEVATION","nrows","min_date","max_date","AWND_n","DAPR_n","DASF_n","EVAP_n","FMTM_n","MDPR_n","MDSF_n","MNPN_n","MXPN_n","PGTM_n","PRCP_n","SN32_n","SN52_n","SNOW_n","SNWD_n","SX32_n","SX52_n","TAVG_n","TMAX_n","TMIN_n","TOBS_n","WDF2_n","WDF5_n","WDMV_n","WESD_n","WESF_n","WSF2_n","WSF5_n","WSFG_n","WT01_n","WT02_n","WT03_n","WT04_n","WT05_n","WT06_n","WT07_n","WT08_n","WT09_n","WT10_n","WT11_n","WT13_n","WT14_n","WT15_n","WT16_n","WT17_n","WT18_n","WT19_n","WT21_n","WT22_n","SN53_n","SX53_n","tavg2_n","FID_tl_201","ZCTA5CE10","GEOID10","CLASSFP10","MTFCC10","FUNCSTAT10","ALAND10","AWATER10","INTPTLAT10","INTPTLON10"
293,294,"USC00115763","MONEE RESERVOIR, IL US","(41.39355,-87.76438)",41.39355,-87.76438,226,4391,1/1/2006,12/27/2018,0,109,0,0,0,150,1,0,0,0,4108,0,0,3229,3206,0,0,0,0,0,0,0,0,0,4,0,0,0,0,220,0,240,27,11,19,0,0,0,0,22,0,0,0,0,0,0,0,0,0,0,0,0,10398,"60449","60449","B5","G6350","S",125852819,167099,"+41.4175495","-087.7788858"
242,243,"US1ILWL0140","CRETE 3.7 SSE, IL US","(41.4048,-87.5843)",41.4048,-87.5843,220,416,10/11/2017,12/30/2018,0,0,0,0,0,0,0,0,0,0,416,0,0,248,4,0,0,0,0,0,0,0,0,0,1,3,0,0,0,0,0,0,0,0,0,0,0,0,0,0,0,0,0,0,0,0,0,0,0,0,0,0,26912,"60417","60417","B5","G6350","S",100837942,106002,"+41.4275852","-087.5861488"
252,253,"US1INLK0029","CROWN POINT 3.1 WSW, IN US","(41.4125,-87.4157)",41.4125,-87.4157,218,486,2/6/2008,12/9/2011,0,0,0,0,0,0,0,0,0,0,485,0,0,395,30,0,0,0,0,0,0,0,0,0,3,4,0,0,0,0,0,0,0,0,0,0,0,0,0,0,0,0,0,0,0,0,0,0,0,0,0,0,21640,"46307","46307","B5","G6350","S",226887849,1887191,"+41.4024083","-087.3255247"
236,237,"US1ILWL0121","MONEE 4.9 W, IL US","(41.4147,-87.8479)",41.4147,-87.8479,221,1545,7/1/2014,12/30/2018,0,0,0,0,0,0,0,0,0,0,1545,0,0,837,0,0,0,0,0,0,0,0,0,0,0,3,0,0,0,0,0,0,0,0,0,0,0,0,0,0,0,0,0,0,0,0,0,0,0,0,0,0,10398,"60449","60449","B5","G6350","S",125852819,167099,"+41.4175495","-087.7788858"
280,281,"US1INLK0099","ST. JOHN 2.8 SE, IN US","(41.4152,-87.4436)",41.4152,-87.4436,223,230,5/15/2018,12/30/2018,0,0,0,0,0,0,0,0,0,0,230,0,0,157,0,0,0,0,0,0,0,0,0,0,0,0,0,0,0,0,0,0,0,0,0,0,0,0,0,0,0,0,0,0,0,0,0,0,0,0,0,0,21640,"46307","46307","B5","G6350","S",226887849,1887191,"+41.4024083","-087.3255247"
220,221,"US1ILWL0065","CRETE 2.6 SSW, IL US","(41.4171,-87.63)",41.4171,-87.63,230,812,4/1/2010,10/8/2018,0,0,0,0,0,0,0,0,0,0,811,0,0,439,2,0,0,0,0,0,0,0,0,0,2,1,0,0,0,0,0,0,0,0,0,0,0,0,0,0,0,0,0,0,0,0,0,0,0,0,0,0,26912,"60417","60417","B5","G6350","S",100837942,106002,"+41.4275852","-087.5861488"
299,300,"USC00121940","CROWN POINT 1 N, IN US","(41.4388,-87.3545)",41.4388,-87.3545,212,4700,1/1/2006,12/30/2018,0,8,0,0,0,8,0,0,0,0,4694,0,0,3837,3120,0,0,0,0,0,0,0,0,0,103,144,0,0,0,27,0,52,2,0,3,0,0,0,0,2,0,0,0,0,0,0,0,0,0,0,0,0,21640,"46307","46307","B5","G6350","S",226887849,1887191,"+41.4024083","-087.3255247"
208,209,"US1ILWL0018","CRETE 1.4 SW, IL US","(41.4411,-87.6379)",41.4411,-87.6379,226,236,4/16/2007,9/20/2008,0,0,0,0,0,0,0,0,0,0,236,0,0,236,1,0,0,0,0,0,0,0,0,0,0,0,0,0,0,0,0,0,0,0,0,0,0,0,0,0,0,0,0,0,0,0,0,0,0,0,0,0,26912,"60417","60417","B5","G6350","S",100837942,106002,"+41.4275852","-087.5861488"
241,242,"US1ILWL0138","CRETE 2.7 W, IL US","(41.4457,-87.6658)",41.4457,-87.6658,229,421,10/8/2017,12/30/2018,0,0,0,0,0,0,0,0,0,0,421,0,0,230,0,0,0,0,0,0,0,0,0,0,0,0,0,0,0,0,0,0,0,0,0,0,0,0,0,0,0,0,0,0,0,0,0,0,0,0,0,0,26912,"60417","60417","B5","G6350","S",100837942,106002,"+41.4275852","-087.5861488"
261,262,"US1INLK0046","ST. JOHN 0.2 WSW, IN US","(41.4463,-87.4802)",41.4463,-87.4802,213,3148,1/1/2010,11/26/2018,0,0,0,0,0,0,0,0,0,0,3147,0,0,3053,1266,0,0,0,0,0,0,0,0,0,23,13,0,0,0,0,0,0,0,0,0,0,0,0,0,0,0,0,0,0,0,0,0,0,0,0,0,0,21995,"46373","46373","B5","G6350","S",26206116,224442,"+41.4483546","-087.4679011"
209,210,"US1ILWL0025","CRETE 2.6 E, IL US","(41.4468,-87.5657)",41.4468,-87.5657,213,4145,5/18/2007,12/30/2018,0,0,0,0,0,0,0,0,0,0,4145,0,0,2946,965,0,0,0,0,0,0,0,0,0,1,4,0,0,0,0,0,0,0,0,0,0,0,0,0,0,0,0,0,0,0,0,0,0,0,0,0,0,26912,"60417","60417","B5","G6350","S",100837942,106002,"+41.4275852","-087.5861488"
256,257,"US1INLK0035","ST. JOHN 1.9 ENE, IN US","(41.4559,-87.4412)",41.4559,-87.4412,222,1127,6/26/2008,2/6/2015,0,0,0,0,0,0,0,0,0,0,1126,0,0,830,0,0,0,0,0,0,0,0,0,0,0,0,0,0,0,0,0,0,0,0,0,0,0,0,0,0,0,0,0,0,0,0,0,0,0,0,0,0,21995,"46373","46373","B5","G6350","S",26206116,224442,"+41.4483546","-087.4679011"
292,293,"USC00115314","MANHATTAN 5 NE, IL US","(41.45886,-87.91044)",41.45886,-87.91044,228,3186,1/1/2010,12/31/2018,0,8,0,0,0,8,0,0,0,0,3176,0,0,3066,2712,0,0,0,0,0,0,0,0,0,197,54,0,0,0,0,0,0,0,2,0,0,0,0,0,0,0,0,0,0,0,0,0,0,0,0,0,0,9715,"60442","60442","B5","G6350","S",177126996,0,"+41.3927127","-087.9635192"
245,246,"US1INLK0001","SCHERERVILLE 2.5 SE, IN US","(41.4616,-87.4167)",41.4616,-87.4167,217,311,5/25/2006,10/17/2007,0,0,0,0,0,0,0,0,0,0,311,0,0,311,1,0,0,0,0,0,0,0,0,0,0,0,0,0,0,0,0,0,0,0,0,0,0,0,0,0,0,0,0,0,0,0,0,0,0,0,0,0,21640,"46307","46307","B5","G6350","S",226887849,1887191,"+41.4024083","-087.3255247"
254,255,"US1INLK0033","MERRILLVILLE 1.6 ESE, IN US","(41.4621,-87.2968)",41.4621,-87.2968,217,2377,7/8/2008,7/23/2017,0,0,0,0,0,0,0,0,0,0,2377,0,0,1410,9,0,0,0,0,0,0,0,0,0,0,0,0,0,0,0,0,0,0,0,0,0,0,0,0,0,0,0,0,0,0,0,0,0,0,0,0,0,22366,"46410","46410","B5","G6350","S",76443748,76005,"+41.4802070","-087.3330651"
239,240,"US1ILWL0136","CRETE 3.3 ENE FRANKTUARY FARM, IL US","(41.4663,-87.5544)",41.4663,-87.5544,207,569,5/24/2017,12/30/2018,0,0,0,0,0,0,0,0,0,0,569,0,0,397,79,0,0,0,0,0,0,0,0,0,71,85,0,0,0,0,0,0,0,0,0,0,0,0,0,0,0,0,0,0,0,0,0,0,0,0,0,0,26912,"60417","60417","B5","G6350","S",100837942,106002,"+41.4275852","-087.5861488"
227,228,"US1ILWL0093","NEW LENOX 4.2 SE, IL US","(41.4681,-87.9378)",41.4681,-87.9378,220,1573,4/16/2012,7/27/2018,0,0,0,0,0,0,0,0,0,0,1570,0,0,1311,1027,0,0,0,0,0,0,0,0,0,1014,1085,0,0,0,0,0,0,0,0,0,0,0,0,0,0,0,0,0,0,0,0,0,0,0,0,0,0,10403,"60451","60451","B5","G6350","S",66368268,193001,"+41.5076473","-087.9610892"
92,93,"US1ILCK0206","PARK FOREST 1.0 SW, IL US","(41.4723,-87.7013)",41.4723,-87.7013,221,2042,1/29/2013,12/30/2018,0,0,0,0,0,0,0,0,0,0,2042,0,0,1583,830,0,0,0,0,0,0,0,0,0,1,0,0,0,0,0,0,0,0,0,0,0,0,0,0,0,0,0,0,0,0,0,0,0,0,0,0,0,2309,"60466","60466","B5","G6350","S",16589778,66519,"+41.4778163","-087.6831878"
270,271,"US1INLK0070","SCHERERVILLE 2.1 ESE, IN US","(41.4738,-87.4139)",41.4738,-87.4139,208,115,7/28/2013,8/16/2016,0,0,0,0,0,0,0,0,0,0,115,0,0,26,0,0,0,0,0,0,0,0,0,0,0,0,0,0,0,0,0,0,0,0,0,0,0,0,0,0,0,0,0,0,0,0,0,0,0,0,0,0,21640,"46307","46307","B5","G6350","S",226887849,1887191,"+41.4024083","-087.3255247"
249,250,"US1INLK0019","SCHERERVILLE 2.0 WSW, IN US","(41.4761,-87.4819)",41.4761,-87.4819,204,2154,4/22/2007,1/9/2014,0,0,0,0,0,0,0,0,0,0,1938,0,0,1708,417,0,0,0,0,0,0,0,0,0,3,2,0,0,0,0,0,0,0,0,0,0,0,0,0,0,0,0,0,0,0,0,0,0,0,0,0,0,21997,"46375","46375","B5","G6350","S",35100905,128559,"+41.4918181","-087.4487460"
251,252,"US1INLK0027","SCHERERVILLE 0.6 SSW, IN US","(41.4811,-87.4529)",41.4811,-87.4529,206,747,7/10/2007,8/23/2014,0,0,0,0,0,0,0,0,0,0,747,0,0,571,0,0,0,0,0,0,0,0,0,0,0,0,0,0,0,0,0,0,0,0,0,0,0,0,0,0,0,0,0,0,0,0,0,0,0,0,0,0,21997,"46375","46375","B5","G6350","S",35100905,128559,"+41.4918181","-087.4487460"
253,254,"US1INLK0031","MERRILLVILLE 0.8 NNW, IN US","(41.4826,-87.3325)",41.4826,-87.3325,201,500,3/4/2008,4/24/2011,0,0,0,0,0,0,0,0,0,0,500,0,0,364,0,0,0,0,0,0,0,0,0,0,0,0,0,0,0,0,0,0,0,0,0,0,0,0,0,0,0,0,0,0,0,0,0,0,0,0,0,0,22366,"46410","46410","B5","G6350","S",76443748,76005,"+41.4802070","-087.3330651"
272,273,"US1INLK0078","SCHERERVILLE 1.4 E, IN US","(41.4853,-87.4215)",41.4853,-87.4215,200,1375,5/16/2014,12/19/2018,0,0,0,0,0,0,0,0,0,0,1375,0,0,976,8,0,0,0,0,0,0,0,0,0,0,2,0,0,0,0,0,0,0,0,0,0,0,0,0,0,0,0,0,0,0,0,0,0,0,0,0,0,21997,"46375","46375","B5","G6350","S",35100905,128559,"+41.4918181","-087.4487460"
222,223,"US1ILWL0070","FRANKFORT 2.2 WSW, IL US","(41.4891,-87.8766)",41.4891,-87.8766,238,101,4/27/2010,8/27/2010,0,0,0,0,0,0,0,0,0,0,101,0,0,56,0,0,0,0,0,0,0,0,0,0,0,0,0,0,0,0,0,0,0,0,0,0,0,0,0,0,0,0,0,0,0,0,0,0,0,0,0,0,27239,"60423","60423","B5","G6350","S",94442018,6765,"+41.4773492","-087.8324186"
268,269,"US1INLK0067","SCHERERVILLE 1.1 E, IN US","(41.4893,-87.4275)",41.4893,-87.4275,197,1649,8/2/2013,12/30/2018,0,0,0,0,0,0,0,0,0,0,1649,0,0,1061,0,0,0,0,0,0,0,0,0,0,0,0,0,0,0,0,0,0,0,0,0,0,0,0,0,0,0,0,0,0,0,0,0,0,0,0,0,0,21997,"46375","46375","B5","G6350","S",35100905,128559,"+41.4918181","-087.4487460"
28,29,"US1ILCK0069","PARK FOREST 0.8 NNE, IL US","(41.4928,-87.6815)",41.4928,-87.6815,220,2557,3/28/2007,12/27/2018,0,0,0,0,0,0,0,0,0,0,2556,0,0,1589,78,0,0,0,0,0,0,0,0,0,6,9,0,0,0,0,0,0,0,0,0,0,0,0,0,0,0,0,0,0,0,0,0,0,0,0,0,0,2309,"60466","60466","B5","G6350","S",16589778,66519,"+41.4778163","-087.6831878"
257,258,"US1INLK0037","SCHERERVILLE 2.3 E, IN US","(41.4928,-87.4049)",41.4928,-87.4049,195,717,9/9/2008,5/21/2012,0,0,0,0,0,0,0,0,0,0,717,0,0,353,0,0,0,0,0,0,0,0,0,0,0,0,0,0,0,0,0,0,0,0,0,0,0,0,0,0,0,0,0,0,0,0,0,0,0,0,0,0,21997,"46375","46375","B5","G6350","S",35100905,128559,"+41.4918181","-087.4487460"
295,296,"USC00116616","PARK FOREST, IL US","(41.4947,-87.6802)",41.4947,-87.6802,216,4597,1/1/2006,12/31/2018,0,4,0,0,0,20,7,0,0,0,4550,0,0,4117,4099,0,0,0,4525,4542,4543,0,0,0,0,0,0,0,0,76,0,100,10,6,11,0,0,0,0,24,0,0,0,0,0,0,0,0,0,0,0,4522,2309,"60466","60466","B5","G6350","S",16589778,66519,"+41.4778163","-087.6831878"
266,267,"US1INLK0059","W9MAL MERRILLVILLE 2.0 NNW, IN US","(41.4955,-87.3461)",41.4955,-87.3461,193,1703,1/15/2012,12/29/2018,0,0,0,0,0,0,0,0,0,0,1700,0,0,1039,281,0,0,0,0,0,0,0,0,0,3,20,0,0,0,0,0,0,0,0,0,0,0,0,0,0,0,0,0,0,0,0,0,0,0,0,0,0,22366,"46410","46410","B5","G6350","S",76443748,76005,"+41.4802070","-087.3330651"
219,220,"US1ILWL0063","NEW LENOX 1.8 SE, IL US","(41.4996,-87.9603)",41.4996,-87.9603,214,3146,3/27/2010,12/30/2018,0,0,0,0,0,0,0,0,0,0,3145,0,0,2566,1819,0,0,0,0,0,0,0,0,0,1467,1826,0,0,0,0,0,0,0,0,0,0,0,0,0,0,0,0,0,0,0,0,0,0,0,0,0,0,10403,"60451","60451","B5","G6350","S",66368268,193001,"+41.5076473","-087.9610892"
218,219,"US1ILWL0059","NEW LENOX 1.4 SE, IL US","(41.5024,-87.9686)",41.5024,-87.9686,217,200,3/29/2010,10/27/2010,0,0,0,0,0,0,0,0,0,0,200,0,0,125,0,0,0,0,0,0,0,0,0,0,0,0,0,0,0,0,0,0,0,0,0,0,0,0,0,0,0,0,0,0,0,0,0,0,0,0,0,0,10403,"60451","60451","B5","G6350","S",66368268,193001,"+41.5076473","-087.9610892"
244,245,"US1ILWL0147","NEW LENOX 2.0 ESE, IL US","(41.5036,-87.9513)",41.5036,-87.9513,218,154,7/5/2018,12/23/2018,0,0,0,0,0,0,0,0,0,0,154,0,0,94,0,0,0,0,0,0,0,0,0,0,0,2,0,0,0,0,0,0,0,0,0,0,0,0,0,0,0,0,0,0,0,0,0,0,0,0,0,0,10403,"60451","60451","B5","G6350","S",66368268,193001,"+41.5076473","-087.9610892"
260,261,"US1INLK0045","MERRILLVILLE 3.0 NW, IN US","(41.5038,-87.3649)",41.5038,-87.3649,191,404,11/24/2009,2/9/2012,0,0,0,0,0,0,0,0,0,0,404,0,0,252,52,0,0,0,0,0,0,0,0,0,1,3,0,0,0,0,0,0,0,0,0,0,0,0,0,0,0,0,0,0,0,0,0,0,0,0,0,0,22366,"46410","46410","B5","G6350","S",76443748,76005,"+41.4802070","-087.3330651"
247,248,"US1INLK0015","DYER 1.0 WNW, IN US","(41.5067,-87.5248)",41.5067,-87.5248,192,3941,8/18/2007,12/30/2018,0,0,0,0,0,0,0,0,0,0,3931,0,0,3141,1591,0,0,0,0,0,0,0,0,0,94,1008,0,0,0,0,0,0,0,0,0,0,0,0,0,0,0,0,0,0,0,0,0,0,0,0,0,0,21642,"46311","46311","B5","G6350","S",35259222,0,"+41.4652653","-087.5089881"
231,232,"US1ILWL0106","FRANKFORT 2.3 ENE, IL US","(41.5105,-87.7962)",41.5105,-87.7962,221,145,5/30/2013,9/21/2014,0,0,0,0,0,0,0,0,0,0,145,0,0,79,0,0,0,0,0,0,0,0,0,0,0,0,0,0,0,0,0,0,0,0,0,0,0,0,0,0,0,0,0,0,0,0,0,0,0,0,0,0,27239,"60423","60423","B5","G6350","S",94442018,6765,"+41.4773492","-087.8324186"
255,256,"US1INLK0034","HOBART 1.2 SSW, IN US","(41.515,-87.2706)",41.515,-87.2706,190,491,7/13/2012,10/16/2016,0,0,0,0,0,0,0,0,0,0,491,0,0,267,0,0,0,0,0,0,0,0,0,0,1,0,0,0,0,0,0,0,0,0,0,0,0,0,0,0,0,0,0,0,0,0,0,0,0,0,0,0,21653,"46342","46342","B5","G6350","S",91232848,997039,"+41.5181847","-087.2449075"
229,230,"US1ILWL0097","NEW LENOX 3.3 E, IL US","(41.5193,-87.9193)",41.5193,-87.9193,207,2407,4/26/2012,12/30/2018,0,0,0,0,0,0,0,0,0,0,2407,0,0,1836,908,0,0,0,0,0,0,0,0,0,601,909,0,0,0,0,0,0,0,0,0,0,0,0,0,0,0,0,0,0,0,0,0,0,0,0,0,0,10403,"60451","60451","B5","G6350","S",66368268,193001,"+41.5076473","-087.9610892"
221,222,"US1ILWL0066","FRANKFORT 2.0 NNE, IL US","(41.5239,-87.8195)",41.5239,-87.8195,212,363,4/10/2010,9/18/2012,0,0,0,0,0,0,0,0,0,0,363,0,0,207,1,0,0,0,0,0,0,0,0,0,1,1,0,0,0,0,0,0,0,0,0,0,0,0,0,0,0,0,0,0,0,0,0,0,0,0,0,0,27239,"60423","60423","B5","G6350","S",94442018,6765,"+41.4773492","-087.8324186"
232,233,"US1ILWL0111","NEW LENOX 1.0 NE, IL US","(41.5272,-87.9676)",41.5272,-87.9676,208,287,4/9/2014,2/6/2015,0,0,0,0,0,0,0,0,0,0,287,0,0,170,16,0,0,0,0,0,0,0,0,0,0,0,0,0,0,0,0,0,0,0,0,0,0,0,0,0,0,0,0,0,0,0,0,0,0,0,0,0,10403,"60451","60451","B5","G6350","S",66368268,193001,"+41.5076473","-087.9610892"
223,224,"US1ILWL0072","NEW LENOX 2.9 ENE, IL US","(41.5303,-87.9296)",41.5303,-87.9296,212,1570,5/21/2010,11/16/2018,0,0,0,0,0,0,0,0,0,0,1569,0,0,916,2,0,0,0,0,0,0,0,0,0,0,0,0,0,0,0,0,0,0,0,0,0,0,0,0,0,0,0,0,0,0,0,0,0,0,0,0,0,10403,"60451","60451","B5","G6350","S",66368268,193001,"+41.5076473","-087.9610892"
213,214,"US1ILWL0042","MOKENA 1.3 W, IL US","(41.5313,-87.9012)",41.5313,-87.9012,218,1111,4/7/2008,2/11/2018,0,0,0,0,0,0,0,0,0,0,1107,0,0,738,46,0,0,0,0,0,0,0,0,0,3,3,0,0,0,0,0,0,0,0,0,0,0,0,0,0,0,0,0,0,0,0,0,0,0,0,0,0,10397,"60448","60448","B5","G6350","S",46992183,37161,"+41.5377848","-087.8924511"
99,100,"US1ILCK0229","FLOSSMOOR 1.2 ESE, IL US","(41.5319,-87.6641)",41.5319,-87.6641,202,592,12/22/2013,11/4/2018,0,0,0,0,0,0,0,0,0,0,590,0,0,319,3,0,0,0,0,0,0,0,0,0,0,0,0,0,0,0,0,0,0,0,0,0,0,0,0,0,0,0,0,0,0,0,0,0,0,0,0,0,26920,"60422","60422","B5","G6350","S",10903427,0,"+41.5369711","-087.6841022"
274,275,"US1INLK0088","HOBART 1.0 E, IN US","(41.5334,-87.2491)",41.5334,-87.2491,189,455,4/25/2016,6/16/2018,0,0,0,0,0,0,0,0,0,0,455,0,0,23,1,0,0,0,0,0,0,0,0,0,0,0,0,0,0,0,0,0,0,0,0,0,0,0,0,0,0,0,0,0,0,0,0,0,0,0,0,0,21653,"46342","46342","B5","G6350","S",91232848,997039,"+41.5181847","-087.2449075"
248,249,"US1INLK0018","HIGHLAND 1.1 S, IN US","(41.5336,-87.4552)",41.5336,-87.4552,190,870,3/28/2007,9/19/2015,0,0,0,0,0,0,0,0,0,0,870,0,0,706,5,0,0,0,0,0,0,0,0,0,0,4,0,0,0,0,0,0,0,0,0,0,0,0,0,0,0,0,0,0,0,0,0,0,0,0,0,0,21647,"46322","46322","B5","G6350","S",17915313,95626,"+41.5466221","-087.4576162"
74,75,"US1ILCK0170","FLOSSMOOR 0.5 SW, IL US","(41.5341,-87.6905)",41.5341,-87.6905,210,998,9/13/2010,12/11/2018,0,0,0,0,0,0,0,0,0,0,998,0,0,242,0,0,0,0,0,0,0,0,0,0,0,0,0,0,0,0,0,0,0,0,0,0,0,0,0,0,0,0,0,0,0,0,0,0,0,0,0,0,26920,"60422","60422","B5","G6350","S",10903427,0,"+41.5369711","-087.6841022"
33,34,"US1ILCK0076","FLOSSMOOR 1.1 ESE, IL US","(41.5345,-87.6646)",41.5345,-87.6646,206,505,5/12/2007,7/30/2016,0,0,0,0,0,0,0,0,0,0,505,0,0,369,4,0,0,0,0,0,0,0,0,0,0,0,0,0,0,0,0,0,0,0,0,0,0,0,0,0,0,0,0,0,0,0,0,0,0,0,0,0,26920,"60422","60422","B5","G6350","S",10903427,0,"+41.5369711","-087.6841022"
263,264,"US1INLK0050","HOBART 1.6 E, IN US","(41.5351,-87.2362)",41.5351,-87.2362,190,966,12/4/2009,12/29/2018,0,0,0,0,0,0,0,0,0,0,966,0,0,293,186,0,0,0,0,0,0,0,0,0,0,2,0,0,0,0,0,0,0,0,0,0,0,0,0,0,0,0,0,0,0,0,0,0,0,0,0,0,21653,"46342","46342","B5","G6350","S",91232848,997039,"+41.5181847","-087.2449075"
228,229,"US1ILWL0095","JOLIET 1.4 ENE, IL US","(41.5355,-88.0976)",41.5355,-88.0976,198,277,8/3/2011,3/21/2013,0,0,0,0,0,0,0,0,0,0,275,0,0,277,244,0,0,0,0,0,0,0,0,0,3,15,0,0,0,0,0,0,0,0,0,0,0,0,0,0,0,0,0,0,0,0,0,0,0,0,0,0,9703,"60435","60435","B5","G6350","S",27716029,127159,"+41.5485900","-088.1289276"
250,251,"US1INLK0025","MUNSTER 0.8 SSE, IN US","(41.5356,-87.4989)",41.5356,-87.4989,187,1899,5/25/2007,1/19/2015,0,0,0,0,0,0,0,0,0,0,1899,0,0,1504,407,0,0,0,0,0,0,0,0,0,1,0,0,0,0,0,0,0,0,0,0,0,0,0,0,0,0,0,0,0,0,0,0,0,0,0,0,0,21646,"46321","46321","B5","G6350","S",19596553,189077,"+41.5469100","-087.5045891"
278,279,"US1INLK0094","GRIFFITH 1.2 N, IN US","(41.5394,-87.4258)",41.5394,-87.4258,188,360,4/21/2017,11/7/2018,0,0,0,0,0,0,0,0,0,0,360,0,0,0,0,0,0,0,0,0,0,0,0,0,0,0,0,0,0,0,0,0,0,0,0,0,0,0,0,0,0,0,0,0,0,0,0,0,0,0,0,0,21644,"46319","46319","B5","G6350","S",24019758,60305,"+41.5254717","-087.4222013"
62,63,"US1ILCK0146","GLENWOOD 1.5 ESE, IL US","(41.5405,-87.5886)",41.5405,-87.5886,189,390,9/15/2009,4/20/2015,0,0,0,0,0,0,0,0,0,0,390,0,0,187,12,0,0,0,0,0,0,0,0,0,1,5,0,0,0,0,0,0,0,0,0,0,0,0,0,0,0,0,0,0,0,0,0,0,0,0,0,0,27241,"60425","60425","B5","G6350","S",12468727,0,"+41.5455080","-087.6116986"
264,265,"US1INLK0057","WV90 HOBART 1.3 ENE, IN US","(41.5405,-87.246)",41.5405,-87.246,192,966,1/16/2012,9/20/2016,0,0,0,0,0,0,0,0,0,0,957,0,0,584,85,0,0,0,0,0,0,0,0,0,1,15,0,0,0,0,0,0,0,0,0,0,0,0,0,0,0,0,0,0,0,0,0,0,0,0,0,0,21653,"46342","46342","B5","G6350","S",91232848,997039,"+41.5181847","-087.2449075"
279,280,"US1INLK0096","KA9GKT GARY 3.8 SSE, IN US","(41.5417,-87.327)",41.5417,-87.327,0,268,1/4/2018,12/29/2018,0,0,0,0,0,0,0,0,0,0,268,0,0,178,51,0,0,0,0,0,0,0,0,0,0,0,0,0,0,0,0,0,0,0,0,0,0,0,0,0,0,0,0,0,0,0,0,0,0,0,0,0,22365,"46409","46409","B5","G6350","S",9238468,0,"+41.5483626","-087.3242295"
269,270,"US1INLK0068","HOBART 0.7 NNW, IN US","(41.5417,-87.2715)",41.5417,-87.2715,196,1412,7/20/2013,7/27/2018,0,0,0,0,0,0,0,0,0,0,1411,0,0,989,247,0,0,0,0,0,0,0,0,0,245,244,0,0,0,0,0,0,0,0,0,0,0,0,0,0,0,0,0,0,0,0,0,0,0,0,0,0,21653,"46342","46342","B5","G6350","S",91232848,997039,"+41.5181847","-087.2449075"
289,290,"USC00114890","LANSING, IL US","(41.5422,-87.5416)",41.5422,-87.5416,189,4518,1/1/2006,12/30/2018,0,9,0,0,0,11,1,0,0,0,4365,0,0,4515,4507,0,0,0,0,0,0,0,0,0,1,0,0,0,0,3,0,0,1,0,1,0,0,0,0,0,0,0,0,0,0,0,0,0,0,0,0,0,26905,"60411","60411","B5","G6350","S",81995595,455119,"+41.5087744","-087.5903141"
262,263,"US1INLK0049","HIGHLAND 1.0 ESE, IN US","(41.5423,-87.4397)",41.5423,-87.4397,187,1194,11/28/2009,2/28/2014,0,0,0,0,0,0,0,0,0,0,1194,0,0,773,74,0,0,0,0,0,0,0,0,0,1,7,0,0,0,0,0,0,0,0,0,0,0,0,0,0,0,0,0,0,0,0,0,0,0,0,0,0,21647,"46322","46322","B5","G6350","S",17915313,95626,"+41.5466221","-087.4576162"
120,121,"US1ILCK0296","CHICAGO HEIGHTS 2.4 NNW, IL US","(41.5428,-87.6541)",41.5428,-87.6541,196,508,7/28/2017,12/28/2018,0,0,0,0,0,0,0,0,0,0,507,0,0,349,110,0,0,0,0,0,0,0,0,0,9,63,0,0,0,0,0,0,0,0,0,0,0,0,0,0,0,0,0,0,0,0,0,0,0,0,0,0,9303,"60430","60430","B5","G6350","S",17632744,122555,"+41.5588804","-087.6644415"
1,2,"US1ILCK0007","LANSING 1.7 SSE, IL US","(41.5428,-87.539)",41.5428,-87.539,186,951,12/1/2006,12/18/2009,0,0,0,0,0,0,0,0,0,0,950,0,0,823,552,0,0,0,0,0,0,0,0,0,22,16,0,0,0,0,0,0,0,0,0,0,0,0,0,0,0,0,0,0,0,0,0,0,0,0,0,0,26905,"60411","60411","B5","G6350","S",81995595,455119,"+41.5087744","-087.5903141"
273,274,"US1INLK0079","HIGHLAND 0.7 ESE, IN US","(41.5435,-87.4459)",41.5435,-87.4459,188,976,8/31/2014,5/31/2018,0,0,0,0,0,0,0,0,0,0,976,0,0,1,0,0,0,0,0,0,0,0,0,0,0,0,0,0,0,0,0,0,0,0,0,0,0,0,0,0,0,0,0,0,0,0,0,0,0,0,0,0,21647,"46322","46322","B5","G6350","S",17915313,95626,"+41.5466221","-087.4576162"
258,259,"US1INLK0040","GARY 4.1 SSW, IN US","(41.5448,-87.3848)",41.5448,-87.3848,192,1823,5/3/2009,3/28/2018,0,0,0,0,0,0,0,0,0,0,1823,0,0,1179,0,0,0,0,0,0,0,0,0,0,0,0,0,0,0,0,0,0,0,0,0,0,0,0,0,0,0,0,0,0,0,0,0,0,0,0,0,0,22364,"46408","46408","B5","G6350","S",25261404,52849,"+41.5459383","-087.3684840"
265,266,"US1INLK0058","KB9UUO NEW CHICAGO 0.6 SSE, IN US","(41.5514,-87.267)",41.5514,-87.267,193,143,1/25/2012,7/29/2016,0,0,0,0,0,0,0,0,0,0,143,0,0,89,2,0,0,0,0,0,0,0,0,0,0,0,0,0,0,0,0,0,0,0,0,0,0,0,0,0,0,0,0,0,0,0,0,0,0,0,0,0,21653,"46342","46342","B5","G6350","S",91232848,997039,"+41.5181847","-087.2449075"
230,231,"US1ILWL0103","JOLIET 1.8 NNE, IL US","(41.5519,-88.1106)",41.5519,-88.1106,197,469,5/18/2012,12/20/2016,0,0,0,0,0,0,0,0,0,0,469,0,0,250,37,0,0,0,0,0,0,0,0,0,2,8,0,0,0,0,0,0,0,0,0,0,0,0,0,0,0,0,0,0,0,0,0,0,0,0,0,0,9703,"60435","60435","B5","G6350","S",27716029,127159,"+41.5485900","-088.1289276"
243,244,"US1ILWL0142","MOKENA 3.4 WNW, IL US","(41.5545,-87.9339)",41.5545,-87.9339,208,299,1/23/2018,12/30/2018,0,0,0,0,0,0,0,0,0,0,298,0,0,187,5,0,0,0,0,0,0,0,0,0,0,1,0,0,0,0,0,0,0,0,0,0,0,0,0,0,0,0,0,0,0,0,0,0,0,0,0,0,10397,"60448","60448","B5","G6350","S",46992183,37161,"+41.5377848","-087.8924511"
25,26,"US1ILCK0064","HOMEWOOD 0.1 ESE, IL US","(41.5577,-87.6594)",41.5577,-87.6594,196,4076,3/17/2007,12/30/2018,0,0,0,0,0,0,0,0,0,0,4075,0,0,2883,710,0,0,0,0,0,0,0,0,0,320,604,0,0,0,0,0,0,0,0,0,0,0,0,0,0,0,0,0,0,0,0,0,0,0,0,0,0,9303,"60430","60430","B5","G6350","S",17632744,122555,"+41.5588804","-087.6644415"
271,272,"US1INLK0071","HIGHLAND 1.0 NW, IN US","(41.5587,-87.4734)",41.5587,-87.4734,187,109,8/30/2013,12/30/2013,0,0,0,0,0,0,0,0,0,0,109,0,0,82,2,0,0,0,0,0,0,0,0,0,0,1,0,0,0,0,0,0,0,0,0,0,0,0,0,0,0,0,0,0,0,0,0,0,0,0,0,0,21647,"46322","46322","B5","G6350","S",17915313,95626,"+41.5466221","-087.4576162"
34,35,"US1ILCK0079","TINLEY PARK 1.0 SW, IL US","(41.5641,-87.8139)",41.5641,-87.8139,217,466,6/13/2007,6/29/2009,0,0,0,0,0,0,0,0,0,0,466,0,0,454,7,0,0,0,0,0,0,0,0,0,0,1,0,0,0,0,0,0,0,0,0,0,0,0,0,0,0,0,0,0,0,0,0,0,0,0,0,0,2712,"60477","60477","B5","G6350","S",33047342,30829,"+41.5721428","-087.7892499"
259,260,"US1INLK0042","HIGHLAND 1.2 N, IN US","(41.5659,-87.4616)",41.5659,-87.4616,182,518,10/1/2009,7/29/2011,0,0,0,0,0,0,0,0,0,0,517,0,0,357,2,0,0,0,0,0,0,0,0,0,1,0,0,0,0,0,0,0,0,0,0,0,0,0,0,0,0,0,0,0,0,0,0,0,0,0,0,0,21647,"46322","46322","B5","G6350","S",17915313,95626,"+41.5466221","-087.4576162"
277,278,"US1INLK0091","MUNSTER 1.5 NNW, IN US","(41.568,-87.5107)",41.568,-87.5107,182,648,9/13/2016,12/29/2018,0,0,0,0,0,0,0,0,0,0,632,0,0,76,58,0,0,0,0,0,0,0,0,0,21,25,0,0,0,0,0,0,0,0,0,0,0,0,0,0,0,0,0,0,0,0,0,0,0,0,0,0,21646,"46321","46321","B5","G6350","S",19596553,189077,"+41.5469100","-087.5045891"
224,225,"US1ILWL0080","LOCKPORT 1.3 SE, IL US","(41.5745,-88.033)",41.5745,-88.033,208,2736,3/29/2011,12/30/2018,0,0,0,0,0,0,0,0,0,0,2736,0,0,1971,897,0,0,0,0,0,0,0,0,0,46,141,0,0,0,0,0,0,0,0,0,0,0,0,0,0,0,0,0,0,0,0,0,0,0,0,0,0,9713,"60441","60441","B5","G6350","S",72613199,1531111,"+41.5926394","-088.0500431"
215,216,"US1ILWL0050","LOCKPORT 3.3 ESE, IL US","(41.5771,-87.9855)",41.5771,-87.9855,223,1369,6/3/2009,12/1/2016,0,0,0,0,0,0,0,0,0,0,1369,0,0,655,12,0,0,0,0,0,0,0,0,0,0,0,0,0,0,0,0,0,0,0,0,0,0,0,0,0,0,0,0,0,0,0,0,0,0,0,0,0,9713,"60441","60441","B5","G6350","S",72613199,1531111,"+41.5926394","-088.0500431"
282,283,"US1INPT0051","PORTAGE 0.8 SW, IN US","(41.5792,-87.1938)",41.5792,-87.1938,198,340,12/10/2006,11/3/2008,0,0,0,0,0,0,0,0,0,0,340,0,0,340,0,0,0,0,0,0,0,0,0,0,0,1,0,0,0,0,0,0,0,0,0,0,0,0,0,0,0,0,0,0,0,0,0,0,0,0,0,0,21993,"46368","46368","B5","G6350","S",67883095,8263051,"+41.5908197","-087.1807072"
281,282,"US1INPT0032","PORTAGE 0.9 ESE, IN US","(41.5825,-87.1656)",41.5825,-87.1656,197,3774,9/6/2006,12/10/2018,0,0,0,0,0,0,0,0,0,0,3772,0,0,2923,1374,0,0,0,0,0,0,0,0,0,2,2,0,0,0,0,0,0,0,0,0,0,0,0,0,0,0,0,0,0,0,0,0,0,0,0,0,0,21993,"46368","46368","B5","G6350","S",67883095,8263051,"+41.5908197","-087.1807072"
17,18,"US1ILCK0051","ORLAND HILLS 0.6 S, IL US","(41.5833,-87.8434)",41.5833,-87.8434,217,1972,2/6/2007,11/4/2013,0,0,0,0,0,0,0,0,0,0,1972,0,0,1580,428,0,0,0,0,0,0,0,0,0,0,1,0,0,0,0,0,0,0,0,0,0,0,0,0,0,0,0,0,0,0,0,0,0,0,0,0,0,2726,"60487","60487","B5","G6350","S",22339452,45462,"+41.5627296","-087.8344163"
27,28,"US1ILCK0068","TINLEY PARK 1.2 WNW, IL US","(41.5834,-87.8196)",41.5834,-87.8196,217,240,4/4/2007,12/18/2008,0,0,0,0,0,0,0,0,0,0,240,0,0,240,2,0,0,0,0,0,0,0,0,0,0,0,0,0,0,0,0,0,0,0,0,0,0,0,0,0,0,0,0,0,0,0,0,0,0,0,0,0,2712,"60477","60477","B5","G6350","S",33047342,30829,"+41.5721428","-087.7892499"
206,207,"US1ILWL0004","LOCKPORT 0.3 SSW, IL US","(41.5851,-88.0497)",41.5851,-88.0497,203,1152,4/15/2007,12/10/2010,0,0,0,0,0,0,0,0,0,0,1152,0,0,788,0,0,0,0,0,0,0,0,0,0,0,0,0,0,0,0,0,0,0,0,0,0,0,0,0,0,0,0,0,0,0,0,0,0,0,0,0,0,9713,"60441","60441","B5","G6350","S",72613199,1531111,"+41.5926394","-088.0500431"
88,89,"US1ILCK0197","ORLAND HILLS 0.6 SE, IL US","(41.5865,-87.8335)",41.5865,-87.8335,215,1219,4/13/2012,8/14/2015,0,0,0,0,0,0,0,0,0,0,1219,0,0,778,208,0,0,0,0,0,0,0,0,0,0,2,0,0,0,0,0,0,0,0,0,0,0,0,0,0,0,0,0,0,0,0,0,0,0,0,0,0,2726,"60487","60487","B5","G6350","S",22339452,45462,"+41.5627296","-087.8344163"
246,247,"US1INLK0008","HAMMOND 3.0 SW, IN US","(41.5865,-87.5243)",41.5865,-87.5243,186,2217,9/8/2006,1/11/2013,0,0,0,0,0,0,0,0,0,0,2216,0,0,1873,826,0,0,0,0,0,0,0,0,0,1,2,0,0,0,0,0,0,0,0,0,0,0,0,0,0,0,0,0,0,0,0,0,0,0,0,0,0,21649,"46324","46324","B5","G6350","S",11401321,24869,"+41.5837910","-087.5019947"
82,83,"US1ILCK0182","TINLEY PARK 2.6 NW, IL US","(41.5918,-87.8274)",41.5918,-87.8274,216,208,4/5/2011,6/6/2014,0,0,0,0,0,0,0,0,0,0,208,0,0,92,0,0,0,0,0,0,0,0,0,0,0,0,0,0,0,0,0,0,0,0,0,0,0,0,0,0,0,0,0,0,0,0,0,0,0,0,0,0,2726,"60487","60487","B5","G6350","S",22339452,45462,"+41.5627296","-087.8344163"
276,277,"US1INLK0090","HAMMOND 3.4 ESE, IN US","(41.5967,-87.4334)",41.5967,-87.4334,182,129,9/5/2017,11/6/2018,0,0,0,0,0,0,0,0,0,0,129,0,0,0,0,0,0,0,0,0,0,0,0,0,0,0,0,0,0,0,0,0,0,0,0,0,0,0,0,0,0,0,0,0,0,0,0,0,0,0,0,0,21648,"46323","46323","B5","G6350","S",16035106,80512,"+41.5894344","-087.4537288"
217,218,"US1ILWL0058","PLAINFIELD 3.0 ESE, IL US","(41.604,-88.149)",41.604,-88.149,189,2210,4/2/2010,12/2/2018,0,0,0,0,0,0,0,0,0,0,2208,0,0,1001,1,0,0,0,0,0,0,0,0,0,1,0,0,0,0,0,0,0,0,0,0,0,0,0,0,0,0,0,0,0,0,0,0,0,0,0,0,0,6527,"60544","60544","B5","G6350","S",59848059,4489256,"+41.6140162","-088.2187459"
296,297,"USC00117457","ROMEOVILLE WEATHER FORECAST OFFICE, IL US","(41.60413,-88.08497)",41.60413,-88.08497,201,4748,1/1/2006,12/31/2018,0,0,0,0,0,0,0,0,0,0,4735,0,0,4741,4745,0,0,0,4748,4748,4744,0,0,0,0,0,0,0,0,200,0,245,27,18,19,0,0,0,0,4,0,0,0,0,0,0,0,0,0,0,0,4748,9724,"60446","60446","B5","G6350","S",43301976,2034401,"+41.6316981","-088.1069030"
237,238,"US1ILWL0131","HOMER GLEN 0.7 NNE, IL US","(41.6084,-87.9327)",41.6084,-87.9327,231,1098,12/11/2015,12/30/2018,0,0,0,0,0,0,0,0,0,0,1097,0,0,750,204,0,0,0,0,0,0,0,0,0,88,137,0,0,0,0,0,0,0,0,0,0,0,0,0,0,0,0,0,0,0,0,0,0,0,0,0,0,2730,"60491","60491","B5","G6350","S",65955689,126403,"+41.6026976","-087.9626049"
275,276,"US1INLK0089","HAMMOND 0.6 SSW, IN US","(41.6121,-87.4941)",41.6121,-87.4941,180,744,5/1/2016,12/25/2018,0,0,0,0,0,0,0,0,0,0,744,0,0,13,0,0,0,0,0,0,0,0,0,0,0,0,0,0,0,0,0,0,0,0,0,0,0,0,0,0,0,0,0,0,0,0,0,0,0,0,0,0,21645,"46320","46320","B5","G6350","S",17300086,4595167,"+41.6917635","-087.5109168"
111,112,"US1ILCK0260","MIDLOTHIAN 1.2 SE, IL US","(41.613,-87.7097)",41.613,-87.7097,188,905,4/19/2015,10/31/2018,0,0,0,0,0,0,0,0,0,0,905,0,0,2,0,0,0,0,0,0,0,0,0,0,0,0,0,0,0,0,0,0,0,0,0,0,0,0,0,0,0,0,0,0,0,0,0,0,0,0,0,0,9721,"60445","60445","B5","G6350","S",17911376,163034,"+41.6343897","-087.7363950"
123,124,"US1ILCK0306","OAK FOREST 0.6 N, IL US","(41.6155,-87.7507)",41.6155,-87.7507,199,254,3/29/2018,12/30/2018,0,0,0,0,0,0,0,0,0,0,254,0,0,192,76,0,0,0,0,0,0,0,0,0,0,1,0,0,0,0,0,0,0,0,0,0,0,0,0,0,0,0,0,0,0,0,0,0,0,0,0,0,10406,"60452","60452","B5","G6350","S",24097669,163817,"+41.6066802","-087.7532989"
267,268,"US1INLK0063","GARY 4.8 ENE, IN US","(41.617,-87.2546)",41.617,-87.2546,186,1945,3/20/2013,12/30/2018,0,0,0,0,0,0,0,0,0,0,1944,0,0,1436,125,0,0,0,0,0,0,0,0,0,0,0,0,0,0,0,0,0,0,0,0,0,0,0,0,0,0,0,0,0,0,0,0,0,0,0,0,0,22359,"46403","46403","B5","G6350","S",21431796,5607906,"+41.6081007","-087.2622103"
113,114,"US1ILCK0262","MIDLOTHIAN 0.6 SW, IL US","(41.6215,-87.7331)",41.6215,-87.7331,192,309,4/24/2015,6/14/2017,0,0,0,0,0,0,0,0,0,0,309,0,0,4,0,0,0,0,0,0,0,0,0,0,0,0,0,0,0,0,0,0,0,0,0,0,0,0,0,0,0,0,0,0,0,0,0,0,0,0,0,0,9721,"60445","60445","B5","G6350","S",17911376,163034,"+41.6343897","-087.7363950"
114,115,"US1ILCK0266","MIDLOTHIAN 0.2 SW, IL US","(41.6238,-87.727)",41.6238,-87.727,190,364,5/8/2015,8/11/2017,0,0,0,0,0,0,0,0,0,0,364,0,0,0,0,0,0,0,0,0,0,0,0,0,0,0,0,0,0,0,0,0,0,0,0,0,0,0,0,0,0,0,0,0,0,0,0,0,0,0,0,0,9721,"60445","60445","B5","G6350","S",17911376,163034,"+41.6343897","-087.7363950"
235,236,"US1ILWL0119","HOMER GLEN 1.6 NW, IL US","(41.6241,-87.9553)",41.6241,-87.9553,218,1378,4/20/2014,12/28/2018,0,0,0,0,0,0,0,0,0,0,1378,0,0,850,1,0,0,0,0,0,0,0,0,0,0,0,0,0,0,0,0,0,0,0,0,0,0,0,0,0,0,0,0,0,0,0,0,0,0,0,0,0,2730,"60491","60491","B5","G6350","S",65955689,126403,"+41.6026976","-087.9626049"
107,108,"US1ILCK0249","MIDLOTHIAN 0.2 SSE, IL US","(41.6243,-87.7233)",41.6243,-87.7233,189,282,11/7/2014,11/20/2015,0,0,0,0,0,0,0,0,0,0,282,0,0,172,0,0,0,0,0,0,0,0,0,0,0,0,0,0,0,0,0,0,0,0,0,0,0,0,0,0,0,0,0,0,0,0,0,0,0,0,0,0,9721,"60445","60445","B5","G6350","S",17911376,163034,"+41.6343897","-087.7363950"
112,113,"US1ILCK0261","MIDLOTHIAN 0.3 WSW, IL US","(41.6248,-87.7307)",41.6248,-87.7307,192,137,4/20/2015,8/21/2018,0,0,0,0,0,0,0,0,0,0,137,0,0,14,0,0,0,0,0,0,0,0,0,0,0,0,0,0,0,0,0,0,0,0,0,0,0,0,0,0,0,0,0,0,0,0,0,0,0,0,0,0,9721,"60445","60445","B5","G6350","S",17911376,163034,"+41.6343897","-087.7363950"
109,110,"US1ILCK0253","MIDLOTHIAN 0.1 SSE, IL US","(41.625,-87.7234)",41.625,-87.7234,189,1262,2/26/2015,12/27/2018,0,0,0,0,0,0,0,0,0,0,1262,0,0,768,3,0,0,0,0,0,0,0,0,0,3,8,0,0,0,0,0,0,0,0,0,0,0,0,0,0,0,0,0,0,0,0,0,0,0,0,0,0,9721,"60445","60445","B5","G6350","S",17911376,163034,"+41.6343897","-087.7363950"
207,208,"US1ILWL0016","HOMER GLEN 0.8 ENE, IL US","(41.6274,-87.9281)",41.6274,-87.9281,226,3851,3/13/2007,12/28/2018,0,0,0,0,0,0,0,0,0,0,3849,0,0,2613,378,0,0,0,0,0,0,0,0,0,0,5,0,0,0,0,0,0,0,0,0,0,0,0,0,0,0,0,0,0,0,0,0,0,0,0,0,0,2730,"60491","60491","B5","G6350","S",65955689,126403,"+41.6026976","-087.9626049"
283,284,"US1INPT0059","OGDEN DUNES 0.6 NE, IN US","(41.6276,-87.1843)",41.6276,-87.1843,189,107,4/29/2007,4/16/2008,0,0,0,0,0,0,0,0,0,0,106,0,0,107,1,0,0,0,0,0,0,0,0,0,0,0,0,0,0,0,0,0,0,0,0,0,0,0,0,0,0,0,0,0,0,0,0,0,0,0,0,0,21993,"46368","46368","B5","G6350","S",67883095,8263051,"+41.5908197","-087.1807072"
108,109,"US1ILCK0250","MIDLOTHIAN 0.2 NNE, IL US","(41.6294,-87.7231)",41.6294,-87.7231,188,132,12/10/2014,8/18/2016,0,0,0,0,0,0,0,0,0,0,132,0,0,63,0,0,0,0,0,0,0,0,0,0,0,0,0,0,0,0,0,0,0,0,0,0,0,0,0,0,0,0,0,0,0,0,0,0,0,0,0,0,9721,"60445","60445","B5","G6350","S",17911376,163034,"+41.6343897","-087.7363950"
211,212,"US1ILWL0036","HOMER GLEN 3.9 WNW, IL US","(41.6375,-88.0029)",41.6375,-88.0029,217,2217,1/4/2008,8/19/2015,0,0,0,0,0,0,0,0,0,0,2217,0,0,2158,1872,0,0,0,0,0,0,0,0,0,1,5,0,0,0,0,0,0,0,0,0,0,0,0,0,0,0,0,0,0,0,0,0,0,0,0,0,0,2730,"60491","60491","B5","G6350","S",65955689,126403,"+41.6026976","-087.9626049"
212,213,"US1ILWL0039","HOMER GLEN 1.4 NNW, IL US","(41.6385,-87.9399)",41.6385,-87.9399,209,330,4/30/2008,10/2/2010,0,0,0,0,0,0,0,0,0,0,329,0,0,228,1,0,0,0,0,0,0,0,0,0,1,0,0,0,0,0,0,0,0,0,0,0,0,0,0,0,0,0,0,0,0,0,0,0,0,0,0,0,2730,"60491","60491","B5","G6350","S",65955689,126403,"+41.6026976","-087.9626049"
225,226,"US1ILWL0082","ORLAND PARK 4.6 WNW, IL US","(41.6433,-87.9281)",41.6433,-87.9281,209,1232,4/8/2011,1/3/2015,0,0,0,0,0,0,0,0,0,0,1230,0,0,798,50,0,0,0,0,0,0,0,0,0,28,54,0,0,0,0,0,0,0,0,0,0,0,0,0,0,0,0,0,0,0,0,0,0,0,0,0,0,2311,"60467","60467","B5","G6350","S",37644648,1079322,"+41.6031920","-087.8871195"
16,17,"US1ILCK0050","PALOS PARK 1.3 SW, IL US","(41.6528,-87.8631)",41.6528,-87.8631,214,2575,3/18/2007,12/30/2018,0,0,0,0,0,0,0,0,0,0,2574,0,0,1800,467,0,0,0,0,0,0,0,0,0,1,1,0,0,0,0,0,0,0,0,0,0,0,0,0,0,0,0,0,0,0,0,0,0,0,0,0,0,2306,"60464","60464","B5","G6350","S",20222764,1042657,"+41.6628404","-087.8607559"
238,239,"US1ILWL0135","PLAINFIELD 3.2 NNE, IL US","(41.657,-88.1768)",41.657,-88.1768,190,180,9/23/2016,5/18/2018,0,0,0,0,0,0,0,0,0,0,180,0,0,133,0,0,0,0,0,0,0,0,0,0,0,0,0,0,0,0,0,0,0,0,0,0,0,0,0,0,0,0,0,0,0,0,0,0,0,0,0,0,2728,"60490","60490","B5","G6350","S",24450260,65999,"+41.6693203","-088.1453990"
57,58,"US1ILCK0132","PALOS PARK 1.7 WSW, IL US","(41.6585,-87.8759)",41.6585,-87.8759,219,464,2/20/2009,4/28/2016,0,0,0,0,0,0,0,0,0,0,464,0,0,337,48,0,0,0,0,0,0,0,0,0,40,60,0,0,0,0,0,0,0,0,0,0,0,0,0,0,0,0,0,0,0,0,0,0,0,0,0,0,2306,"60464","60464","B5","G6350","S",20222764,1042657,"+41.6628404","-087.8607559"
36,37,"US1ILCK0082","BURNHAM HEGEWISCH 1.6 NNW, IL US","(41.6598,-87.5529)",41.6598,-87.5529,178,3160,9/6/2007,6/22/2018,0,0,0,0,0,0,0,0,0,0,3159,0,0,2240,104,0,0,0,0,0,0,0,0,0,37,98,0,0,0,0,0,0,0,0,0,0,0,0,0,0,0,0,0,0,0,0,0,0,0,0,0,0,22253,"60633","60633","B5","G6350","S",26638667,5008815,"+41.6637834","-087.5613138"
106,107,"US1ILCK0246","LEMONT 0.4 S, IL US","(41.6641,-87.9913)",41.6641,-87.9913,214,147,10/3/2014,10/15/2018,0,0,0,0,0,0,0,0,0,0,147,0,0,7,0,0,0,0,0,0,0,0,0,0,0,0,0,0,0,0,0,0,0,0,0,0,0,0,0,0,0,0,0,0,0,0,0,0,0,0,0,0,9709,"60439","60439","B5","G6350","S",78665626,3456673,"+41.6759759","-087.9835086"
68,69,"US1ILCK0153","ALSIP 0.2 E, IL US","(41.6703,-87.7312)",41.6703,-87.7312,183,3107,10/25/2009,10/19/2018,0,0,0,0,0,0,0,0,0,0,3107,0,0,1019,12,0,0,0,0,0,0,0,0,0,6,2,0,0,0,0,0,0,0,0,0,0,0,0,0,0,0,0,0,0,0,0,0,0,0,0,0,0,4457,"60803","60803","B5","G6350","S",19625099,318958,"+41.6740639","-087.7362222"
51,52,"US1ILCK0116","BLUE ISLAND 1.1 NNW, IL US","(41.673,-87.6887)",41.673,-87.6887,197,460,7/7/2008,10/26/2011,0,0,0,0,0,0,0,0,0,0,460,0,0,288,2,0,0,0,0,0,0,0,0,0,1,3,0,0,0,0,0,0,0,0,0,0,0,0,0,0,0,0,0,0,0,0,0,0,0,0,0,0,26636,"60406","60406","B5","G6350","S",14408332,240125,"+41.6549452","-087.6819519"
77,78,"US1ILCK0173","PALOS PARK 3.6 WNW, IL US","(41.6768,-87.9114)",41.6768,-87.9114,218,2202,11/21/2010,12/29/2018,0,0,0,0,0,0,0,0,0,0,2201,0,0,1495,228,0,0,0,0,0,0,0,0,0,1,2,0,0,0,0,0,0,0,0,0,0,0,0,0,0,0,0,0,0,0,0,0,0,0,0,0,0,2306,"60464","60464","B5","G6350","S",20222764,1042657,"+41.6628404","-087.8607559"
69,70,"US1ILCK0154","WORTH 0.1 E, IL US","(41.6874,-87.7911)",41.6874,-87.7911,186,3273,11/3/2009,12/30/2018,0,0,0,0,0,0,0,0,0,0,3273,0,0,2330,1070,0,0,0,0,0,0,0,0,0,411,1022,0,0,0,0,0,0,0,0,0,0,0,0,0,0,0,0,0,0,0,0,0,0,0,0,0,0,2721,"60482","60482","B5","G6350","S",6322618,33039,"+41.6878431","-087.7899455"
210,211,"US1ILWL0031","BOLINGBROOK 3.5 W, IL US","(41.6935,-88.1444)",41.6935,-88.1444,199,1082,10/3/2007,9/24/2010,0,0,0,0,0,0,0,0,0,0,1082,0,0,860,260,0,0,0,0,0,0,0,0,0,0,1,0,0,0,0,0,0,0,0,0,0,0,0,0,0,0,0,0,0,0,0,0,0,0,0,0,0,2728,"60490","60490","B5","G6350","S",24450260,65999,"+41.6693203","-088.1453990"
63,64,"US1ILCK0148","OAK LAWN 1.9 SE, IL US","(41.6936,-87.729)",41.6936,-87.729,182,2115,10/26/2009,12/27/2018,0,0,0,0,0,0,0,0,0,0,2115,0,0,1127,4,0,0,0,0,0,0,0,0,0,0,1,0,0,0,0,0,0,0,0,0,0,0,0,0,0,0,0,0,0,0,0,0,0,0,0,0,0,10410,"60453","60453","B5","G6350","S",21901343,0,"+41.7142681","-087.7528189"
71,72,"US1ILCK0158","MERRIONETTE PARK 1.2 NNW, IL US","(41.6961,-87.7087)",41.6961,-87.7087,189,438,11/15/2009,7/24/2012,0,0,0,0,0,0,0,0,0,0,438,0,0,248,2,0,0,0,0,0,0,0,0,0,0,1,0,0,0,0,0,0,0,0,0,0,0,0,0,0,0,0,0,0,0,0,0,0,0,0,0,0,4447,"60655","60655","B5","G6350","S",11408006,0,"+41.6947762","-087.7037764"
233,234,"US1ILWL0112","BOLINGBROOK 0.5 ESE, IL US","(41.6963,-88.0688)",41.6963,-88.0688,217,102,3/31/2014,7/23/2014,0,0,0,0,0,0,0,0,0,0,102,0,0,69,35,0,0,0,0,0,0,0,0,0,34,34,0,0,0,0,0,0,0,0,0,0,0,0,0,0,0,0,0,0,0,0,0,0,0,0,0,0,9711,"60440","60440","B5","G6350","S",41628720,494257,"+41.7006001","-088.0750061"
75,76,"US1ILCK0171","OAK LAWN 1.7 SE, IL US","(41.701,-87.7247)",41.701,-87.7247,188,155,9/22/2010,8/3/2011,0,0,0,0,0,0,0,0,0,0,155,0,0,97,0,0,0,0,0,0,0,0,0,0,0,0,0,0,0,0,0,0,0,0,0,0,0,0,0,0,0,0,0,0,0,0,0,0,0,0,0,0,10410,"60453","60453","B5","G6350","S",21901343,0,"+41.7142681","-087.7528189"
67,68,"US1ILCK0152","CHICAGO RIDGE 0.2 WSW, IL US","(41.7018,-87.782)",41.7018,-87.782,182,3073,10/25/2009,12/30/2018,0,0,0,0,0,0,0,0,0,0,3073,0,0,2330,1420,0,0,0,0,0,0,0,0,0,119,380,0,0,0,0,0,0,0,0,0,0,0,0,0,0,0,0,0,0,0,0,0,0,0,0,0,0,26907,"60415","60415","B5","G6350","S",5954577,0,"+41.7029673","-087.7788635"
216,217,"US1ILWL0053","BOLINGBROOK 0.9 WNW, IL US","(41.7039,-88.0937)",41.7039,-88.0937,219,394,11/18/2009,1/11/2012,0,0,0,0,0,0,0,0,0,0,394,0,0,281,76,0,0,0,0,0,0,0,0,0,0,0,0,0,0,0,0,0,0,0,0,0,0,0,0,0,0,0,0,0,0,0,0,0,0,0,0,0,9711,"60440","60440","B5","G6350","S",41628720,494257,"+41.7006001","-088.0750061"
226,227,"US1ILWL0092","NAPERVILLE 4.0 SSW, IL US","(41.7062,-88.1734)",41.7062,-88.1734,203,2323,3/20/2012,12/30/2018,0,0,0,0,0,0,0,0,0,0,2323,0,0,1513,66,0,0,0,0,0,0,0,0,0,33,32,0,0,0,0,0,0,0,0,0,0,0,0,0,0,0,0,0,0,0,0,0,0,0,0,0,0,6923,"60564","60564","B5","G6350","S",41614041,464055,"+41.7062338","-088.1951036"
64,65,"US1ILCK0149","OAK LAWN 0.5 SSW, IL US","(41.7084,-87.7539)",41.7084,-87.7539,182,2889,11/1/2009,12/30/2018,0,0,0,0,0,0,0,0,0,0,2885,0,0,1957,485,0,0,0,0,0,0,0,0,0,264,462,0,0,0,0,0,0,0,0,0,0,0,0,0,0,0,0,0,0,0,0,0,0,0,0,0,0,10410,"60453","60453","B5","G6350","S",21901343,0,"+41.7142681","-087.7528189"
291,292,"USC00115110","LITTLE RED SCHOOL HOUSE, IL US","(41.7091,-87.8761)",41.7091,-87.8761,218,4678,1/1/2006,12/30/2018,0,5,0,0,0,5,0,0,0,0,4662,0,0,4209,4206,0,0,0,2148,2154,2155,0,0,0,0,0,0,0,0,0,0,0,0,0,0,0,0,0,0,0,0,0,0,0,0,0,0,0,0,0,0,2147,2716,"60480","60480","B5","G6350","S",15111473,697434,"+41.7292307","-087.8811338"
214,215,"US1ILWL0044","NAPERVILLE 3.6 SSW, IL US","(41.7146,-88.1807)",41.7146,-88.1807,208,1191,4/8/2008,6/7/2013,0,0,0,0,0,0,0,0,0,0,1191,0,0,763,0,0,0,0,0,0,0,0,0,0,2,4,0,0,0,0,0,0,0,0,0,0,0,0,0,0,0,0,0,0,0,0,0,0,0,0,0,0,6923,"60564","60564","B5","G6350","S",41614041,464055,"+41.7062338","-088.1951036"
50,51,"US1ILCK0108","BEVERLY 0.3 N, IL US","(41.7165,-87.671)",41.7165,-87.671,203,340,4/10/2008,6/9/2011,0,0,0,0,0,0,0,0,0,0,340,0,0,276,0,0,0,0,0,0,0,0,0,0,0,0,0,0,0,0,0,0,0,0,0,0,0,0,0,0,0,0,0,0,0,0,0,0,0,0,0,0,22215,"60643","60643","B5","G6350","S",19029085,32576,"+41.7002727","-087.6632674"
147,148,"US1ILDP0052","DARIEN 2.4 SSW, IL US","(41.7185,-87.9996)",41.7185,-87.9996,230,1127,4/23/2008,10/28/2013,0,0,0,0,0,0,0,0,0,0,1126,0,0,736,0,0,0,0,0,0,0,0,0,0,0,0,0,0,0,0,0,0,0,0,0,0,0,0,0,0,0,0,0,0,0,0,0,0,0,0,0,0,6920,"60561","60561","B5","G6350","S",16165350,265516,"+41.7456625","-087.9814940"
234,235,"US1ILWL0115","BOLINGBROOK 2.2 NE, IL US","(41.7235,-88.0482)",41.7235,-88.0482,227,104,4/24/2014,11/6/2014,0,0,0,0,0,0,0,0,0,0,104,0,0,59,0,0,0,0,0,0,0,0,0,0,0,0,0,0,0,0,0,0,0,0,0,0,0,0,0,0,0,0,0,0,0,0,0,0,0,0,0,0,9711,"60440","60440","B5","G6350","S",41628720,494257,"+41.7006001","-088.0750061"
240,241,"US1ILWL0137","NAPERVILLE 2.8 SSW, IL US","(41.7243,-88.1711)",41.7243,-88.1711,208,542,5/8/2017,12/30/2018,0,0,0,0,0,0,0,0,0,0,542,0,0,379,22,0,0,0,0,0,0,0,0,0,9,31,0,0,0,0,0,0,0,0,0,0,0,0,0,0,0,0,0,0,0,0,0,0,0,0,0,0,6923,"60564","60564","B5","G6350","S",41614041,464055,"+41.7062338","-088.1951036"
94,95,"US1ILCK0211","OAK LAWN 1.6 WNW, IL US","(41.7269,-87.7777)",41.7269,-87.7777,188,1995,3/4/2013,12/30/2018,0,0,0,0,0,0,0,0,0,0,1994,0,0,1493,695,0,0,0,0,0,0,0,0,0,513,524,0,0,0,0,0,0,0,0,0,0,0,0,0,0,0,0,0,0,0,0,0,0,0,0,0,0,10410,"60453","60453","B5","G6350","S",21901343,0,"+41.7142681","-087.7528189"
66,67,"US1ILCK0151","EVERGREEN PARK 0.5 NE, IL US","(41.7274,-87.6949)",41.7274,-87.6949,190,650,1/3/2009,8/18/2011,0,0,0,0,0,0,0,0,0,0,621,0,0,436,45,0,0,0,0,0,0,0,0,0,1,3,0,0,0,0,0,0,0,0,0,0,0,0,0,0,0,0,0,0,0,0,0,0,0,0,0,0,4459,"60805","60805","B5","G6350","S",8826670,0,"+41.7220014","-087.7024457"
101,102,"US1ILCK0234","OAK LAWN 1.6 NW, IL US","(41.7284,-87.7762)",41.7284,-87.7762,188,431,3/15/2014,9/27/2018,0,0,0,0,0,0,0,0,0,0,431,0,0,10,7,0,0,0,0,0,0,0,0,0,0,0,0,0,0,0,0,0,0,0,0,0,0,0,0,0,0,0,0,0,0,0,0,0,0,0,0,0,10410,"60453","60453","B5","G6350","S",21901343,0,"+41.7142681","-087.7528189"
3,4,"US1ILCK0011","OAK LAWN 1.6 NW, IL US","(41.7287,-87.7763)",41.7287,-87.7763,190,230,2/21/2007,12/9/2008,0,0,0,0,0,0,0,0,0,0,230,0,0,230,43,0,0,0,0,0,0,0,0,0,1,2,0,0,0,0,0,0,0,0,0,0,0,0,0,0,0,0,0,0,0,0,0,0,0,0,0,0,10410,"60453","60453","B5","G6350","S",21901343,0,"+41.7142681","-087.7528189"
179,180,"US1ILDP0102","BOLINGBROOK 2.7 NE, IL US","(41.7302,-88.0448)",41.7302,-88.0448,234,1965,8/4/2011,12/27/2016,0,0,0,0,0,0,0,0,0,0,1965,0,0,1357,661,0,0,0,0,0,0,0,0,0,26,9,0,0,0,0,0,0,0,0,0,0,0,0,0,0,0,0,0,0,0,0,0,0,0,0,0,0,9711,"60440","60440","B5","G6350","S",41628720,494257,"+41.7006001","-088.0750061"
59,60,"US1ILCK0139","OAK LAWN 1.1 N, IL US","(41.7304,-87.7561)",41.7304,-87.7561,191,2279,4/26/2009,12/25/2018,0,0,0,0,0,0,0,0,0,0,2276,0,0,1743,1,0,0,0,0,0,0,0,0,0,1,1,0,0,0,0,0,0,0,0,0,0,0,0,0,0,0,0,0,0,0,0,0,0,0,0,0,0,10410,"60453","60453","B5","G6350","S",21901343,0,"+41.7142681","-087.7528189"
165,166,"US1ILDP0079","BURR RIDGE 1.9 SW, IL US","(41.7319,-87.9486)",41.7319,-87.9486,221,3347,5/26/2009,12/30/2018,0,0,0,0,0,0,0,0,0,0,3347,0,0,2535,1374,0,0,0,0,0,0,0,0,0,6,5,0,0,0,0,0,0,0,0,0,0,0,0,0,0,0,0,0,0,0,0,0,0,0,0,0,0,6084,"60527","60527","B5","G6350","S",37559151,906482,"+41.7430737","-087.9292145"
193,194,"US1ILDP0140","NAPERVILLE 3.0 SE, IL US","(41.7349,-88.1085)",41.7349,-88.1085,220,173,6/3/2016,7/22/2018,0,0,0,0,0,0,0,0,0,0,173,0,0,33,0,0,0,0,0,0,0,0,0,0,0,0,0,0,0,0,0,0,0,0,0,0,0,0,0,0,0,0,0,0,0,0,0,0,0,0,0,0,6925,"60565","60565","B5","G6350","S",32161307,482552,"+41.7307292","-088.1243363"
286,287,"USC00111577","CHICAGO MIDWAY AIRPORT 3 SW, IL US","(41.7372,-87.7775)",41.7372,-87.7775,189,4747,1/1/2006,12/30/2018,0,0,0,0,0,0,0,0,0,0,4737,0,0,4624,4619,0,0,0,4743,4742,4747,0,0,0,13,0,0,0,0,831,0,561,59,17,56,0,0,0,0,41,0,0,0,0,0,0,0,0,0,0,0,4740,10419,"60459","60459","B5","G6350","S",10868979,0,"+41.7444315","-087.7685764"
164,165,"US1ILDP0078","NAPERVILLE 2.4 SE, IL US","(41.7418,-88.1162)",41.7418,-88.1162,216,1304,9/1/2009,12/30/2018,0,0,0,0,0,0,0,0,0,0,1304,0,0,1038,170,0,0,0,0,0,0,0,0,0,30,28,0,0,0,0,0,0,0,0,0,0,0,0,0,0,0,0,0,0,0,0,0,0,0,0,0,0,6925,"60565","60565","B5","G6350","S",32161307,482552,"+41.7307292","-088.1243363"
128,129,"US1ILDP0020","NAPERVILLE 3.2 ESE, IL US","(41.7423,-88.0982)",41.7423,-88.0982,241,2090,2/24/2007,2/10/2013,0,0,0,0,0,0,0,0,0,0,2088,0,0,1655,224,0,0,0,0,0,0,0,0,0,1,7,0,0,0,0,0,0,0,0,0,0,0,0,0,0,0,0,0,0,0,0,0,0,0,0,0,0,6925,"60565","60565","B5","G6350","S",32161307,482552,"+41.7307292","-088.1243363"
187,188,"US1ILDP0118","DARIEN 0.4 SSE, IL US","(41.7431,-87.9746)",41.7431,-87.9746,229,1886,10/31/2013,12/29/2018,0,0,0,0,0,0,0,0,0,0,1886,0,0,1227,320,0,0,0,0,0,0,0,0,0,0,4,0,0,0,0,0,0,0,0,0,0,0,0,0,0,0,0,0,0,0,0,0,0,0,0,0,0,6920,"60561","60561","B5","G6350","S",16165350,265516,"+41.7456625","-087.9814940"
145,146,"US1ILDP0049","NAPERVILLE 2.5 ESE, IL US","(41.7461,-88.1114)",41.7461,-88.1114,223,519,10/18/2007,11/26/2018,0,0,0,0,0,0,0,0,0,0,510,0,0,263,31,0,0,0,0,0,0,0,0,0,0,1,0,0,0,0,0,0,0,0,0,0,0,0,0,0,0,0,0,0,0,0,0,0,0,0,0,0,6925,"60565","60565","B5","G6350","S",32161307,482552,"+41.7307292","-088.1243363"
110,111,"US1ILCK0254","BURR RIDGE 1.2 ESE, IL US","(41.7473,-87.8974)",41.7473,-87.8974,201,109,3/22/2015,10/15/2017,0,0,0,0,0,0,0,0,0,0,101,0,0,13,7,0,0,0,0,0,0,0,0,0,0,0,0,0,0,0,0,0,0,0,0,0,0,0,0,0,0,0,0,0,0,0,0,0,0,0,0,0,6084,"60527","60527","B5","G6350","S",37559151,906482,"+41.7430737","-087.9292145"
191,192,"US1ILDP0135","DOWNERS GROVE 3.1 SSE, IL US","(41.7533,-88.0021)",41.7533,-88.0021,237,396,12/28/2015,2/13/2017,0,0,0,0,0,0,0,0,0,0,396,0,0,59,6,0,0,0,0,0,0,0,0,0,1,3,0,0,0,0,0,0,0,0,0,0,0,0,0,0,0,0,0,0,0,0,0,0,0,0,0,0,5670,"60516","60516","B5","G6350","S",20458513,322250,"+41.7612967","-088.0133927"
4,5,"US1ILCK0012","BRIDGEVIEW 1.3 NNW, IL US","(41.755,-87.8173)",41.755,-87.8173,188,4290,12/19/2006,12/30/2018,0,0,0,0,0,0,0,0,0,0,4289,0,0,2845,864,0,0,0,0,0,0,0,0,0,134,277,0,0,0,0,0,0,0,0,0,0,0,0,0,0,0,0,0,0,0,0,0,0,0,0,0,0,10413,"60455","60455","B5","G6350","S",11279286,0,"+41.7420926","-087.8086491"
173,174,"US1ILDP0093","DARIEN 1.4 ENE, IL US","(41.7558,-87.9507)",41.7558,-87.9507,220,344,7/16/2010,12/14/2015,0,0,0,0,0,0,0,0,0,0,343,0,0,125,0,0,0,0,0,0,0,0,0,0,0,1,0,0,0,0,0,0,0,0,0,0,0,0,0,0,0,0,0,0,0,0,0,0,0,0,0,0,6920,"60561","60561","B5","G6350","S",16165350,265516,"+41.7456625","-087.9814940"
132,133,"US1ILDP0027","NAPERVILLE 2.1 ESE, IL US","(41.7564,-88.1135)",41.7564,-88.1135,224,3908,3/9/2007,12/30/2018,0,0,0,0,0,0,0,0,0,0,3908,0,0,2673,18,0,0,0,0,0,0,0,0,0,0,1,0,0,0,0,0,0,0,0,0,0,0,0,0,0,0,0,0,0,0,0,0,0,0,0,0,0,6521,"60540","60540","B5","G6350","S",34212403,544116,"+41.7646702","-088.1454278"
144,145,"US1ILDP0048","NAPERVILLE 1.9 W, IL US","(41.7578,-88.191)",41.7578,-88.191,215,212,1/8/2009,10/23/2009,0,0,0,0,0,0,0,0,0,0,212,0,0,114,8,0,0,0,0,0,0,0,0,0,7,9,0,0,0,0,0,0,0,0,0,0,0,0,0,0,0,0,0,0,0,0,0,0,0,0,0,0,6521,"60540","60540","B5","G6350","S",34212403,544116,"+41.7646702","-088.1454278"
181,182,"US1ILDP0106","DARIEN 0.9 NNE, IL US","(41.7621,-87.9707)",41.7621,-87.9707,228,569,3/12/2012,5/5/2016,0,0,0,0,0,0,0,0,0,0,569,0,0,335,0,0,0,0,0,0,0,0,0,0,0,0,0,0,0,0,0,0,0,0,0,0,0,0,0,0,0,0,0,0,0,0,0,0,0,0,0,0,6920,"60561","60561","B5","G6350","S",16165350,265516,"+41.7456625","-087.9814940"
146,147,"US1ILDP0051","DARIEN 1.2 NE, IL US","(41.7621,-87.9616)",41.7621,-87.9616,231,336,2/2/2008,12/22/2009,0,0,0,0,0,0,0,0,0,0,336,0,0,251,4,0,0,0,0,0,0,0,0,0,1,11,0,0,0,0,0,0,0,0,0,0,0,0,0,0,0,0,0,0,0,0,0,0,0,0,0,0,6920,"60561","60561","B5","G6350","S",16165350,265516,"+41.7456625","-087.9814940"
162,163,"US1ILDP0076","WOODRIDGE 1.7 NNE, IL US","(41.7623,-88.0347)",41.7623,-88.0347,230,664,4/10/2009,12/2/2012,0,0,0,0,0,0,0,0,0,0,664,0,0,342,6,0,0,0,0,0,0,0,0,0,2,2,0,0,0,0,0,0,0,0,0,0,0,0,0,0,0,0,0,0,0,0,0,0,0,0,0,0,5672,"60517","60517","B5","G6350","S",22479678,476566,"+41.7419485","-088.0421488"
160,161,"US1ILDP0074","NAPERVILLE 1.9 ENE, IL US","(41.7682,-88.1174)",41.7682,-88.1174,228,1486,3/7/2009,6/29/2013,0,0,0,0,0,0,0,0,0,0,1486,0,0,980,179,0,0,0,0,0,0,0,0,0,0,1,0,0,0,0,0,0,0,0,0,0,0,0,0,0,0,0,0,0,0,0,0,0,0,0,0,0,6521,"60540","60540","B5","G6350","S",34212403,544116,"+41.7646702","-088.1454278"
141,142,"US1ILDP0043","NAPERVILLE 0.9 ENE, IL US","(41.7689,-88.1399)",41.7689,-88.1399,213,176,7/28/2007,7/12/2008,0,0,0,0,0,0,0,0,0,0,176,0,0,176,24,0,0,0,0,0,0,0,0,0,0,0,0,0,0,0,0,0,0,0,0,0,0,0,0,0,0,0,0,0,0,0,0,0,0,0,0,0,6521,"60540","60540","B5","G6350","S",34212403,544116,"+41.7646702","-088.1454278"
127,128,"US1ILDP0018","DOWNERS GROVE 2.1 SE, IL US","(41.7716,-87.994)",41.7716,-87.994,233,2486,2/25/2007,8/22/2014,0,0,0,0,0,0,0,0,0,0,2482,0,0,1874,192,0,0,0,0,0,0,0,0,0,17,175,0,0,0,0,0,0,0,0,0,0,0,0,0,0,0,0,0,0,0,0,0,0,0,0,0,0,5670,"60516","60516","B5","G6350","S",20458513,322250,"+41.7612967","-088.0133927"
161,162,"US1ILDP0075","NAPERVILLE 1.1 NW, IL US","(41.7729,-88.1713)",41.7729,-88.1713,211,2461,4/1/2009,12/30/2018,0,0,0,0,0,0,0,0,0,0,2247,0,0,1519,600,0,0,0,0,0,0,0,0,0,0,0,0,0,0,0,0,0,0,0,0,0,0,0,0,0,0,0,0,0,0,0,0,0,0,0,0,0,6521,"60540","60540","B5","G6350","S",34212403,544116,"+41.7646702","-088.1454278"
125,126,"US1ILDP0014","WESTMONT 1.2 SSE, IL US","(41.7811,-87.9641)",41.7811,-87.9641,229,2547,11/1/2007,1/20/2015,0,0,0,0,0,0,0,0,0,0,2547,0,0,1799,0,0,0,0,0,0,0,0,0,0,0,0,0,0,0,0,0,0,0,0,0,0,0,0,0,0,0,0,0,0,0,0,0,0,0,0,0,0,6546,"60559","60559","B5","G6350","S",12618780,243372,"+41.7943709","-087.9728597"
136,137,"US1ILDP0032","LISLE 1.3 SE, IL US","(41.7814,-88.0674)",41.7814,-88.0674,225,4137,4/1/2007,12/30/2018,0,0,0,0,0,0,0,0,0,0,4137,0,0,3105,529,0,0,0,0,0,0,0,0,0,428,1128,0,0,0,0,0,0,0,0,0,0,0,0,0,0,0,0,0,0,0,0,0,0,0,0,0,0,6089,"60532","60532","B5","G6350","S",23106884,681351,"+41.7894426","-088.0839844"
40,41,"US1ILCK0088","COUNTRYSIDE 0.8 ENE, IL US","(41.7823,-87.8622)",41.7823,-87.8622,199,3178,3/18/2008,12/30/2018,0,0,0,0,0,0,0,0,0,0,3176,0,0,2012,411,0,0,0,0,0,0,0,0,0,16,21,0,0,0,0,0,0,0,0,0,0,0,0,0,0,0,0,0,0,0,0,0,0,0,0,0,0,6079,"60525","60525","B5","G6350","S",32643309,35241,"+41.7843974","-087.8689591"
192,193,"US1ILDP0139","WESTMONT 1.1 SSW, IL US","(41.7825,-87.985)",41.7825,-87.985,230,840,5/25/2016,12/23/2018,0,0,0,0,0,0,0,0,0,0,839,0,0,551,2,0,0,0,0,0,0,0,0,0,0,0,0,0,0,0,0,0,0,0,0,0,0,0,0,0,0,0,0,0,0,0,0,0,0,0,0,0,6546,"60559","60559","B5","G6350","S",12618780,243372,"+41.7943709","-087.9728597"
196,197,"US1ILDP0145","LISLE 0.8 SW, IL US","(41.783,-88.0972)",41.783,-88.0972,225,426,1/24/2017,12/24/2018,0,0,0,0,0,0,0,0,0,0,426,0,0,263,1,0,0,0,0,0,0,0,0,0,1,0,0,0,0,0,0,0,0,0,0,0,0,0,0,0,0,0,0,0,0,0,0,0,0,0,0,0,6089,"60532","60532","B5","G6350","S",23106884,681351,"+41.7894426","-088.0839844"
176,177,"US1ILDP0098","DOWNERS GROVE 0.9 S, IL US","(41.784,-88.0168)",41.784,-88.0168,230,1795,6/20/2010,11/11/2018,0,0,0,0,0,0,0,0,0,0,1794,0,0,1113,0,0,0,0,0,0,0,0,0,0,0,3,0,0,0,0,0,0,0,0,0,0,0,0,0,0,0,0,0,0,0,0,0,0,0,0,0,0,5670,"60516","60516","B5","G6350","S",20458513,322250,"+41.7612967","-088.0133927"
301,302,"USW00014819","CHICAGO MIDWAY AIRPORT, IL US","(41.78611,-87.75222)",41.78611,-87.75222,186,4714,1/1/2006,12/29/2018,4707,0,0,0,0,0,0,0,0,4713,4709,0,0,97,97,0,0,0,4714,4714,0,4713,4713,0,0,0,4713,4713,0,1313,86,384,0,8,0,0,904,0,1,0,0,0,0,0,0,0,0,0,0,0,0,4714,22271,"60638","60638","B5","G6350","S",28764922,0,"+41.7814302","-087.7705205"
131,132,"US1ILDP0025","DOWNERS GROVE 0.7 S, IL US","(41.7871,-88.0152)",41.7871,-88.0152,229,681,2/23/2007,11/26/2009,0,0,0,0,0,0,0,0,0,0,681,0,0,609,116,0,0,0,0,0,0,0,0,0,0,1,0,0,0,0,0,0,0,0,0,0,0,0,0,0,0,0,0,0,0,0,0,0,0,0,0,0,5670,"60516","60516","B5","G6350","S",20458513,322250,"+41.7612967","-088.0133927"
135,136,"US1ILDP0030","LISLE 0.5 WSW, IL US","(41.79,-88.0979)",41.79,-88.0979,224,2057,3/27/2007,11/6/2018,0,0,0,0,0,0,0,0,0,0,2054,0,0,1257,200,0,0,0,0,0,0,0,0,0,2,1,0,0,0,0,0,0,0,0,0,0,0,0,0,0,0,0,0,0,0,0,0,0,0,0,0,0,6089,"60532","60532","B5","G6350","S",23106884,681351,"+41.7894426","-088.0839844"
172,173,"US1ILDP0091","CLARENDON HILLS 0.6 S, IL US","(41.7905,-87.9587)",41.7905,-87.9587,224,100,5/4/2010,10/15/2017,0,0,0,0,0,0,0,0,0,0,100,0,0,67,1,0,0,0,0,0,0,0,0,0,0,0,0,0,0,0,0,0,0,0,0,0,0,0,0,0,0,0,0,0,0,0,0,0,0,0,0,0,3113,"60514","60514","B5","G6350","S",5243839,32447,"+41.7956890","-087.9621554"
130,131,"US1ILDP0024","LISLE 0.6 W, IL US","(41.7918,-88.0994)",41.7918,-88.0994,223,1022,5/5/2007,9/16/2010,0,0,0,0,0,0,0,0,0,0,1022,0,0,847,4,0,0,0,0,0,0,0,0,0,1,43,0,0,0,0,0,0,0,0,0,0,0,0,0,0,0,0,0,0,0,0,0,0,0,0,0,0,6089,"60532","60532","B5","G6350","S",23106884,681351,"+41.7894426","-088.0839844"
169,170,"US1ILDP0086","LISLE 0.5 W, IL US","(41.792,-88.0967)",41.792,-88.0967,216,1748,10/12/2009,12/16/2018,0,0,0,0,0,0,0,0,0,0,1748,0,0,1013,52,0,0,0,0,0,0,0,0,0,30,42,0,0,0,0,0,0,0,0,0,0,0,0,0,0,0,0,0,0,0,0,0,0,0,0,0,0,6089,"60532","60532","B5","G6350","S",23106884,681351,"+41.7894426","-088.0839844"
43,44,"US1ILCK0095","COUNTRYSIDE 1.3 NNE, IL US","(41.7937,-87.8649)",41.7937,-87.8649,199,2288,3/18/2008,8/19/2014,0,0,0,0,0,0,0,0,0,0,2288,0,0,1606,25,0,0,0,0,0,0,0,0,0,0,0,0,0,0,0,0,0,0,0,0,0,0,0,0,0,0,0,0,0,0,0,0,0,0,0,0,0,6079,"60525","60525","B5","G6350","S",32643309,35241,"+41.7843974","-087.8689591"
189,190,"US1ILDP0128","NAPERVILLE 3.7 NW, IL US","(41.7943,-88.2112)",41.7943,-88.2112,217,220,2/17/2015,3/10/2016,0,0,0,0,0,0,0,0,0,0,218,0,0,153,27,0,0,0,0,0,0,0,0,0,2,4,0,0,0,0,0,0,0,0,0,0,0,0,0,0,0,0,0,0,0,0,0,0,0,0,0,0,6921,"60563","60563","B5","G6350","S",39297402,1173074,"+41.7901445","-088.2038292"
288,289,"USC00114816","LA GRANGE, IL US","(41.79528,-87.87083)",41.79528,-87.87083,201,2716,1/1/2006,7/5/2013,0,0,0,0,0,0,0,0,0,0,2709,0,0,2713,2710,0,0,0,0,0,0,0,0,0,73,0,0,0,0,94,0,275,29,2,17,0,0,0,0,17,0,0,0,0,0,0,0,0,0,0,0,0,6079,"60525","60525","B5","G6350","S",32643309,35241,"+41.7843974","-087.8689591"
5,6,"US1ILCK0014","CHICAGO 5.5 ESE, IL US","(41.8008,-87.5903)",41.8008,-87.5903,183,4163,1/15/2007,12/30/2018,0,0,0,0,0,0,0,0,0,0,4163,0,0,3398,1757,0,0,0,0,0,0,0,0,0,3,8,0,0,0,0,0,0,0,0,0,0,0,0,0,0,0,0,0,0,0,0,0,0,0,0,0,0,21195,"60615","60615","B5","G6350","S",5729683,1663610,"+41.8016473","-087.5962879"
152,153,"US1ILDP0062","LISLE 0.7 N, IL US","(41.8022,-88.0869)",41.8022,-88.0869,221,258,3/17/2008,12/8/2008,0,0,0,0,0,0,0,0,0,0,258,0,0,250,15,0,0,0,0,0,0,0,0,0,3,6,0,0,0,0,0,0,0,0,0,0,0,0,0,0,0,0,0,0,0,0,0,0,0,0,0,0,6089,"60532","60532","B5","G6350","S",23106884,681351,"+41.7894426","-088.0839844"
188,189,"US1ILDP0127","DOWNERS GROVE 0.4 NNE, IL US","(41.8033,-88.0154)",41.8033,-88.0154,228,1550,10/3/2014,12/30/2018,0,0,0,0,0,0,0,0,0,0,1550,0,0,1547,1545,0,0,0,0,0,0,0,0,0,37,35,0,0,0,0,0,0,0,0,0,0,0,0,0,0,0,0,0,0,0,0,0,0,0,0,0,0,3115,"60515","60515","B5","G6350","S",29199884,291582,"+41.8105542","-088.0227959"
129,130,"US1ILDP0022","LISLE 1.3 NE, IL US","(41.8062,-88.0702)",41.8062,-88.0702,215,205,3/19/2007,4/3/2009,0,0,0,0,0,0,0,0,0,0,205,0,0,198,0,0,0,0,0,0,0,0,0,0,0,0,0,0,0,0,0,0,0,0,0,0,0,0,0,0,0,0,0,0,0,0,0,0,0,0,0,0,6089,"60532","60532","B5","G6350","S",23106884,681351,"+41.7894426","-088.0839844"
290,291,"USC00115097","LISLE MORTON ARBORETUM, IL US","(41.8127,-88.0727)",41.8127,-88.0727,207,4264,4/1/2007,12/29/2018,0,19,0,0,0,20,0,0,0,0,4216,0,0,4249,4247,0,0,0,4195,4195,4191,0,0,0,39,0,0,0,0,7,0,1,1,0,0,0,0,0,0,1,0,0,0,0,0,0,0,0,0,0,0,4170,6089,"60532","60532","B5","G6350","S",23106884,681351,"+41.7894426","-088.0839844"
298,299,"USC00119221","WHEATON 3 SE, IL US","(41.8127,-88.0727)",41.8127,-88.0727,207,424,1/1/2006,2/28/2007,0,0,0,0,0,0,0,0,0,0,424,0,0,424,424,0,0,0,424,424,424,0,0,0,0,0,0,0,0,0,0,1,0,1,0,0,0,0,0,0,0,0,0,0,0,0,0,0,0,0,0,424,6089,"60532","60532","B5","G6350","S",23106884,681351,"+41.7894426","-088.0839844"
7,8,"US1ILCK0023","LA GRANGE 0.5 NNE, IL US","(41.8149,-87.8696)",41.8149,-87.8696,198,112,1/16/2007,6/21/2012,0,0,0,0,0,0,0,0,0,0,112,0,0,111,99,0,0,0,0,0,0,0,0,0,0,0,0,0,0,0,0,0,0,0,0,0,0,0,0,0,0,0,0,0,0,0,0,0,0,0,0,0,6079,"60525","60525","B5","G6350","S",32643309,35241,"+41.7843974","-087.8689591"
23,24,"US1ILCK0062","STICKNEY 1.2 W, IL US","(41.8212,-87.7959)",41.8212,-87.7959,187,888,3/6/2007,1/30/2011,0,0,0,0,0,0,0,0,0,0,888,0,0,765,25,0,0,0,0,0,0,0,0,0,0,2,0,0,0,0,0,0,0,0,0,0,0,0,0,0,0,0,0,0,0,0,0,0,0,0,0,0,26627,"60402","60402","B5","G6350","S",13646765,144650,"+41.8352161","-087.7913729"
45,46,"US1ILCK0098","LA GRANGE PARK 0.7 SSW, IL US","(41.8226,-87.8758)",41.8226,-87.8758,201,3404,3/31/2008,12/30/2018,0,0,0,0,0,0,0,0,0,0,3401,0,0,2374,960,0,0,0,0,0,0,0,0,0,9,4,0,0,0,0,0,0,0,0,0,0,0,0,0,0,0,0,0,0,0,0,0,0,0,0,0,0,6080,"60526","60526","B5","G6350","S",7111385,0,"+41.8317936","-087.8739949"
46,47,"US1ILCK0100","CICERO 1.5 SSW, IL US","(41.8231,-87.7666)",41.8231,-87.7666,186,1498,5/11/2008,10/28/2018,0,0,0,0,0,0,0,0,0,0,1498,0,0,895,5,0,0,0,0,0,0,0,0,0,3,5,0,0,0,0,0,0,0,0,0,0,0,0,0,0,0,0,0,0,0,0,0,0,0,0,0,0,4458,"60804","60804","B5","G6350","S",19823811,403177,"+41.8375785","-087.7598510"
118,119,"US1ILCK0286","BROOKFIELD 0.2 ENE, IL US","(41.8251,-87.8443)",41.8251,-87.8443,188,452,10/28/2016,2/9/2018,0,0,0,0,0,0,0,0,0,0,452,0,0,378,55,0,0,0,0,0,0,0,0,0,0,6,0,0,0,0,0,0,0,0,0,0,0,0,0,0,0,0,0,0,0,0,0,0,0,0,0,0,3111,"60513","60513","B5","G6350","S",8175791,17368,"+41.8250594","-087.8475457"
287,288,"USC00113490","GLEN ELLYN 4 S, IL US","(41.8266,-88.058)",41.8266,-88.058,209,4692,1/1/2006,12/30/2018,0,16,1,0,0,18,2,0,0,0,4665,0,0,3322,3328,0,0,0,0,0,0,0,0,0,15,0,0,0,0,137,0,332,42,15,33,0,0,0,0,3,0,0,0,0,0,0,0,0,0,0,0,0,15841,"60137","60137","B5","G6350","S",28030826,581736,"+41.8652132","-088.0614791"
142,143,"US1ILDP0045","WHEATON 1.8 SSW, IL US","(41.8317,-88.1225)",41.8317,-88.1225,230,542,9/29/2007,5/1/2009,0,0,0,0,0,0,0,0,0,0,542,0,0,427,29,0,0,0,0,0,0,0,0,0,26,5,0,0,0,0,0,0,0,0,0,0,0,0,0,0,0,0,0,0,0,0,0,0,0,0,0,0,18513,"60189","60189","B5","G6350","S",26452325,885699,"+41.8406325","-088.1220238"
122,123,"US1ILCK0300","RIVERSIDE 0.2 WNW, IL US","(41.832,-87.8197)",41.832,-87.8197,189,475,8/19/2017,12/30/2018,0,0,0,0,0,0,0,0,0,0,474,0,0,75,3,0,0,0,0,0,0,0,0,0,6,103,0,0,0,0,0,0,0,0,0,0,0,0,0,0,0,0,0,0,0,0,0,0,0,0,0,0,6530,"60546","60546","B5","G6350","S",10029702,48393,"+41.8379226","-087.8218594"
195,196,"US1ILDP0144","GLEN ELLYN 2.2 SSE, IL US","(41.8353,-88.0509)",41.8353,-88.0509,209,105,8/24/2016,10/15/2017,0,0,0,0,0,0,0,0,0,0,105,0,0,1,0,0,0,0,0,0,0,0,0,0,0,0,0,0,0,0,0,0,0,0,0,0,0,0,0,0,0,0,0,0,0,0,0,0,0,0,0,0,15841,"60137","60137","B5","G6350","S",28030826,581736,"+41.8652132","-088.0614791"
175,176,"US1ILDP0097","WARRENVILLE 1.1 NNW, IL US","(41.8358,-88.191)",41.8358,-88.191,215,588,4/11/2011,8/11/2014,0,0,0,0,0,0,0,0,0,0,588,0,0,312,0,0,0,0,0,0,0,0,0,0,0,1,0,0,0,0,0,0,0,0,0,0,0,0,0,0,0,0,0,0,0,0,0,0,0,0,0,0,6540,"60555","60555","B5","G6350","S",17829083,617078,"+41.8221671","-088.1807734"
15,16,"US1ILCK0049","LA GRANGE PARK 0.9 NE, IL US","(41.8407,-87.8596)",41.8407,-87.8596,192,2346,3/26/2007,11/21/2013,0,0,0,0,0,0,0,0,0,0,2339,0,0,1833,8,0,0,0,0,0,0,0,0,0,2,5,0,0,0,0,0,0,0,0,0,0,0,0,0,0,0,0,0,0,0,0,0,0,0,0,0,0,6080,"60526","60526","B5","G6350","S",7111385,0,"+41.8317936","-087.8739949"
91,92,"US1ILCK0204","BOOT CAMP CHICAGO 4.2 SW, IL US","(41.8421,-87.6891)",41.8421,-87.6891,183,153,10/1/2012,10/30/2013,0,0,0,0,0,0,0,0,0,0,152,0,0,106,9,0,0,0,0,0,0,0,0,0,3,3,0,0,0,0,0,0,0,0,0,0,0,0,0,0,0,0,0,0,0,0,0,0,0,0,0,0,14922,"60608","60608","B5","G6350","S",16322718,568479,"+41.8468804","-087.6706636"
294,295,"USC00116281","OAK BROOK 2 W, IL US","(41.8422,-87.973)",41.8422,-87.973,218,3072,1/1/2006,5/31/2014,0,0,0,0,0,0,0,0,0,0,3072,0,0,3071,3071,0,0,0,0,0,0,0,0,0,27,0,0,0,0,713,0,265,46,24,106,0,0,0,0,17,0,0,0,0,0,0,0,0,0,0,0,0,6076,"60523","60523","B5","G6350","S",23190737,857837,"+41.8363955","-087.9531734"
134,135,"US1ILDP0029","GLEN ELLYN 1.6 SSE, IL US","(41.8441,-88.0554)",41.8441,-88.0554,226,2203,3/28/2007,11/26/2018,0,0,0,0,0,0,0,0,0,0,2202,0,0,1484,5,0,0,0,0,0,0,0,0,0,1,7,0,0,0,0,0,0,0,0,0,0,0,0,0,0,0,0,0,0,0,0,0,0,0,0,0,0,15841,"60137","60137","B5","G6350","S",28030826,581736,"+41.8652132","-088.0614791"
121,122,"US1ILCK0298","CICERO 0.4 W, IL US","(41.8443,-87.7671)",41.8443,-87.7671,185,504,7/17/2017,12/30/2018,0,0,0,0,0,0,0,0,0,0,504,0,0,32,29,0,0,0,0,0,0,0,0,0,25,25,0,0,0,0,0,0,0,0,0,0,0,0,0,0,0,0,0,0,0,0,0,0,0,0,0,0,4458,"60804","60804","B5","G6350","S",19823811,403177,"+41.8375785","-087.7598510"
30,31,"US1ILCK0072","CICERO 0.4 W, IL US","(41.8449,-87.7673)",41.8449,-87.7673,186,334,4/7/2007,2/9/2010,0,0,0,0,0,0,0,0,0,0,334,0,0,333,306,0,0,0,0,0,0,0,0,0,0,0,0,0,0,0,0,0,0,0,0,0,0,0,0,0,0,0,0,0,0,0,0,0,0,0,0,0,4458,"60804","60804","B5","G6350","S",19823811,403177,"+41.8375785","-087.7598510"
83,84,"US1ILCK0187","NORTH RIVERSIDE 0.4 W, IL US","(41.8482,-87.8332)",41.8482,-87.8332,190,164,8/7/2011,2/1/2015,0,0,0,0,0,0,0,0,0,0,164,0,0,76,15,0,0,0,0,0,0,0,0,0,2,2,0,0,0,0,0,0,0,0,0,0,0,0,0,0,0,0,0,0,0,0,0,0,0,0,0,0,6530,"60546","60546","B5","G6350","S",10029702,48393,"+41.8379226","-087.8218594"
143,144,"US1ILDP0047","GLEN ELLYN 1.4 SE, IL US","(41.8515,-88.0453)",41.8515,-88.0453,219,2208,10/22/2007,7/29/2016,0,0,0,0,0,0,0,0,0,0,2208,0,0,1571,4,0,0,0,0,0,0,0,0,0,0,0,0,0,0,0,0,0,0,0,0,0,0,0,0,0,0,0,0,0,0,0,0,0,0,0,0,0,15841,"60137","60137","B5","G6350","S",28030826,581736,"+41.8652132","-088.0614791"
116,117,"US1ILCK0282","BERWYN 0.9 NW, IL US","(41.8531,-87.802)",41.8531,-87.802,188,920,1/4/2014,12/23/2018,0,0,0,0,0,0,0,0,0,0,920,0,0,133,21,0,0,0,0,0,0,0,0,0,0,0,0,0,0,0,0,0,0,0,0,0,0,0,0,0,0,0,0,0,0,0,0,0,0,0,0,0,26627,"60402","60402","B5","G6350","S",13646765,144650,"+41.8352161","-087.7913729"
149,150,"US1ILDP0058","WHEATON 0.5 W, IL US","(41.8548,-88.1174)",41.8548,-88.1174,232,1990,2/6/2008,12/4/2013,0,0,0,0,0,0,0,0,0,0,1990,0,0,1292,11,0,0,0,0,0,0,0,0,0,5,71,0,0,0,0,0,0,0,0,0,0,0,0,0,0,0,0,0,0,0,0,0,0,0,0,0,0,18513,"60189","60189","B5","G6350","S",26452325,885699,"+41.8406325","-088.1220238"
154,155,"US1ILDP0065","OAKBROOK TERRACE 0.2 NW, IL US","(41.8549,-87.971)",41.8549,-87.971,222,183,5/1/2008,7/10/2009,0,0,0,0,0,0,0,0,0,0,183,0,0,178,0,0,0,0,0,0,0,0,0,0,0,0,0,0,0,0,0,0,0,0,0,0,0,0,0,0,0,0,0,0,0,0,0,0,0,0,0,0,8962,"60181","60181","B5","G6350","S",17117394,217363,"+41.8768971","-087.9763283"
285,286,"USC00111550","CHICAGO NORTHERLY ISLAND, IL US","(41.8558,-87.6094)",41.8558,-87.6094,178,4708,1/1/2006,12/30/2018,0,0,0,0,0,0,0,0,0,0,0,0,0,0,0,0,0,0,4699,4690,4703,0,0,0,0,0,0,0,0,0,0,0,0,0,0,0,0,0,0,0,0,0,0,0,0,0,0,0,0,0,0,4689,14915,"60605","60605","B5","G6350","S",3225618,2037762,"+41.8675665","-087.6172276"
194,195,"US1ILDP0141","GLEN ELLYN 1.1 WSW, IL US","(41.8634,-88.0829)",41.8634,-88.0829,213,878,6/23/2016,12/29/2018,0,0,0,0,0,0,0,0,0,0,878,0,0,473,4,0,0,0,0,0,0,0,0,0,0,0,0,0,0,0,0,0,0,0,0,0,0,0,0,0,0,0,0,0,0,0,0,0,0,0,0,0,15282,"60187","60187","B5","G6350","S",17161822,227322,"+41.8727197","-088.1124421"
61,62,"US1ILCK0145","OAK PARK 1.5 S, IL US","(41.8659,-87.7928)",41.8659,-87.7928,189,3239,8/22/2009,12/30/2018,0,0,0,0,0,0,0,0,0,0,3238,0,0,1931,444,0,0,0,0,0,0,0,0,0,2,1,0,0,0,0,0,0,0,0,0,0,0,0,0,0,0,0,0,0,0,0,0,0,0,0,0,0,26621,"60304","60304","B5","G6350","S",3968561,0,"+41.8723888","-087.7894845"
184,185,"US1ILDP0110","WHEATON 1.3 NW, IL US","(41.8663,-88.1283)",41.8663,-88.1283,230,362,12/4/2012,5/13/2014,0,0,0,0,0,0,0,0,0,0,362,0,0,228,12,0,0,0,0,0,0,0,0,0,9,15,0,0,0,0,0,0,0,0,0,0,0,0,0,0,0,0,0,0,0,0,0,0,0,0,0,0,15282,"60187","60187","B5","G6350","S",17161822,227322,"+41.8727197","-088.1124421"
174,175,"US1ILDP0096","LOMBARD 1.0 WSW, IL US","(41.8678,-88.033)",41.8678,-88.033,213,435,11/23/2010,2/21/2018,0,0,0,0,0,0,0,0,0,0,435,0,0,66,1,0,0,0,0,0,0,0,0,0,1,0,0,0,0,0,0,0,0,0,0,0,0,0,0,0,0,0,0,0,0,0,0,0,0,0,0,0,14472,"60148","60148","B5","G6350","S",35174780,627143,"+41.8735714","-088.0207665"
150,151,"US1ILDP0060","GLEN ELLYN 0.8 NW, IL US","(41.8739,-88.0744)",41.8739,-88.0744,235,1280,4/7/2008,7/18/2012,0,0,0,0,0,0,0,0,0,0,1280,0,0,804,1,0,0,0,0,0,0,0,0,0,0,0,0,0,0,0,0,0,0,0,0,0,0,0,0,0,0,0,0,0,0,0,0,0,0,0,0,0,15841,"60137","60137","B5","G6350","S",28030826,581736,"+41.8652132","-088.0614791"
186,187,"US1ILDP0117","ELMHURST 2.0 SE, IL US","(41.8752,-87.9211)",41.8752,-87.9211,212,1175,10/22/2013,12/30/2018,0,0,0,0,0,0,0,0,0,0,1175,0,0,572,0,0,0,0,0,0,0,0,0,0,0,1,0,0,0,0,0,0,0,0,0,0,0,0,0,0,0,0,0,0,0,0,0,0,0,0,0,0,15605,"60126","60126","B5","G6350","S",28769893,290007,"+41.8968428","-087.9412404"
22,23,"US1ILCK0061","OAK PARK 1.0 SW, IL US","(41.8756,-87.8011)",41.8756,-87.8011,193,3352,3/5/2007,12/19/2018,0,0,0,0,0,0,0,0,0,0,3352,0,0,2424,474,0,0,0,0,0,0,0,0,0,13,135,0,0,0,0,0,0,0,0,0,0,0,0,0,0,0,0,0,0,0,0,0,0,0,0,0,0,26621,"60304","60304","B5","G6350","S",3968561,0,"+41.8723888","-087.7894845"
155,156,"US1ILDP0069","GLEN ELLYN 1.0 NE, IL US","(41.8786,-88.0505)",41.8786,-88.0505,220,2709,5/1/2008,6/19/2016,0,0,0,0,0,0,0,0,0,0,2706,0,0,1532,25,0,0,0,0,0,0,0,0,0,0,1,0,0,0,0,0,0,0,0,0,0,0,0,0,0,0,0,0,0,0,0,0,0,0,0,0,0,15841,"60137","60137","B5","G6350","S",28030826,581736,"+41.8652132","-088.0614791"
133,134,"US1ILDP0028","WEST CHICAGO 1.0 SE, IL US","(41.8791,-88.2099)",41.8791,-88.2099,229,2015,3/4/2007,8/22/2014,0,0,0,0,0,0,0,0,0,0,2015,0,0,1469,21,0,0,0,0,0,0,0,0,0,0,0,0,0,0,0,0,0,0,0,0,0,0,0,0,0,0,0,0,0,0,0,0,0,0,0,0,0,15281,"60185","60185","B5","G6350","S",78628258,2067691,"+41.8966908","-088.2110144"
190,191,"US1ILDP0132","WHEATON 2.0 NNE, IL US","(41.8798,-88.0863)",41.8798,-88.0863,241,1285,6/25/2015,12/30/2018,0,0,0,0,0,0,0,0,0,0,1285,0,0,1103,1091,0,0,0,0,0,0,0,0,0,849,917,0,0,0,0,0,0,0,0,0,0,0,0,0,0,0,0,0,0,0,0,0,0,0,0,0,0,15282,"60187","60187","B5","G6350","S",17161822,227322,"+41.8727197","-088.1124421"
2,3,"US1ILCK0010","CHICAGO 3.0 N, IL US","(41.8798,-87.6823)",41.8798,-87.6823,181,165,8/21/2007,9/16/2010,0,0,0,0,0,0,0,0,0,0,165,0,0,134,0,0,0,0,0,0,0,0,0,0,0,0,0,0,0,0,0,0,0,0,0,0,0,0,0,0,0,0,0,0,0,0,0,0,0,0,0,0,21187,"60612","60612","B5","G6350","S",9709580,0,"+41.8803125","-087.6877424"
148,149,"US1ILDP0053","WHEATON 1.7 N, IL US","(41.88,-88.1035)",41.88,-88.1035,235,270,12/9/2007,12/28/2008,0,0,0,0,0,0,0,0,0,0,269,0,0,270,52,0,0,0,0,0,0,0,0,0,0,0,0,0,0,0,0,0,0,0,0,0,0,0,0,0,0,0,0,0,0,0,0,0,0,0,0,0,15282,"60187","60187","B5","G6350","S",17161822,227322,"+41.8727197","-088.1124421"
90,91,"US1ILCK0202","RIVER FOREST 0.9 SSE, IL US","(41.8819,-87.815)",41.8819,-87.815,192,286,7/16/2012,3/1/2018,0,0,0,0,0,0,0,0,0,0,286,0,0,5,0,0,0,0,0,0,0,0,0,0,0,0,0,0,0,0,0,0,0,0,0,0,0,0,0,0,0,0,0,0,0,0,0,0,0,0,0,0,26622,"60305","60305","B5","G6350","S",6411801,4794,"+41.8948750","-087.8190635"
159,160,"US1ILDP0073","LOMBARD 0.7 NNE, IL US","(41.8844,-88.0122)",41.8844,-88.0122,220,114,9/26/2009,5/15/2018,0,0,0,0,0,0,0,0,0,0,114,0,0,12,0,0,0,0,0,0,0,0,0,0,0,0,0,0,0,0,0,0,0,0,0,0,0,0,0,0,0,0,0,0,0,0,0,0,0,0,0,0,14472,"60148","60148","B5","G6350","S",35174780,627143,"+41.8735714","-088.0207665"
182,183,"US1ILDP0108","GLEN ELLYN 1.3 NNW, IL US","(41.8846,-88.0701)",41.8846,-88.0701,239,1478,7/24/2012,12/26/2018,0,0,0,0,0,0,0,0,0,0,1478,0,0,855,0,0,0,0,0,0,0,0,0,0,0,0,0,0,0,0,0,0,0,0,0,0,0,0,0,0,0,0,0,0,0,0,0,0,0,0,0,0,15841,"60137","60137","B5","G6350","S",28030826,581736,"+41.8652132","-088.0614791"
180,181,"US1ILDP0104","GLEN ELLYN 1.4 NNW, IL US","(41.8859,-88.0707)",41.8859,-88.0707,238,185,1/1/2012,3/6/2013,0,0,0,0,0,0,0,0,0,0,185,0,0,124,20,0,0,0,0,0,0,0,0,0,4,3,0,0,0,0,0,0,0,0,0,0,0,0,0,0,0,0,0,0,0,0,0,0,0,0,0,0,15841,"60137","60137","B5","G6350","S",28030826,581736,"+41.8652132","-088.0614791"
10,11,"US1ILCK0036","CHICAGO 4.7 NE, IL US","(41.886,-87.621)",41.886,-87.621,191,3300,3/15/2007,12/30/2018,0,0,0,0,0,0,0,0,0,0,3300,0,0,2253,0,0,0,0,0,0,0,0,0,0,0,0,0,0,0,0,0,0,0,0,0,0,0,0,0,0,0,0,0,0,0,0,0,0,0,0,0,0,14311,"60601","60601","B5","G6350","S",934220,61223,"+41.8856419","-087.6215226"
139,140,"US1ILDP0040","LOMBARD 1.0 NNW, IL US","(41.8884,-88.0229)",41.8884,-88.0229,216,3882,6/1/2007,12/30/2018,0,0,0,0,0,0,0,0,0,0,3882,0,0,2401,0,0,0,0,0,0,0,0,0,0,0,0,0,0,0,0,0,0,0,0,0,0,0,0,0,0,0,0,0,0,0,0,0,0,0,0,0,0,14472,"60148","60148","B5","G6350","S",35174780,627143,"+41.8735714","-088.0207665"
167,168,"US1ILDP0083","LOMBARD 1.2 NNW, IL US","(41.8912,-88.0223)",41.8912,-88.0223,214,1834,6/9/2009,12/21/2015,0,0,0,0,0,0,0,0,0,0,1833,0,0,1192,96,0,0,0,0,0,0,0,0,0,37,143,0,0,0,0,0,0,0,0,0,0,0,0,0,0,0,0,0,0,0,0,0,0,0,0,0,0,14472,"60148","60148","B5","G6350","S",35174780,627143,"+41.8735714","-088.0207665"
183,184,"US1ILDP0109","ELMHURST 0.8 ESE, IL US","(41.8929,-87.9296)",41.8929,-87.9296,209,2345,7/29/2012,12/29/2018,0,0,0,0,0,0,0,0,0,0,2345,0,0,1704,956,0,0,0,0,0,0,0,0,0,871,942,0,0,0,0,0,0,0,0,0,0,0,0,0,0,0,0,0,0,0,0,0,0,0,0,0,0,15605,"60126","60126","B5","G6350","S",28769893,290007,"+41.8968428","-087.9412404"
26,27,"US1ILCK0066","OAK PARK 0.6 NE, IL US","(41.8934,-87.7798)",41.8934,-87.7798,193,1135,3/19/2007,6/18/2013,0,0,0,0,0,0,0,0,0,0,1130,0,0,875,46,0,0,0,0,0,0,0,0,0,1,2,0,0,0,0,0,0,0,0,0,0,0,0,0,0,0,0,0,0,0,0,0,0,0,0,0,0,26618,"60302","60302","B5","G6350","S",7798364,0,"+41.8946110","-087.7897046"
138,139,"US1ILDP0038","ELMHURST 0.4 SW, IL US","(41.8935,-87.9485)",41.8935,-87.9485,216,2121,7/9/2007,12/29/2018,0,0,0,0,0,0,0,0,0,0,2118,0,0,975,13,0,0,0,0,0,0,0,0,0,3,5,0,0,0,0,0,0,0,0,0,0,0,0,0,0,0,0,0,0,0,0,0,0,0,0,0,0,15605,"60126","60126","B5","G6350","S",28769893,290007,"+41.8968428","-087.9412404"
168,169,"US1ILDP0085","VILLA PARK 1.0 NW, IL US","(41.8969,-87.9903)",41.8969,-87.9903,220,3200,10/19/2009,12/29/2018,0,0,0,0,0,0,0,0,0,0,3200,0,0,1695,4,0,0,0,0,0,0,0,0,0,2,1,0,0,0,0,0,0,0,0,0,0,0,0,0,0,0,0,0,0,0,0,0,0,0,0,0,0,8962,"60181","60181","B5","G6350","S",17117394,217363,"+41.8768971","-087.9763283"
166,167,"US1ILDP0081","GLEN ELLYN 2.3 N, IL US","(41.8993,-88.0604)",41.8993,-88.0604,222,605,5/30/2009,3/15/2012,0,0,0,0,0,0,0,0,0,0,604,0,0,326,16,0,0,0,0,0,0,0,0,0,10,36,0,0,0,0,0,0,0,0,0,0,0,0,0,0,0,0,0,0,0,0,0,0,0,0,0,0,15841,"60137","60137","B5","G6350","S",28030826,581736,"+41.8652132","-088.0614791"
103,104,"US1ILCK0240","CHICAGO 2.7 WNW, IL US","(41.9018,-87.6726)",41.9018,-87.6726,183,493,6/18/2014,11/6/2018,0,0,0,0,0,0,0,0,0,0,491,0,0,258,0,0,0,0,0,0,0,0,0,0,0,0,0,0,0,0,0,0,0,0,0,0,0,0,0,0,0,0,0,0,0,0,0,0,0,0,0,0,21563,"60622","60622","B5","G6350","S",6398118,10221,"+41.9021720","-087.6833374"
31,32,"US1ILCK0074","OAK PARK 1.3 NNE, IL US","(41.9062,-87.7819)",41.9062,-87.7819,193,3806,7/9/2007,12/30/2018,0,0,0,0,0,0,0,0,0,0,3806,0,0,2765,131,0,0,0,0,0,0,0,0,0,45,344,0,0,0,0,0,0,0,0,0,0,0,0,0,0,0,0,0,0,0,0,0,0,0,0,0,0,26618,"60302","60302","B5","G6350","S",7798364,0,"+41.8946110","-087.7897046"
52,53,"US1ILCK0117","CHICAGO 3.0 NW, IL US","(41.9125,-87.6695)",41.9125,-87.6695,178,136,7/9/2008,10/26/2010,0,0,0,0,0,0,0,0,0,0,136,0,0,128,0,0,0,0,0,0,0,0,0,0,0,0,0,0,0,0,0,0,0,0,0,0,0,0,0,0,0,0,0,0,0,0,0,0,0,0,0,0,21563,"60622","60622","B5","G6350","S",6398118,10221,"+41.9021720","-087.6833374"
140,141,"US1ILDP0042","CAROL STREAM 0.3 SSE, IL US","(41.913,-88.1294)",41.913,-88.1294,231,3643,6/8/2007,10/31/2018,0,0,0,0,0,0,0,0,0,0,3636,0,0,2628,223,0,0,0,0,0,0,0,0,0,79,138,0,0,0,0,0,0,0,0,0,0,0,0,0,0,0,0,0,0,0,0,0,0,0,0,0,0,18510,"60188","60188","B5","G6350","S",26135225,788127,"+41.9157372","-088.1294344"
20,21,"US1ILCK0055","CHICAGO 6.0 NNE, IL US","(41.917,-87.6386)",41.917,-87.6386,190,280,2/13/2007,7/8/2008,0,0,0,0,0,0,0,0,0,0,280,0,0,280,28,0,0,0,0,0,0,0,0,0,0,0,0,0,0,0,0,0,0,0,0,0,0,0,0,0,0,0,0,0,0,0,0,0,0,0,0,0,21193,"60614","60614","B5","G6350","S",8080173,864324,"+41.9227137","-087.6495775"
104,105,"US1ILCK0243","ELMWOOD PARK 0.7 ESE, IL US","(41.9177,-87.8037)",41.9177,-87.8037,195,1441,8/11/2014,12/27/2018,0,0,0,0,0,0,0,0,0,0,1441,0,0,227,0,0,0,0,0,0,0,0,0,0,0,0,0,0,0,0,0,0,0,0,0,0,0,0,0,0,0,0,0,0,0,0,0,0,0,0,0,0,4454,"60707","60707","B5","G6350","S",9344358,0,"+41.9218528","-087.8072823"
58,59,"US1ILCK0137","MELROSE PARK 2.0 NW, IL US","(41.92,-87.8855)",41.92,-87.8855,199,1002,5/2/2009,10/5/2013,0,0,0,0,0,0,0,0,0,0,1002,0,0,612,59,0,0,0,0,0,0,0,0,0,11,5,0,0,0,0,0,0,0,0,0,0,0,0,0,0,0,0,0,0,0,0,0,0,0,0,0,0,15071,"60164","60164","B5","G6350","S",12279812,0,"+41.9175071","-087.9007049"
124,125,"US1ILDP0011","CAROL STREAM 0.7 WNW, IL US","(41.9217,-88.1434)",41.9217,-88.1434,233,1403,2/19/2007,1/11/2013,0,0,0,0,0,0,0,0,0,0,1403,0,0,1101,25,0,0,0,0,0,0,0,0,0,0,0,0,0,0,0,0,0,0,0,0,0,0,0,0,0,0,0,0,0,0,0,0,0,0,0,0,0,18510,"60188","60188","B5","G6350","S",26135225,788127,"+41.9157372","-088.1294344"
9,10,"US1ILCK0032","CHICAGO 6.4 NNE, IL US","(41.9266,-87.6562)",41.9266,-87.6562,186,515,3/28/2007,10/31/2018,0,0,0,0,0,0,0,0,0,0,504,0,0,133,2,0,0,0,0,0,0,0,0,0,0,0,0,0,0,0,0,0,0,0,0,0,0,0,0,0,0,0,0,0,0,0,0,0,0,0,0,0,21193,"60614","60614","B5","G6350","S",8080173,864324,"+41.9227137","-087.6495775"
54,55,"US1ILCK0122","CHICAGO 6.5 NNE, IL US","(41.9272,-87.6517)",41.9272,-87.6517,187,196,6/19/2008,4/23/2010,0,0,0,0,0,0,0,0,0,0,196,0,0,151,10,0,0,0,0,0,0,0,0,0,0,0,0,0,0,0,0,0,0,0,0,0,0,0,0,0,0,0,0,0,0,0,0,0,0,0,0,0,21193,"60614","60614","B5","G6350","S",8080173,864324,"+41.9227137","-087.6495775"
137,138,"US1ILDP0034","WEST CHICAGO 2.7 N, IL US","(41.9288,-88.2175)",41.9288,-88.2175,238,3000,4/10/2007,3/28/2016,0,0,0,0,0,0,0,0,0,0,3000,0,0,1820,0,0,0,0,0,0,0,0,0,0,0,0,0,0,0,0,0,0,0,0,0,0,0,0,0,0,0,0,0,0,0,0,0,0,0,0,0,0,15281,"60185","60185","B5","G6350","S",78628258,2067691,"+41.8966908","-088.2110144"
126,127,"US1ILDP0015","GLENDALE HEIGHTS 0.7 NNE, IL US","(41.9296,-88.0751)",41.9296,-88.0751,238,395,3/9/2006,12/19/2008,0,0,0,0,0,0,0,0,0,0,395,0,0,394,195,0,0,0,0,0,0,0,0,0,5,24,0,0,0,0,0,0,0,0,0,0,0,0,0,0,0,0,0,0,0,0,0,0,0,0,0,0,15842,"60139","60139","B5","G6350","S",14380613,360439,"+41.9188772","-088.0780946"
44,45,"US1ILCK0097","CHICAGO 6.8 NNE, IL US","(41.9301,-87.6393)",41.9301,-87.6393,180,1362,3/26/2008,3/8/2012,0,0,0,0,0,0,0,0,0,0,1362,0,0,982,2,0,0,0,0,0,0,0,0,0,1,1,0,0,0,0,0,0,0,0,0,0,0,0,0,0,0,0,0,0,0,0,0,0,0,0,0,0,21193,"60614","60614","B5","G6350","S",8080173,864324,"+41.9227137","-087.6495775"
102,103,"US1ILCK0238","ELMWOOD PARK 0.7 NNW, IL US","(41.9314,-87.8231)",41.9314,-87.8231,192,325,4/1/2014,9/1/2018,0,0,0,0,0,0,0,0,0,0,325,0,0,240,0,0,0,0,0,0,0,0,0,0,0,0,0,0,0,0,0,0,0,0,0,0,0,0,0,0,0,0,0,0,0,0,0,0,0,0,0,0,4454,"60707","60707","B5","G6350","S",9344358,0,"+41.9218528","-087.8072823"
47,48,"US1ILCK0102","ELMWOOD PARK 4.3 E, IL US","(41.9331,-87.7334)",41.9331,-87.7334,186,338,4/2/2008,8/27/2009,0,0,0,0,0,0,0,0,0,0,338,0,0,286,0,0,0,0,0,0,0,0,0,0,0,0,0,0,0,0,0,0,0,0,0,0,0,0,0,0,0,0,0,0,0,0,0,0,0,0,0,0,22621,"60641","60641","B5","G6350","S",10468072,0,"+41.9466057","-087.7467867"
29,30,"US1ILCK0070","HARWOOD HEIGHTS 2.6 SE, IL US","(41.9393,-87.77)",41.9393,-87.77,191,231,3/25/2007,12/5/2007,0,0,0,0,0,0,0,0,0,0,231,0,0,231,4,0,0,0,0,0,0,0,0,0,2,2,0,0,0,0,0,0,0,0,0,0,0,0,0,0,0,0,0,0,0,0,0,0,0,0,0,0,22257,"60634","60634","B5","G6350","S",18422451,24085,"+41.9461885","-087.8061174"
197,198,"US1ILDP0150","BLOOMINGDALE 1.2 ESE, IL US","(41.9397,-88.0666)",41.9397,-88.0666,221,424,9/3/2017,12/28/2018,0,0,0,0,0,0,0,0,0,0,423,0,0,269,3,0,0,0,0,0,0,0,0,0,1,8,0,0,0,0,0,0,0,0,0,0,0,0,0,0,0,0,0,0,0,0,0,0,0,0,0,0,10511,"60108","60108","B5","G6350","S",18743040,799550,"+41.9500216","-088.0918650"
157,158,"US1ILDP0071","ADDISON 1.6 WNW, IL US","(41.9415,-88.0356)",41.9415,-88.0356,227,181,5/14/2008,11/16/2008,0,0,0,0,0,0,0,0,0,0,181,0,0,181,0,0,0,0,0,0,0,0,0,0,0,0,0,0,0,0,0,0,0,0,0,0,0,0,0,0,0,0,0,0,0,0,0,0,0,0,0,0,9879,"60101","60101","B5","G6350","S",29950578,749930,"+41.9305118","-088.0178208"
185,186,"US1ILDP0114","BLOOMINGDALE 0.5 ESE, IL US","(41.9474,-88.0769)",41.9474,-88.0769,234,184,6/13/2013,8/11/2014,0,0,0,0,0,0,0,0,0,0,184,0,0,80,0,0,0,0,0,0,0,0,0,0,0,0,0,0,0,0,0,0,0,0,0,0,0,0,0,0,0,0,0,0,0,0,0,0,0,0,0,0,10511,"60108","60108","B5","G6350","S",18743040,799550,"+41.9500216","-088.0918650"
80,81,"US1ILCK0179","CHICAGO 4.8 NNW, IL US","(41.9481,-87.6588)",41.9481,-87.6588,183,254,4/20/2011,5/21/2017,0,0,0,0,0,0,0,0,0,0,254,0,0,120,0,0,0,0,0,0,0,0,0,0,0,0,0,0,0,0,0,0,0,0,0,0,0,0,0,0,0,0,0,0,0,0,0,0,0,0,0,0,21189,"60613","60613","B5","G6350","S",5632034,1114040,"+41.9569485","-087.6542721"
48,49,"US1ILCK0104","LINCOLNWOOD 5.1 SE, IL US","(41.9494,-87.6703)",41.9494,-87.6703,182,174,3/30/2008,11/19/2008,0,0,0,0,0,0,0,0,0,0,174,0,0,174,0,0,0,0,0,0,0,0,0,0,0,0,0,0,0,0,0,0,0,0,0,0,0,0,0,0,0,0,0,0,0,0,0,0,0,0,0,0,21189,"60613","60613","B5","G6350","S",5632034,1114040,"+41.9569485","-087.6542721"
171,172,"US1ILDP0090","HANOVER PARK 2.2 SSW, IL US","(41.9551,-88.1588)",41.9551,-88.1588,244,1078,5/3/2010,7/20/2017,0,0,0,0,0,0,0,0,0,0,1078,0,0,679,204,0,0,0,0,0,0,0,0,0,24,131,0,0,0,0,0,0,0,0,0,0,0,0,0,0,0,0,0,0,0,0,0,0,0,0,0,0,15829,"60133","60133","B5","G6350","S",21064655,776671,"+41.9778424","-088.1431991"
177,178,"US1ILDP0099","BENSENVILLE 0.3 WSW, IL US","(41.9556,-87.9492)",41.9556,-87.9492,206,197,4/5/2011,4/1/2012,0,0,0,0,0,0,0,0,0,0,197,0,0,109,0,0,0,0,0,0,0,0,0,0,0,0,0,0,0,0,0,0,0,0,0,0,0,0,0,0,0,0,0,0,0,0,0,0,0,0,0,0,10507,"60106","60106","B5","G6350","S",23306908,226280,"+41.9597007","-087.9418346"
158,159,"US1ILDP0072","BLOOMINGDALE 0.9 NNE, IL US","(41.9609,-88.0823)",41.9609,-88.0823,228,119,3/17/2009,6/10/2016,0,0,0,0,0,0,0,0,0,0,119,0,0,6,0,0,0,0,0,0,0,0,0,0,0,0,0,0,0,0,0,0,0,0,0,0,0,0,0,0,0,0,0,0,0,0,0,0,0,0,0,0,10511,"60108","60108","B5","G6350","S",18743040,799550,"+41.9500216","-088.0918650"
153,154,"US1ILDP0063","BARTLETT 1.0 SSE, IL US","(41.9641,-88.2014)",41.9641,-88.2014,242,2177,3/18/2008,1/31/2015,0,0,0,0,0,0,0,0,0,0,2169,0,0,1575,632,0,0,0,0,0,0,0,0,0,2,4,0,0,0,0,0,0,0,0,0,0,0,0,0,0,0,0,0,0,0,0,0,0,0,0,0,0,9883,"60103","60103","B5","G6350","S",49776688,794878,"+41.9805463","-088.2047613"
73,74,"US1ILCK0168","RAVENSWOOD MANOR 0.1 ESE, IL US","(41.9642,-87.6974)",41.9642,-87.6974,178,910,8/31/2010,12/2/2018,0,0,0,0,0,0,0,0,0,0,910,0,0,437,0,0,0,0,0,0,0,0,0,0,0,0,0,0,0,0,0,0,0,0,0,0,0,0,0,0,0,0,0,0,0,0,0,0,0,0,0,0,21852,"60625","60625","B5","G6350","S",10035096,87870,"+41.9730757","-087.7003620"
156,157,"US1ILDP0070","BARTLETT 0.8 S, IL US","(41.9669,-88.2055)",41.9669,-88.2055,245,299,6/1/2008,12/8/2009,0,0,0,0,0,0,0,0,0,0,299,0,0,234,1,0,0,0,0,0,0,0,0,0,0,2,0,0,0,0,0,0,0,0,0,0,0,0,0,0,0,0,0,0,0,0,0,0,0,0,0,0,9883,"60103","60103","B5","G6350","S",49776688,794878,"+41.9805463","-088.2047613"
178,179,"US1ILDP0100","BARTLETT 1.1 SE, IL US","(41.9692,-88.1873)",41.9692,-88.1873,240,818,6/6/2011,8/30/2016,0,0,0,0,0,0,0,0,0,0,818,0,0,472,147,0,0,0,0,0,0,0,0,0,142,106,0,0,0,0,0,0,0,0,0,0,0,0,0,0,0,0,0,0,0,0,0,0,0,0,0,0,9883,"60103","60103","B5","G6350","S",49776688,794878,"+41.9805463","-088.2047613"
0,1,"US1ILCK0005","HARWOOD HEIGHTS 1.0 ENE, IL US","(41.9704,-87.7879)",41.9704,-87.7879,192,446,12/20/2006,1/17/2009,0,0,0,0,0,0,0,0,0,0,407,0,0,440,103,0,0,0,0,0,0,0,0,0,3,5,0,0,0,0,0,0,0,0,0,0,0,0,0,0,0,0,0,0,0,0,0,0,0,0,0,0,21872,"60630","60630","B5","G6350","S",12365865,3028,"+41.9720714","-087.7565695"
117,118,"US1ILCK0285","HARWOOD HEIGHTS 0.4 NNE, IL US","(41.9715,-87.8033)",41.9715,-87.8033,198,829,8/29/2016,12/30/2018,0,0,0,0,0,0,0,0,0,0,829,0,0,342,279,0,0,0,0,0,0,0,0,0,0,51,0,0,0,0,0,0,0,0,0,0,0,0,0,0,0,0,0,0,0,0,0,0,0,0,0,0,4448,"60656","60656","B5","G6350","S",8465225,0,"+41.9742800","-087.8271283"
151,152,"US1ILDP0061","ROSELLE 0.5 S, IL US","(41.9739,-88.0846)",41.9739,-88.0846,236,473,5/25/2008,5/23/2011,0,0,0,0,0,0,0,0,0,0,473,0,0,325,0,0,0,0,0,0,0,0,0,0,0,0,0,0,0,0,0,0,0,0,0,0,0,0,0,0,0,0,0,0,0,0,0,0,0,0,0,0,16179,"60172","60172","B5","G6350","S",18073672,292993,"+41.9798501","-088.0896278"
170,171,"US1ILDP0087","ROSELLE 1.2 ESE, IL US","(41.9766,-88.0598)",41.9766,-88.0598,232,2751,3/8/2010,12/30/2018,0,0,0,0,0,0,0,0,0,0,2749,0,0,1813,269,0,0,0,0,0,0,0,0,0,259,124,0,0,0,0,0,0,0,0,0,0,0,0,0,0,0,0,0,0,0,0,0,0,0,0,0,0,16179,"60172","60172","B5","G6350","S",18073672,292993,"+41.9798501","-088.0896278"
163,164,"US1ILDP0077","ROSELLE 1.1 W, IL US","(41.9778,-88.1036)",41.9778,-88.1036,242,2517,5/1/2009,10/11/2016,0,0,0,0,0,0,0,0,0,0,2507,0,0,1703,399,0,0,0,0,0,0,0,0,0,144,289,0,0,0,0,0,0,0,0,0,0,0,0,0,0,0,0,0,0,0,0,0,0,0,0,0,0,16179,"60172","60172","B5","G6350","S",18073672,292993,"+41.9798501","-088.0896278"
87,88,"US1ILCK0196","HARWOOD HEIGHTS 1.9 NNE, IL US","(41.9904,-87.7872)",41.9904,-87.7872,190,1546,3/12/2012,8/22/2016,0,0,0,0,0,0,0,0,0,0,1546,0,0,648,24,0,0,0,0,0,0,0,0,0,1,1,0,0,0,0,0,0,0,0,0,0,0,0,0,0,0,0,0,0,0,0,0,0,0,0,0,0,22535,"60646","60646","B5","G6350","S",11840699,0,"+41.9930193","-087.7596273"
38,39,"US1ILCK0084","BARTLETT 1.2 NE, IL US","(41.9916,-88.1887)",41.9916,-88.1887,247,629,12/1/2007,5/10/2013,0,0,0,0,0,0,0,0,0,0,629,0,0,529,175,0,0,0,0,0,0,0,0,0,119,123,0,0,0,0,0,0,0,0,0,0,0,0,0,0,0,0,0,0,0,0,0,0,0,0,0,0,9883,"60103","60103","B5","G6350","S",49776688,794878,"+41.9805463","-088.2047613"
302,303,"USW00094846","CHICAGO OHARE INTERNATIONAL AIRPORT, IL US","(41.995,-87.9336)",41.995,-87.9336,202,4747,1/1/2006,12/30/2018,4747,0,0,0,2099,0,0,0,0,2083,4747,0,0,4747,4747,0,0,2100,4747,4747,0,4747,4725,0,1826,0,4747,4725,0,1852,147,508,86,338,36,85,1040,61,0,15,869,220,8,1122,14,445,2,7,39,0,0,4747,4094,"60007","60007","B5","G6350","S",36478442,914908,"+42.0086000","-087.9973398"
32,33,"US1ILCK0075","ELK GROVE VILLAGE 2.2 WSW, IL US","(41.9953,-88.0527)",41.9953,-88.0527,222,4208,5/7/2007,12/30/2018,0,0,0,0,0,0,0,0,0,0,4208,0,0,3258,1611,0,0,0,0,0,0,0,0,0,69,7,0,0,0,0,0,0,0,0,0,0,0,0,0,0,0,0,0,0,0,0,0,0,0,0,0,0,4094,"60007","60007","B5","G6350","S",36478442,914908,"+42.0086000","-087.9973398"
95,96,"US1ILCK0214","ROGERS PARK 1.5 SW, IL US","(41.9957,-87.6918)",41.9957,-87.6918,181,1918,4/14/2013,12/29/2018,0,0,0,0,0,0,0,0,0,0,1917,0,0,1280,42,0,0,0,0,0,0,0,0,0,7,96,0,0,0,0,0,0,0,0,0,0,0,0,0,0,0,0,0,0,0,0,0,0,0,0,0,0,4450,"60659","60659","B5","G6350","S",5251087,2818,"+41.9914885","-087.7039859"
42,43,"US1ILCK0094","LINCOLNWOOD 1.8 E, IL US","(42.0019,-87.6985)",42.0019,-87.6985,184,3878,3/11/2008,12/30/2018,0,0,0,0,0,0,0,0,0,0,3878,0,0,2661,733,0,0,0,0,0,0,0,0,0,183,366,0,0,0,0,0,0,0,0,0,0,0,0,0,0,0,0,0,0,0,0,0,0,0,0,0,0,22531,"60645","60645","B5","G6350","S",5847015,0,"+42.0085584","-087.6947354"
24,25,"US1ILCK0063","ELK GROVE VILLAGE 0.6 ESE, IL US","(42.0039,-87.9813)",42.0039,-87.9813,213,4021,3/26/2007,12/30/2018,0,0,0,0,0,0,0,0,0,0,4021,0,0,2863,128,0,0,0,0,0,0,0,0,0,55,263,0,0,0,0,0,0,0,0,0,0,0,0,0,0,0,0,0,0,0,0,0,0,0,0,0,0,4094,"60007","60007","B5","G6350","S",36478442,914908,"+42.0086000","-087.9973398"
100,101,"US1ILCK0232","ROGERS PARK 0.6 ESE, IL US","(42.0043,-87.6697)",42.0043,-87.6697,180,1684,3/12/2014,12/29/2018,0,0,0,0,0,0,0,0,0,0,1684,0,0,670,160,0,0,0,0,0,0,0,0,0,26,100,0,0,0,0,0,0,0,0,0,0,0,0,0,0,0,0,0,0,0,0,0,0,0,0,0,0,21856,"60626","60626","B5","G6350","S",4415535,1192512,"+42.0100191","-087.6670946"
81,82,"US1ILCK0180","PARK RIDGE 0.5 SSW, IL US","(42.0044,-87.846)",42.0044,-87.846,194,2458,4/13/2011,12/26/2018,0,0,0,0,0,0,0,0,0,0,2457,0,0,1356,923,0,0,0,0,0,0,0,0,0,677,962,0,0,0,0,0,0,0,0,0,0,0,0,0,0,0,0,0,0,0,0,0,0,0,0,0,0,9014,"60068","60068","B5","G6350","S",18367930,84149,"+42.0117617","-087.8434336"
21,22,"US1ILCK0058","STREAMWOOD 1.1 SW, IL US","(42.01,-88.19)",42.01,-88.19,248,1431,2/16/2007,3/6/2013,0,0,0,0,0,0,0,0,0,0,1430,0,0,1431,1336,0,0,0,0,0,0,0,0,0,1107,1414,0,0,0,0,0,0,0,0,0,0,0,0,0,0,0,0,0,0,0,0,0,0,0,0,0,0,10508,"60107","60107","B5","G6350","S",20651635,86802,"+42.0205861","-088.1777706"
89,90,"US1ILCK0199","SCHAUMBURG 1.6 S, IL US","(42.0104,-88.0828)",42.0104,-88.0828,250,266,5/9/2012,5/17/2013,0,0,0,0,0,0,0,0,0,0,266,0,0,187,47,0,0,0,0,0,0,0,0,0,1,2,0,0,0,0,0,0,0,0,0,0,0,0,0,0,0,0,0,0,0,0,0,0,0,0,0,0,26290,"60193","60193","B5","G6350","S",23661240,75197,"+42.0096620","-088.0966499"
84,85,"US1ILCK0190","SCHAUMBURG 2.1 SW, IL US","(42.0133,-88.1143)",42.0133,-88.1143,251,365,8/10/2011,12/28/2012,0,0,0,0,0,0,0,0,0,0,365,0,0,238,1,0,0,0,0,0,0,0,0,0,0,1,0,0,0,0,0,0,0,0,0,0,0,0,0,0,0,0,0,0,0,0,0,0,0,0,0,0,26290,"60193","60193","B5","G6350","S",23661240,75197,"+42.0096620","-088.0966499"
55,56,"US1ILCK0129","SCHAUMBURG 2.7 WSW, IL US","(42.0135,-88.1289)",42.0135,-88.1289,252,2053,10/8/2008,10/15/2015,0,0,0,0,0,0,0,0,0,0,2053,0,0,1429,695,0,0,0,0,0,0,0,0,0,1,2,0,0,0,0,0,0,0,0,0,0,0,0,0,0,0,0,0,0,0,0,0,0,0,0,0,0,26290,"60193","60193","B5","G6350","S",23661240,75197,"+42.0096620","-088.0966499"
76,77,"US1ILCK0172","ELK GROVE VILLAGE 0.6 NNE, IL US","(42.0145,-87.988)",42.0145,-87.988,215,276,11/13/2010,3/6/2013,0,0,0,0,0,0,0,0,0,0,275,0,0,276,229,0,0,0,0,0,0,0,0,0,3,2,0,0,0,0,0,0,0,0,0,0,0,0,0,0,0,0,0,0,0,0,0,0,0,0,0,0,4094,"60007","60007","B5","G6350","S",36478442,914908,"+42.0086000","-087.9973398"
85,86,"US1ILCK0192","PARK RIDGE 0.7 WNW, IL US","(42.0168,-87.8557)",42.0168,-87.8557,193,2180,8/31/2011,12/28/2018,0,0,0,0,0,0,0,0,0,0,2179,0,0,1513,599,0,0,0,0,0,0,0,0,0,46,40,0,0,0,0,0,0,0,0,0,0,0,0,0,0,0,0,0,0,0,0,0,0,0,0,0,0,9014,"60068","60068","B5","G6350","S",18367930,84149,"+42.0117617","-087.8434336"
37,38,"US1ILCK0083","STREAMWOOD 0.2 SW, IL US","(42.0188,-88.1755)",42.0188,-88.1755,246,985,9/4/2007,7/2/2018,0,0,0,0,0,0,0,0,0,0,985,0,0,566,60,0,0,0,0,0,0,0,0,0,6,28,0,0,0,0,0,0,0,0,0,0,0,0,0,0,0,0,0,0,0,0,0,0,0,0,0,0,10508,"60107","60107","B5","G6350","S",20651635,86802,"+42.0205861","-088.1777706"
297,298,"USC00118324","STREAMWOOD, IL US","(42.02556,-88.17833)",42.02556,-88.17833,250,2116,1/1/2006,11/27/2011,0,0,0,0,0,1,0,0,0,0,2113,324,324,2115,2110,324,324,0,2103,2101,2106,0,0,0,35,0,0,0,322,328,0,169,10,4,21,0,0,0,0,9,0,0,0,0,0,0,0,0,0,324,324,2098,10508,"60107","60107","B5","G6350","S",20651635,86802,"+42.0205861","-088.1777706"
56,57,"US1ILCK0131","SCHAUMBURG 2.0 E, IL US","(42.0303,-88.044)",42.0303,-88.044,226,2744,12/21/2008,12/30/2018,0,0,0,0,0,0,0,0,0,0,2743,0,0,2036,892,0,0,0,0,0,0,0,0,0,44,153,0,0,0,0,0,0,0,0,0,0,0,0,0,0,0,0,0,0,0,0,0,0,0,0,0,0,16180,"60173","60173","B5","G6350","S",15861904,9786,"+42.0515564","-088.0555224"
41,42,"US1ILCK0091","EVANSTON 1.2 SSE, IL US","(42.0306,-87.6857)",42.0306,-87.6857,188,1186,3/17/2008,8/12/2014,0,0,0,0,0,0,0,0,0,0,1184,0,0,746,2,0,0,0,0,0,0,0,0,0,0,0,0,0,0,0,0,0,0,0,0,0,0,0,0,0,0,0,0,0,0,0,0,0,0,0,0,0,26612,"60202","60202","B5","G6350","S",7914320,1455196,"+42.0303552","-087.6855489"
8,9,"US1ILCK0027","STREAMWOOD 1.1 NNE, IL US","(42.0355,-88.1651)",42.0355,-88.1651,246,418,8/17/2007,11/17/2008,0,0,0,0,0,0,0,0,0,0,418,0,0,418,80,0,0,0,0,0,0,0,0,0,27,41,0,0,0,0,0,0,0,0,0,0,0,0,0,0,0,0,0,0,0,0,0,0,0,0,0,0,10508,"60107","60107","B5","G6350","S",20651635,86802,"+42.0205861","-088.1777706"
14,15,"US1ILCK0046","DES PLAINES 0.5 NW, IL US","(42.0398,-87.9083)",42.0398,-87.9083,200,1332,2/20/2007,7/23/2011,0,0,0,0,0,0,0,0,0,0,1331,0,0,1201,579,0,0,0,0,0,0,0,0,0,6,8,0,0,0,0,0,0,0,0,0,0,0,0,0,0,0,0,0,0,0,0,0,0,0,0,0,0,16186,"60016","60016","B5","G6350","S",27517064,251235,"+42.0495733","-087.8950026"
11,12,"US1ILCK0041","HOFFMAN ESTATES 2.1 SE, IL US","(42.0455,-88.1072)",42.0455,-88.1072,251,461,4/18/2007,6/27/2010,0,0,0,0,0,0,0,0,0,0,461,0,0,411,0,0,0,0,0,0,0,0,0,0,0,0,0,0,0,0,0,0,0,0,0,0,0,0,0,0,0,0,0,0,0,0,0,0,0,0,0,0,15277,"60169","60169","B5","G6350","S",19907625,223449,"+42.0508698","-088.1166149"
115,116,"US1ILCK0278","HOFFMAN ESTATES 1.6 SE, IL US","(42.0481,-88.1162)",42.0481,-88.1162,242,986,4/5/2016,12/30/2018,0,0,0,0,0,0,0,0,0,0,986,0,0,5,0,0,0,0,0,0,0,0,0,0,0,0,0,0,0,0,0,0,0,0,0,0,0,0,0,0,0,0,0,0,0,0,0,0,0,0,0,0,15277,"60169","60169","B5","G6350","S",19907625,223449,"+42.0508698","-088.1166149"
6,7,"US1ILCK0018","SKOKIE 1.0 NNE, IL US","(42.0503,-87.7298)",42.0503,-87.7298,192,283,12/14/2006,1/3/2009,0,0,0,0,0,0,0,0,0,0,283,0,0,283,61,0,0,0,0,0,0,0,0,0,6,0,0,0,0,0,0,0,0,0,0,0,0,0,0,0,0,0,0,0,0,0,0,0,0,0,0,0,9460,"60076","60076","B5","G6350","S",13865978,0,"+42.0352596","-087.7299278"
105,106,"US1ILCK0245","ARLINGTON HEIGHTS 2.6 SSW, IL US","(42.0578,-87.9926)",42.0578,-87.9926,220,996,9/5/2014,12/30/2018,0,0,0,0,0,0,0,0,0,0,996,0,0,388,76,0,0,0,0,0,0,0,0,0,35,51,0,0,0,0,0,0,0,0,0,0,0,0,0,0,0,0,0,0,0,0,0,0,0,0,0,0,4093,"60005","60005","B5","G6350","S",16986656,106656,"+42.0644900","-087.9854615"
49,50,"US1ILCK0107","EVANSTON 1.4 N, IL US","(42.0669,-87.6898)",42.0669,-87.6898,191,3620,4/1/2008,12/10/2018,0,0,0,0,0,0,0,0,0,0,3619,0,0,2477,599,0,0,0,0,0,0,0,0,0,6,13,0,0,0,0,0,0,0,0,0,0,0,0,0,0,0,0,0,0,0,0,0,0,0,0,0,0,26296,"60201","60201","B5","G6350","S",12235936,2538085,"+42.0562143","-087.6924019"
79,80,"US1ILCK0178","ROLLING MEADOWS 0.9 ESE, IL US","(42.0693,-88.01)",42.0693,-88.01,215,772,4/25/2011,10/11/2017,0,0,0,0,0,0,0,0,0,0,769,0,0,472,26,0,0,0,0,0,0,0,0,0,19,27,0,0,0,0,0,0,0,0,0,0,0,0,0,0,0,0,0,0,0,0,0,0,0,0,0,0,4097,"60008","60008","B5","G6350","S",13383804,16606,"+42.0697858","-088.0162210"
96,97,"US1ILCK0215","GLENVIEW 0.9 SW, IL US","(42.0726,-87.8288)",42.0726,-87.8288,203,621,5/10/2013,1/23/2015,0,0,0,0,0,0,0,0,0,0,621,0,0,426,74,0,0,0,0,0,0,0,0,0,51,152,0,0,0,0,0,0,0,0,0,0,0,0,0,0,0,0,0,0,0,0,0,0,0,0,0,0,13430,"60025","60025","B5","G6350","S",29801062,262577,"+42.0752009","-087.8210259"
65,66,"US1ILCK0150","ARLINGTON HEIGHTS 1.2 S, IL US","(42.078,-87.9838)",42.078,-87.9838,209,146,10/25/2009,5/10/2016,0,0,0,0,0,0,0,0,0,0,146,0,0,60,0,0,0,0,0,0,0,0,0,0,0,0,0,0,0,0,0,0,0,0,0,0,0,0,0,0,0,0,0,0,0,0,0,0,0,0,0,0,4093,"60005","60005","B5","G6350","S",16986656,106656,"+42.0644900","-087.9854615"
72,73,"US1ILCK0163","ARLINGTON HEIGHTS 1.2 SW, IL US","(42.0819,-87.9971)",42.0819,-87.9971,216,1613,3/28/2010,11/6/2018,0,0,0,0,0,0,0,0,0,0,1613,0,0,935,21,0,0,0,0,0,0,0,0,0,1,1,0,0,0,0,0,0,0,0,0,0,0,0,0,0,0,0,0,0,0,0,0,0,0,0,0,0,4093,"60005","60005","B5","G6350","S",16986656,106656,"+42.0644900","-087.9854615"
39,40,"US1ILCK0087","ARLINGTON HEIGHTS 1.3 SW, IL US","(42.0822,-88.0019)",42.0822,-88.0019,220,1156,12/5/2007,11/8/2018,0,0,0,0,0,0,0,0,0,0,1156,0,0,972,209,0,0,0,0,0,0,0,0,0,196,233,0,0,0,0,0,0,0,0,0,0,0,0,0,0,0,0,0,0,0,0,0,0,0,0,0,0,4093,"60005","60005","B5","G6350","S",16986656,106656,"+42.0644900","-087.9854615"
93,94,"US1ILCK0208","GLENVIEW 1.2 WNW, IL US","(42.0888,-87.8358)",42.0888,-87.8358,200,326,12/1/2012,4/13/2016,0,0,0,0,0,0,0,0,0,0,326,0,0,237,5,0,0,0,0,0,0,0,0,0,2,0,0,0,0,0,0,0,0,0,0,0,0,0,0,0,0,0,0,0,0,0,0,0,0,0,0,0,13433,"60026","60026","B5","G6350","S",10552661,0,"+42.0922336","-087.8374453"
78,79,"US1ILCK0175","WINNETKA 1.2 S, IL US","(42.0889,-87.74)",42.0889,-87.74,195,932,12/1/2010,10/19/2014,0,0,0,0,0,0,0,0,0,0,931,0,0,653,41,0,0,0,0,0,0,0,0,0,3,1,0,0,0,0,0,0,0,0,0,0,0,0,0,0,0,0,0,0,0,0,0,0,0,0,0,0,9861,"60093","60093","B5","G6350","S",22063345,4002771,"+42.1067078","-087.7562917"
98,99,"US1ILCK0220","ARLINGTON HEIGHTS 0.5 SE, IL US","(42.0903,-87.9752)",42.0903,-87.9752,209,138,5/27/2013,11/25/2013,0,0,0,0,0,0,0,0,0,0,138,0,0,80,0,0,0,0,0,0,0,0,0,0,0,0,0,0,0,0,0,0,0,0,0,0,0,0,0,0,0,0,0,0,0,0,0,0,0,0,0,0,4091,"60004","60004","B5","G6350","S",28706391,70451,"+42.1127796","-087.9795423"
60,61,"US1ILCK0143","INVERNESS 1.7 S, IL US","(42.0904,-88.0949)",42.0904,-88.0949,258,1616,7/10/2009,4/12/2014,0,0,0,0,0,0,0,0,0,0,1615,0,0,1210,611,0,0,0,0,0,0,0,0,0,97,528,0,0,0,0,0,0,0,0,0,0,0,0,0,0,0,0,0,0,0,0,0,0,0,0,0,0,18099,"60067","60067","B5","G6350","S",35543887,165401,"+42.1063235","-088.0643368"
13,14,"US1ILCK0045","GLENVIEW 1.6 WNW, IL US","(42.092,-87.8416)",42.092,-87.8416,206,188,7/8/2008,11/29/2012,0,0,0,0,0,0,0,0,0,0,188,0,0,141,6,0,0,0,0,0,0,0,0,0,0,6,0,0,0,0,0,0,0,0,0,0,0,0,0,0,0,0,0,0,0,0,0,0,0,0,0,0,13433,"60026","60026","B5","G6350","S",10552661,0,"+42.0922336","-087.8374453"
12,13,"US1ILCK0042","MOUNT PROSPECT 3.0 NE, IL US","(42.0962,-87.8967)",42.0962,-87.8967,199,3367,3/26/2007,12/30/2018,0,0,0,0,0,0,0,0,0,0,3361,0,0,2522,457,0,0,0,0,0,0,0,0,0,8,15,0,0,0,0,0,0,0,0,0,0,0,0,0,0,0,0,0,0,0,0,0,0,0,0,0,0,17398,"60056","60056","B5","G6350","S",27829030,1676,"+42.0671658","-087.9347190"
86,87,"US1ILCK0193","WINNETKA 0.8 ESE, IL US","(42.1016,-87.729)",42.1016,-87.729,192,1941,11/17/2011,12/30/2018,0,0,0,0,0,0,0,0,0,0,1940,0,0,871,173,0,0,0,0,0,0,0,0,0,151,209,0,0,0,0,0,0,0,0,0,0,0,0,0,0,0,0,0,0,0,0,0,0,0,0,0,0,9861,"60093","60093","B5","G6350","S",22063345,4002771,"+42.1067078","-087.7562917"
70,71,"US1ILCK0156","ARLINGTON HEIGHTS 0.6 N, IL US","(42.1031,-87.9814)",42.1031,-87.9814,215,164,12/1/2009,3/10/2013,0,0,0,0,0,0,0,0,0,0,162,0,0,119,43,0,0,0,0,0,0,0,0,0,10,2,0,0,0,0,0,0,0,0,0,0,0,0,0,0,0,0,0,0,0,0,0,0,0,0,0,0,4091,"60004","60004","B5","G6350","S",28706391,70451,"+42.1127796","-087.9795423"
53,54,"US1ILCK0121","PALATINE 1.3 E, IL US","(42.1139,-88.0178)",42.1139,-88.0178,223,3837,5/28/2008,12/30/2018,0,0,0,0,0,0,0,0,0,0,3837,0,0,3660,2453,0,0,0,0,0,0,0,0,0,21,251,0,0,0,0,0,0,0,0,0,0,0,0,0,0,0,0,0,0,0,0,0,0,0,0,0,0,9458,"60074","60074","B5","G6350","S",18468814,324281,"+42.1314623","-088.0263289"
35,36,"US1ILCK0081","ARLINGTON HEIGHTS 1.8 NNW, IL US","(42.1192,-87.9951)",42.1192,-87.9951,221,1985,8/16/2007,1/12/2015,0,0,0,0,0,0,0,0,0,0,1985,0,0,1385,16,0,0,0,0,0,0,0,0,0,1,2,0,0,0,0,0,0,0,0,0,0,0,0,0,0,0,0,0,0,0,0,0,0,0,0,0,0,4091,"60004","60004","B5","G6350","S",28706391,70451,"+42.1127796","-087.9795423"
300,301,"USW00004838","CHICAGO PALWAUKEE AIRPORT, IL US","(42.12083,-87.90472)",42.12083,-87.90472,194,4714,1/1/2006,12/29/2018,4697,0,0,0,0,0,0,0,0,4714,4694,0,0,0,0,0,0,0,4709,4709,0,4714,4714,0,0,0,4714,4714,0,1493,152,377,0,1,0,0,1120,0,0,0,0,0,0,0,0,0,0,0,0,0,0,4709,9855,"60090","60090","B5","G6350","S",24301981,150683,"+42.1296141","-087.9215028"
119,120,"US1ILCK0294","PALATINE 1.4 NNE, IL US","(42.1299,-88.028)",42.1299,-88.028,232,607,4/3/2017,12/30/2018,0,0,0,0,0,0,0,0,0,0,607,0,0,389,39,0,0,0,0,0,0,0,0,0,25,42,0,0,0,0,0,0,0,0,0,0,0,0,0,0,0,0,0,0,0,0,0,0,0,0,0,0,9458,"60074","60074","B5","G6350","S",18468814,324281,"+42.1314623","-088.0263289"
97,98,"US1ILCK0218","NORTHBROOK 1.0 W, IL US","(42.1311,-87.8531)",42.1311,-87.8531,206,163,4/26/2013,7/16/2014,0,0,0,0,0,0,0,0,0,0,163,0,0,74,1,0,0,0,0,0,0,0,0,0,1,2,0,0,0,0,0,0,0,0,0,0,0,0,0,0,0,0,0,0,0,0,0,0,0,0,0,0,18093,"60062","60062","B5","G6350","S",47972947,324828,"+42.1262789","-087.8450880"
18,19,"US1ILCK0053","GLENCOE 0.1 NW, IL US","(42.1357,-87.7654)",42.1357,-87.7654,212,1820,3/1/2007,11/11/2018,0,0,0,0,0,0,0,0,0,0,1820,0,0,574,10,0,0,0,0,0,0,0,0,0,5,7,0,0,0,0,0,0,0,0,0,0,0,0,0,0,0,0,0,0,0,0,0,0,0,0,0,0,13806,"60022","60022","B5","G6350","S",10201188,3717837,"+42.1354234","-087.7618824"
284,285,"USC00111497","CHICAGO BOTANIC GARDEN, IL US","(42.13987,-87.78537)",42.13987,-87.78537,192,4744,1/1/2006,12/31/2018,0,0,0,2145,0,1,0,2181,2166,0,4722,4664,4664,4437,4436,4665,4664,0,4737,4736,4734,0,0,2236,546,0,0,0,0,225,0,179,9,8,46,0,0,0,0,8,0,0,0,0,0,0,0,0,0,0,0,4733,13806,"60022","60022","B5","G6350","S",10201188,3717837,"+42.1354234","-087.7618824"
19,20,"US1ILCK0054","PALATINE 2.7 NNE, IL US","(42.1468,-88.0197)",42.1468,-88.0197,228,1090,3/28/2007,8/5/2011,0,0,0,0,0,0,0,0,0,0,1090,0,0,935,132,0,0,0,0,0,0,0,0,0,3,18,0,0,0,0,0,0,0,0,0,0,0,0,0,0,0,0,0,0,0,0,0,0,0,0,0,0,9458,"60074","60074","B5","G6350","S",18468814,324281,"+42.1314623","-088.0263289"
205,206,"US1ILLK0103","BUFFALO GROVE 1.3 ESE, IL US","(42.1611,-87.9394)",42.1611,-87.9394,202,253,4/22/2018,12/30/2018,0,0,0,0,0,0,0,0,0,0,253,0,0,114,1,0,0,0,0,0,0,0,0,0,0,0,0,0,0,0,0,0,0,0,0,0,0,0,0,0,0,0,0,0,0,0,0,0,0,0,0,0,9854,"60089","60089","B5","G6350","S",25233117,82366,"+42.1672308","-087.9640630"
202,203,"US1ILLK0039","RIVERWOODS 0.4 ENE, IL US","(42.1726,-87.8884)",42.1726,-87.8884,211,3398,4/12/2008,12/30/2018,0,0,0,0,0,0,0,0,0,0,3395,0,0,2357,731,0,0,0,0,0,0,0,0,0,25,177,0,0,0,0,0,0,0,0,0,0,0,0,0,0,0,0,0,0,0,0,0,0,0,0,0,0,4587,"60015","60015","B5","G6350","S",35112931,436583,"+42.1736811","-087.8783621"
200,201,"US1ILLK0016","BUFFALO GROVE 1.5 N, IL US","(42.188,-87.959)",42.188,-87.959,213,4172,2/11/2007,12/30/2018,0,0,0,0,0,0,0,0,0,0,4172,0,0,3021,1213,0,0,0,0,0,0,0,0,0,282,1095,0,0,0,0,0,0,0,0,0,0,0,0,0,0,0,0,0,0,0,0,0,0,0,0,0,0,9854,"60089","60089","B5","G6350","S",25233117,82366,"+42.1672308","-087.9640630"
199,200,"US1ILLK0015","BANNOCKBURN 0.5 ESE, IL US","(42.1896,-87.86)",42.1896,-87.86,205,1224,9/26/2007,11/7/2018,0,0,0,0,0,0,0,0,0,0,1224,0,0,702,2,0,0,0,0,0,0,0,0,0,0,0,0,0,0,0,0,0,0,0,0,0,0,0,0,0,0,0,0,0,0,0,0,0,0,0,0,0,4587,"60015","60015","B5","G6350","S",35112931,436583,"+42.1736811","-087.8783621"
201,202,"US1ILLK0025","LINCOLNSHIRE 1.3 WSW, IL US","(42.1913,-87.9403)",42.1913,-87.9403,205,3937,10/1/2006,12/5/2017,0,0,0,0,0,0,0,0,0,0,3937,0,0,2914,269,0,0,0,0,0,0,0,0,0,29,99,0,0,0,0,0,0,0,0,0,0,0,0,0,0,0,0,0,0,0,0,0,0,0,0,0,0,9016,"60069","60069","B5","G6350","S",17615294,401129,"+42.1965942","-087.9247044"
204,205,"US1ILLK0069","HIGHWOOD 0.9 S, IL US","(42.1984,-87.814)",42.1984,-87.814,210,2447,4/14/2012,12/30/2018,0,0,0,0,0,0,0,0,0,0,2386,0,0,2264,1671,0,0,0,0,0,0,0,0,0,0,16,0,0,0,0,0,0,0,0,0,0,0,0,0,0,0,0,0,0,0,0,0,0,0,0,0,0,17017,"60040","60040","B5","G6350","S",1833726,0,"+42.2063174","-087.8130869"
198,199,"US1ILLK0011","LINCOLNSHIRE 0.9 N, IL US","(42.2082,-87.9188)",42.2082,-87.9188,209,3395,3/3/2007,12/10/2018,0,0,0,0,0,0,0,0,0,0,3395,0,0,2441,850,0,0,0,0,0,0,0,0,0,4,0,0,0,0,0,0,0,0,0,0,0,0,0,0,0,0,0,0,0,0,0,0,0,0,0,0,0,9016,"60069","60069","B5","G6350","S",17615294,401129,"+42.1965942","-087.9247044"
203,204,"US1ILLK0068","HIGHWOOD 0.3 WSW, IL US","(42.2097,-87.8177)",42.2097,-87.8177,206,161,4/15/2012,2/27/2013,0,0,0,0,0,0,0,0,0,0,160,0,0,103,6,0,0,0,0,0,0,0,0,0,6,6,0,0,0,0,0,0,0,0,0,0,0,0,0,0,0,0,0,0,0,0,0,0,0,0,0,0,17017,"60040","60040","B5","G6350","S",1833726,0,"+42.2063174","-087.8130869"
