"","STATION","NAME","location","LATITUDE","LONGITUDE","ELEVATION","nrows","min.date","max.date","AWND.n","DAPR.n","DASF.n","EVAP.n","FMTM.n","MDPR.n","MDSF.n","MNPN.n","MXPN.n","PGTM.n","PRCP.n","SN32.n","SN52.n","SNOW.n","SNWD.n","SX32.n","SX52.n","TAVG.n","TMAX.n","TMIN.n","TOBS.n","WDF2.n","WDF5.n","WDMV.n","WESD.n","WESF.n","WSF2.n","WSF5.n","WSFG.n","WT01.n","WT02.n","WT03.n","WT04.n","WT05.n","WT06.n","WT07.n","WT08.n","WT09.n","WT10.n","WT11.n","WT13.n","WT14.n","WT15.n","WT16.n","WT17.n","WT18.n","WT19.n","WT21.n","WT22.n","SN53.n","SX53.n","tavg2.n"
"1","US1ILCK0005","HARWOOD HEIGHTS 1.0 ENE, IL US","(41.9704,-87.7879)",41.9704,-87.7879,192,446,2006-12-20,2009-01-17,0,0,0,0,0,0,0,0,0,0,407,0,0,440,103,0,0,0,0,0,0,0,0,0,3,5,0,0,0,0,0,0,0,0,0,0,0,0,0,0,0,0,0,0,0,0,0,0,0,0,0,0
"2","US1ILCK0007","LANSING 1.7 SSE, IL US","(41.5428,-87.539)",41.5428,-87.539,185.9,951,2006-12-01,2009-12-18,0,0,0,0,0,0,0,0,0,0,950,0,0,823,552,0,0,0,0,0,0,0,0,0,22,16,0,0,0,0,0,0,0,0,0,0,0,0,0,0,0,0,0,0,0,0,0,0,0,0,0,0
"3","US1ILCK0010","CHICAGO 3.0 N, IL US","(41.8798,-87.6823)",41.8798,-87.6823,181.1,165,2007-08-21,2010-09-16,0,0,0,0,0,0,0,0,0,0,165,0,0,134,0,0,0,0,0,0,0,0,0,0,0,0,0,0,0,0,0,0,0,0,0,0,0,0,0,0,0,0,0,0,0,0,0,0,0,0,0,0
"4","US1ILCK0011","OAK LAWN 1.6 NW, IL US","(41.7287,-87.7763)",41.7287,-87.7763,189.9,230,2007-02-21,2008-12-09,0,0,0,0,0,0,0,0,0,0,230,0,0,230,43,0,0,0,0,0,0,0,0,0,1,2,0,0,0,0,0,0,0,0,0,0,0,0,0,0,0,0,0,0,0,0,0,0,0,0,0,0
"5","US1ILCK0012","BRIDGEVIEW 1.3 NNW, IL US","(41.755,-87.8173)",41.755,-87.8173,188.1,4290,2006-12-19,2018-12-30,0,0,0,0,0,0,0,0,0,0,4289,0,0,2845,864,0,0,0,0,0,0,0,0,0,134,277,0,0,0,0,0,0,0,0,0,0,0,0,0,0,0,0,0,0,0,0,0,0,0,0,0,0
"6","US1ILCK0014","CHICAGO 5.5 ESE, IL US","(41.8008,-87.5903)",41.8008,-87.5903,182.9,4163,2007-01-15,2018-12-30,0,0,0,0,0,0,0,0,0,0,4163,0,0,3398,1757,0,0,0,0,0,0,0,0,0,3,8,0,0,0,0,0,0,0,0,0,0,0,0,0,0,0,0,0,0,0,0,0,0,0,0,0,0
"7","US1ILCK0018","SKOKIE 1.0 NNE, IL US","(42.0503,-87.7298)",42.0503,-87.7298,192,283,2006-12-14,2009-01-03,0,0,0,0,0,0,0,0,0,0,283,0,0,283,61,0,0,0,0,0,0,0,0,0,6,0,0,0,0,0,0,0,0,0,0,0,0,0,0,0,0,0,0,0,0,0,0,0,0,0,0,0
"8","US1ILCK0023","LA GRANGE 0.5 NNE, IL US","(41.8149,-87.8696)",41.8149,-87.8696,198.1,112,2007-01-16,2012-06-21,0,0,0,0,0,0,0,0,0,0,112,0,0,111,99,0,0,0,0,0,0,0,0,0,0,0,0,0,0,0,0,0,0,0,0,0,0,0,0,0,0,0,0,0,0,0,0,0,0,0,0,0
"9","US1ILCK0027","STREAMWOOD 1.1 NNE, IL US","(42.0355,-88.1651)",42.0355,-88.1651,246,418,2007-08-17,2008-11-17,0,0,0,0,0,0,0,0,0,0,418,0,0,418,80,0,0,0,0,0,0,0,0,0,27,41,0,0,0,0,0,0,0,0,0,0,0,0,0,0,0,0,0,0,0,0,0,0,0,0,0,0
"10","US1ILCK0032","CHICAGO 6.4 NNE, IL US","(41.9266,-87.6562)",41.9266,-87.6562,185.9,515,2007-03-28,2018-10-31,0,0,0,0,0,0,0,0,0,0,504,0,0,133,2,0,0,0,0,0,0,0,0,0,0,0,0,0,0,0,0,0,0,0,0,0,0,0,0,0,0,0,0,0,0,0,0,0,0,0,0,0
"11","US1ILCK0036","CHICAGO 4.7 NE, IL US","(41.886,-87.621)",41.886,-87.621,191.1,3300,2007-03-15,2018-12-30,0,0,0,0,0,0,0,0,0,0,3300,0,0,2253,0,0,0,0,0,0,0,0,0,0,0,0,0,0,0,0,0,0,0,0,0,0,0,0,0,0,0,0,0,0,0,0,0,0,0,0,0,0
"12","US1ILCK0041","HOFFMAN ESTATES 2.1 SE, IL US","(42.0455,-88.1072)",42.0455,-88.1072,251.2,461,2007-04-18,2010-06-27,0,0,0,0,0,0,0,0,0,0,461,0,0,411,0,0,0,0,0,0,0,0,0,0,0,0,0,0,0,0,0,0,0,0,0,0,0,0,0,0,0,0,0,0,0,0,0,0,0,0,0,0
"13","US1ILCK0042","MOUNT PROSPECT 3.0 NE, IL US","(42.0962,-87.8967)",42.0962,-87.8967,199,3367,2007-03-26,2018-12-30,0,0,0,0,0,0,0,0,0,0,3361,0,0,2522,457,0,0,0,0,0,0,0,0,0,8,15,0,0,0,0,0,0,0,0,0,0,0,0,0,0,0,0,0,0,0,0,0,0,0,0,0,0
"14","US1ILCK0045","GLENVIEW 1.6 WNW, IL US","(42.092,-87.8416)",42.092,-87.8416,206,188,2008-07-08,2012-11-29,0,0,0,0,0,0,0,0,0,0,188,0,0,141,6,0,0,0,0,0,0,0,0,0,0,6,0,0,0,0,0,0,0,0,0,0,0,0,0,0,0,0,0,0,0,0,0,0,0,0,0,0
"15","US1ILCK0046","DES PLAINES 0.5 NW, IL US","(42.0398,-87.9083)",42.0398,-87.9083,199.9,1332,2007-02-20,2011-07-23,0,0,0,0,0,0,0,0,0,0,1331,0,0,1201,579,0,0,0,0,0,0,0,0,0,6,8,0,0,0,0,0,0,0,0,0,0,0,0,0,0,0,0,0,0,0,0,0,0,0,0,0,0
"16","US1ILCK0049","LA GRANGE PARK 0.9 NE, IL US","(41.8407,-87.8596)",41.8407,-87.8596,192,2346,2007-03-26,2013-11-21,0,0,0,0,0,0,0,0,0,0,2339,0,0,1833,8,0,0,0,0,0,0,0,0,0,2,5,0,0,0,0,0,0,0,0,0,0,0,0,0,0,0,0,0,0,0,0,0,0,0,0,0,0
"17","US1ILCK0050","PALOS PARK 1.3 SW, IL US","(41.6528,-87.8631)",41.6528,-87.8631,214,2575,2007-03-18,2018-12-30,0,0,0,0,0,0,0,0,0,0,2574,0,0,1800,467,0,0,0,0,0,0,0,0,0,1,1,0,0,0,0,0,0,0,0,0,0,0,0,0,0,0,0,0,0,0,0,0,0,0,0,0,0
"18","US1ILCK0051","ORLAND HILLS 0.6 S, IL US","(41.5833,-87.8434)",41.5833,-87.8434,217,1972,2007-02-06,2013-11-04,0,0,0,0,0,0,0,0,0,0,1972,0,0,1580,428,0,0,0,0,0,0,0,0,0,0,1,0,0,0,0,0,0,0,0,0,0,0,0,0,0,0,0,0,0,0,0,0,0,0,0,0,0
"19","US1ILCK0053","GLENCOE 0.1 NW, IL US","(42.1357,-87.7654)",42.1357,-87.7654,212.1,1820,2007-03-01,2018-11-11,0,0,0,0,0,0,0,0,0,0,1820,0,0,574,10,0,0,0,0,0,0,0,0,0,5,7,0,0,0,0,0,0,0,0,0,0,0,0,0,0,0,0,0,0,0,0,0,0,0,0,0,0
"20","US1ILCK0054","PALATINE 2.7 NNE, IL US","(42.1468,-88.0197)",42.1468,-88.0197,228,1090,2007-03-28,2011-08-05,0,0,0,0,0,0,0,0,0,0,1090,0,0,935,132,0,0,0,0,0,0,0,0,0,3,18,0,0,0,0,0,0,0,0,0,0,0,0,0,0,0,0,0,0,0,0,0,0,0,0,0,0
"21","US1ILCK0055","CHICAGO 6.0 NNE, IL US","(41.917,-87.6386)",41.917,-87.6386,189.9,280,2007-02-13,2008-07-08,0,0,0,0,0,0,0,0,0,0,280,0,0,280,28,0,0,0,0,0,0,0,0,0,0,0,0,0,0,0,0,0,0,0,0,0,0,0,0,0,0,0,0,0,0,0,0,0,0,0,0,0
"22","US1ILCK0058","STREAMWOOD 1.1 SW, IL US","(42.01,-88.19)",42.01,-88.19,248.1,1431,2007-02-16,2013-03-06,0,0,0,0,0,0,0,0,0,0,1430,0,0,1431,1336,0,0,0,0,0,0,0,0,0,1107,1414,0,0,0,0,0,0,0,0,0,0,0,0,0,0,0,0,0,0,0,0,0,0,0,0,0,0
"23","US1ILCK0061","OAK PARK 1.0 SW, IL US","(41.8756,-87.8011)",41.8756,-87.8011,192.9,3352,2007-03-05,2018-12-19,0,0,0,0,0,0,0,0,0,0,3352,0,0,2424,474,0,0,0,0,0,0,0,0,0,13,135,0,0,0,0,0,0,0,0,0,0,0,0,0,0,0,0,0,0,0,0,0,0,0,0,0,0
"24","US1ILCK0062","STICKNEY 1.2 W, IL US","(41.8212,-87.7959)",41.8212,-87.7959,187.1,888,2007-03-06,2011-01-30,0,0,0,0,0,0,0,0,0,0,888,0,0,765,25,0,0,0,0,0,0,0,0,0,0,2,0,0,0,0,0,0,0,0,0,0,0,0,0,0,0,0,0,0,0,0,0,0,0,0,0,0
"25","US1ILCK0063","ELK GROVE VILLAGE 0.6 ESE, IL US","(42.0039,-87.9813)",42.0039,-87.9813,213.1,4021,2007-03-26,2018-12-30,0,0,0,0,0,0,0,0,0,0,4021,0,0,2863,128,0,0,0,0,0,0,0,0,0,55,263,0,0,0,0,0,0,0,0,0,0,0,0,0,0,0,0,0,0,0,0,0,0,0,0,0,0
"26","US1ILCK0064","HOMEWOOD 0.1 ESE, IL US","(41.5577,-87.6594)",41.5577,-87.6594,196,4076,2007-03-17,2018-12-30,0,0,0,0,0,0,0,0,0,0,4075,0,0,2883,710,0,0,0,0,0,0,0,0,0,320,604,0,0,0,0,0,0,0,0,0,0,0,0,0,0,0,0,0,0,0,0,0,0,0,0,0,0
"27","US1ILCK0066","OAK PARK 0.6 NE, IL US","(41.8934,-87.7798)",41.8934,-87.7798,192.9,1135,2007-03-19,2013-06-18,0,0,0,0,0,0,0,0,0,0,1130,0,0,875,46,0,0,0,0,0,0,0,0,0,1,2,0,0,0,0,0,0,0,0,0,0,0,0,0,0,0,0,0,0,0,0,0,0,0,0,0,0
"28","US1ILCK0068","TINLEY PARK 1.2 WNW, IL US","(41.5834,-87.8196)",41.5834,-87.8196,217,240,2007-04-04,2008-12-18,0,0,0,0,0,0,0,0,0,0,240,0,0,240,2,0,0,0,0,0,0,0,0,0,0,0,0,0,0,0,0,0,0,0,0,0,0,0,0,0,0,0,0,0,0,0,0,0,0,0,0,0
"29","US1ILCK0069","PARK FOREST 0.8 NNE, IL US","(41.4928,-87.6815)",41.4928,-87.6815,220.1,2557,2007-03-28,2018-12-27,0,0,0,0,0,0,0,0,0,0,2556,0,0,1589,78,0,0,0,0,0,0,0,0,0,6,9,0,0,0,0,0,0,0,0,0,0,0,0,0,0,0,0,0,0,0,0,0,0,0,0,0,0
"30","US1ILCK0070","HARWOOD HEIGHTS 2.6 SE, IL US","(41.9393,-87.77)",41.9393,-87.77,191.1,231,2007-03-25,2007-12-05,0,0,0,0,0,0,0,0,0,0,231,0,0,231,4,0,0,0,0,0,0,0,0,0,2,2,0,0,0,0,0,0,0,0,0,0,0,0,0,0,0,0,0,0,0,0,0,0,0,0,0,0
"31","US1ILCK0072","CICERO 0.4 W, IL US","(41.8449,-87.7673)",41.8449,-87.7673,185.9,334,2007-04-07,2010-02-09,0,0,0,0,0,0,0,0,0,0,334,0,0,333,306,0,0,0,0,0,0,0,0,0,0,0,0,0,0,0,0,0,0,0,0,0,0,0,0,0,0,0,0,0,0,0,0,0,0,0,0,0
"32","US1ILCK0074","OAK PARK 1.3 NNE, IL US","(41.9062,-87.7819)",41.9062,-87.7819,192.9,3806,2007-07-09,2018-12-30,0,0,0,0,0,0,0,0,0,0,3806,0,0,2765,131,0,0,0,0,0,0,0,0,0,45,344,0,0,0,0,0,0,0,0,0,0,0,0,0,0,0,0,0,0,0,0,0,0,0,0,0,0
"33","US1ILCK0075","ELK GROVE VILLAGE 2.2 WSW, IL US","(41.9953,-88.0527)",41.9953,-88.0527,221.9,4208,2007-05-07,2018-12-30,0,0,0,0,0,0,0,0,0,0,4208,0,0,3258,1611,0,0,0,0,0,0,0,0,0,69,7,0,0,0,0,0,0,0,0,0,0,0,0,0,0,0,0,0,0,0,0,0,0,0,0,0,0
"34","US1ILCK0076","FLOSSMOOR 1.1 ESE, IL US","(41.5345,-87.6646)",41.5345,-87.6646,206,505,2007-05-12,2016-07-30,0,0,0,0,0,0,0,0,0,0,505,0,0,369,4,0,0,0,0,0,0,0,0,0,0,0,0,0,0,0,0,0,0,0,0,0,0,0,0,0,0,0,0,0,0,0,0,0,0,0,0,0
"35","US1ILCK0079","TINLEY PARK 1.0 SW, IL US","(41.5641,-87.8139)",41.5641,-87.8139,217,466,2007-06-13,2009-06-29,0,0,0,0,0,0,0,0,0,0,466,0,0,454,7,0,0,0,0,0,0,0,0,0,0,1,0,0,0,0,0,0,0,0,0,0,0,0,0,0,0,0,0,0,0,0,0,0,0,0,0,0
"36","US1ILCK0081","ARLINGTON HEIGHTS 1.8 NNW, IL US","(42.1192,-87.9951)",42.1192,-87.9951,221,1985,2007-08-16,2015-01-12,0,0,0,0,0,0,0,0,0,0,1985,0,0,1385,16,0,0,0,0,0,0,0,0,0,1,2,0,0,0,0,0,0,0,0,0,0,0,0,0,0,0,0,0,0,0,0,0,0,0,0,0,0
"37","US1ILCK0082","BURNHAM HEGEWISCH 1.6 NNW, IL US","(41.6598,-87.5529)",41.6598,-87.5529,178,3160,2007-09-06,2018-06-22,0,0,0,0,0,0,0,0,0,0,3159,0,0,2240,104,0,0,0,0,0,0,0,0,0,37,98,0,0,0,0,0,0,0,0,0,0,0,0,0,0,0,0,0,0,0,0,0,0,0,0,0,0
"38","US1ILCK0083","STREAMWOOD 0.2 SW, IL US","(42.0188,-88.1755)",42.0188,-88.1755,246,985,2007-09-04,2018-07-02,0,0,0,0,0,0,0,0,0,0,985,0,0,566,60,0,0,0,0,0,0,0,0,0,6,28,0,0,0,0,0,0,0,0,0,0,0,0,0,0,0,0,0,0,0,0,0,0,0,0,0,0
"39","US1ILCK0084","BARTLETT 1.2 NE, IL US","(41.9916,-88.1887)",41.9916,-88.1887,246.9,629,2007-12-01,2013-05-10,0,0,0,0,0,0,0,0,0,0,629,0,0,529,175,0,0,0,0,0,0,0,0,0,119,123,0,0,0,0,0,0,0,0,0,0,0,0,0,0,0,0,0,0,0,0,0,0,0,0,0,0
"40","US1ILCK0087","ARLINGTON HEIGHTS 1.3 SW, IL US","(42.0822,-88.0019)",42.0822,-88.0019,220.1,1156,2007-12-05,2018-11-08,0,0,0,0,0,0,0,0,0,0,1156,0,0,972,209,0,0,0,0,0,0,0,0,0,196,233,0,0,0,0,0,0,0,0,0,0,0,0,0,0,0,0,0,0,0,0,0,0,0,0,0,0
"41","US1ILCK0088","COUNTRYSIDE 0.8 ENE, IL US","(41.7823,-87.8622)",41.7823,-87.8622,199,3178,2008-03-18,2018-12-30,0,0,0,0,0,0,0,0,0,0,3176,0,0,2012,411,0,0,0,0,0,0,0,0,0,16,21,0,0,0,0,0,0,0,0,0,0,0,0,0,0,0,0,0,0,0,0,0,0,0,0,0,0
"42","US1ILCK0091","EVANSTON 1.2 SSE, IL US","(42.0306,-87.6857)",42.0306,-87.6857,188.1,1186,2008-03-17,2014-08-12,0,0,0,0,0,0,0,0,0,0,1184,0,0,746,2,0,0,0,0,0,0,0,0,0,0,0,0,0,0,0,0,0,0,0,0,0,0,0,0,0,0,0,0,0,0,0,0,0,0,0,0,0
"43","US1ILCK0094","LINCOLNWOOD 1.8 E, IL US","(42.0019,-87.6985)",42.0019,-87.6985,184.1,3878,2008-03-11,2018-12-30,0,0,0,0,0,0,0,0,0,0,3878,0,0,2661,733,0,0,0,0,0,0,0,0,0,183,366,0,0,0,0,0,0,0,0,0,0,0,0,0,0,0,0,0,0,0,0,0,0,0,0,0,0
"44","US1ILCK0095","COUNTRYSIDE 1.3 NNE, IL US","(41.7937,-87.8649)",41.7937,-87.8649,199,2288,2008-03-18,2014-08-19,0,0,0,0,0,0,0,0,0,0,2288,0,0,1606,25,0,0,0,0,0,0,0,0,0,0,0,0,0,0,0,0,0,0,0,0,0,0,0,0,0,0,0,0,0,0,0,0,0,0,0,0,0
"45","US1ILCK0097","CHICAGO 6.8 NNE, IL US","(41.9301,-87.6393)",41.9301,-87.6393,180.1,1362,2008-03-26,2012-03-08,0,0,0,0,0,0,0,0,0,0,1362,0,0,982,2,0,0,0,0,0,0,0,0,0,1,1,0,0,0,0,0,0,0,0,0,0,0,0,0,0,0,0,0,0,0,0,0,0,0,0,0,0
"46","US1ILCK0098","LA GRANGE PARK 0.7 SSW, IL US","(41.8226,-87.8758)",41.8226,-87.8758,200.9,3404,2008-03-31,2018-12-30,0,0,0,0,0,0,0,0,0,0,3401,0,0,2374,960,0,0,0,0,0,0,0,0,0,9,4,0,0,0,0,0,0,0,0,0,0,0,0,0,0,0,0,0,0,0,0,0,0,0,0,0,0
"47","US1ILCK0100","CICERO 1.5 SSW, IL US","(41.8231,-87.7666)",41.8231,-87.7666,185.9,1498,2008-05-11,2018-10-28,0,0,0,0,0,0,0,0,0,0,1498,0,0,895,5,0,0,0,0,0,0,0,0,0,3,5,0,0,0,0,0,0,0,0,0,0,0,0,0,0,0,0,0,0,0,0,0,0,0,0,0,0
"48","US1ILCK0102","ELMWOOD PARK 4.3 E, IL US","(41.9331,-87.7334)",41.9331,-87.7334,185.9,338,2008-04-02,2009-08-27,0,0,0,0,0,0,0,0,0,0,338,0,0,286,0,0,0,0,0,0,0,0,0,0,0,0,0,0,0,0,0,0,0,0,0,0,0,0,0,0,0,0,0,0,0,0,0,0,0,0,0,0
"49","US1ILCK0104","LINCOLNWOOD 5.1 SE, IL US","(41.9494,-87.6703)",41.9494,-87.6703,182,174,2008-03-30,2008-11-19,0,0,0,0,0,0,0,0,0,0,174,0,0,174,0,0,0,0,0,0,0,0,0,0,0,0,0,0,0,0,0,0,0,0,0,0,0,0,0,0,0,0,0,0,0,0,0,0,0,0,0,0
"50","US1ILCK0107","EVANSTON 1.4 N, IL US","(42.0669,-87.6898)",42.0669,-87.6898,191.1,3620,2008-04-01,2018-12-10,0,0,0,0,0,0,0,0,0,0,3619,0,0,2477,599,0,0,0,0,0,0,0,0,0,6,13,0,0,0,0,0,0,0,0,0,0,0,0,0,0,0,0,0,0,0,0,0,0,0,0,0,0
"51","US1ILCK0108","BEVERLY 0.3 N, IL US","(41.7165,-87.671)",41.7165,-87.671,203,340,2008-04-10,2011-06-09,0,0,0,0,0,0,0,0,0,0,340,0,0,276,0,0,0,0,0,0,0,0,0,0,0,0,0,0,0,0,0,0,0,0,0,0,0,0,0,0,0,0,0,0,0,0,0,0,0,0,0,0
"52","US1ILCK0116","BLUE ISLAND 1.1 NNW, IL US","(41.673,-87.6887)",41.673,-87.6887,196.9,460,2008-07-07,2011-10-26,0,0,0,0,0,0,0,0,0,0,460,0,0,288,2,0,0,0,0,0,0,0,0,0,1,3,0,0,0,0,0,0,0,0,0,0,0,0,0,0,0,0,0,0,0,0,0,0,0,0,0,0
"53","US1ILCK0117","CHICAGO 3.0 NW, IL US","(41.9125,-87.6695)",41.9125,-87.6695,178,136,2008-07-09,2010-10-26,0,0,0,0,0,0,0,0,0,0,136,0,0,128,0,0,0,0,0,0,0,0,0,0,0,0,0,0,0,0,0,0,0,0,0,0,0,0,0,0,0,0,0,0,0,0,0,0,0,0,0,0
"54","US1ILCK0121","PALATINE 1.3 E, IL US","(42.1139,-88.0178)",42.1139,-88.0178,223.1,3837,2008-05-28,2018-12-30,0,0,0,0,0,0,0,0,0,0,3837,0,0,3660,2453,0,0,0,0,0,0,0,0,0,21,251,0,0,0,0,0,0,0,0,0,0,0,0,0,0,0,0,0,0,0,0,0,0,0,0,0,0
"55","US1ILCK0122","CHICAGO 6.5 NNE, IL US","(41.9272,-87.6517)",41.9272,-87.6517,187.1,196,2008-06-19,2010-04-23,0,0,0,0,0,0,0,0,0,0,196,0,0,151,10,0,0,0,0,0,0,0,0,0,0,0,0,0,0,0,0,0,0,0,0,0,0,0,0,0,0,0,0,0,0,0,0,0,0,0,0,0
"56","US1ILCK0129","SCHAUMBURG 2.7 WSW, IL US","(42.0135,-88.1289)",42.0135,-88.1289,252.1,2053,2008-10-08,2015-10-15,0,0,0,0,0,0,0,0,0,0,2053,0,0,1429,695,0,0,0,0,0,0,0,0,0,1,2,0,0,0,0,0,0,0,0,0,0,0,0,0,0,0,0,0,0,0,0,0,0,0,0,0,0
"57","US1ILCK0131","SCHAUMBURG 2.0 E, IL US","(42.0303,-88.044)",42.0303,-88.044,226.2,2744,2008-12-21,2018-12-30,0,0,0,0,0,0,0,0,0,0,2743,0,0,2036,892,0,0,0,0,0,0,0,0,0,44,153,0,0,0,0,0,0,0,0,0,0,0,0,0,0,0,0,0,0,0,0,0,0,0,0,0,0
"58","US1ILCK0132","PALOS PARK 1.7 WSW, IL US","(41.6585,-87.8759)",41.6585,-87.8759,218.8,464,2009-02-20,2016-04-28,0,0,0,0,0,0,0,0,0,0,464,0,0,337,48,0,0,0,0,0,0,0,0,0,40,60,0,0,0,0,0,0,0,0,0,0,0,0,0,0,0,0,0,0,0,0,0,0,0,0,0,0
"59","US1ILCK0137","MELROSE PARK 2.0 NW, IL US","(41.92,-87.8855)",41.92,-87.8855,199,1002,2009-05-02,2013-10-05,0,0,0,0,0,0,0,0,0,0,1002,0,0,612,59,0,0,0,0,0,0,0,0,0,11,5,0,0,0,0,0,0,0,0,0,0,0,0,0,0,0,0,0,0,0,0,0,0,0,0,0,0
"60","US1ILCK0139","OAK LAWN 1.1 N, IL US","(41.7304,-87.7561)",41.7304,-87.7561,191.1,2279,2009-04-26,2018-12-25,0,0,0,0,0,0,0,0,0,0,2276,0,0,1743,1,0,0,0,0,0,0,0,0,0,1,1,0,0,0,0,0,0,0,0,0,0,0,0,0,0,0,0,0,0,0,0,0,0,0,0,0,0
"61","US1ILCK0143","INVERNESS 1.7 S, IL US","(42.0904,-88.0949)",42.0904,-88.0949,257.9,1616,2009-07-10,2014-04-12,0,0,0,0,0,0,0,0,0,0,1615,0,0,1210,611,0,0,0,0,0,0,0,0,0,97,528,0,0,0,0,0,0,0,0,0,0,0,0,0,0,0,0,0,0,0,0,0,0,0,0,0,0
"62","US1ILCK0145","OAK PARK 1.5 S, IL US","(41.8659,-87.7928)",41.8659,-87.7928,189.3,3239,2009-08-22,2018-12-30,0,0,0,0,0,0,0,0,0,0,3238,0,0,1931,444,0,0,0,0,0,0,0,0,0,2,1,0,0,0,0,0,0,0,0,0,0,0,0,0,0,0,0,0,0,0,0,0,0,0,0,0,0
"63","US1ILCK0146","GLENWOOD 1.5 ESE, IL US","(41.5405,-87.5886)",41.5405,-87.5886,188.7,390,2009-09-15,2015-04-20,0,0,0,0,0,0,0,0,0,0,390,0,0,187,12,0,0,0,0,0,0,0,0,0,1,5,0,0,0,0,0,0,0,0,0,0,0,0,0,0,0,0,0,0,0,0,0,0,0,0,0,0
"64","US1ILCK0148","OAK LAWN 1.9 SE, IL US","(41.6936,-87.729)",41.6936,-87.729,182.3,2115,2009-10-26,2018-12-27,0,0,0,0,0,0,0,0,0,0,2115,0,0,1127,4,0,0,0,0,0,0,0,0,0,0,1,0,0,0,0,0,0,0,0,0,0,0,0,0,0,0,0,0,0,0,0,0,0,0,0,0,0
"65","US1ILCK0149","OAK LAWN 0.5 SSW, IL US","(41.7084,-87.7539)",41.7084,-87.7539,182,2889,2009-11-01,2018-12-30,0,0,0,0,0,0,0,0,0,0,2885,0,0,1957,485,0,0,0,0,0,0,0,0,0,264,462,0,0,0,0,0,0,0,0,0,0,0,0,0,0,0,0,0,0,0,0,0,0,0,0,0,0
"66","US1ILCK0150","ARLINGTON HEIGHTS 1.2 S, IL US","(42.078,-87.9838)",42.078,-87.9838,208.8,146,2009-10-25,2016-05-10,0,0,0,0,0,0,0,0,0,0,146,0,0,60,0,0,0,0,0,0,0,0,0,0,0,0,0,0,0,0,0,0,0,0,0,0,0,0,0,0,0,0,0,0,0,0,0,0,0,0,0,0
"67","US1ILCK0151","EVERGREEN PARK 0.5 NE, IL US","(41.7274,-87.6949)",41.7274,-87.6949,190.5,650,2009-01-03,2011-08-18,0,0,0,0,0,0,0,0,0,0,621,0,0,436,45,0,0,0,0,0,0,0,0,0,1,3,0,0,0,0,0,0,0,0,0,0,0,0,0,0,0,0,0,0,0,0,0,0,0,0,0,0
"68","US1ILCK0152","CHICAGO RIDGE 0.2 WSW, IL US","(41.7018,-87.782)",41.7018,-87.782,181.7,3073,2009-10-25,2018-12-30,0,0,0,0,0,0,0,0,0,0,3073,0,0,2330,1420,0,0,0,0,0,0,0,0,0,119,380,0,0,0,0,0,0,0,0,0,0,0,0,0,0,0,0,0,0,0,0,0,0,0,0,0,0
"69","US1ILCK0153","ALSIP 0.2 E, IL US","(41.6703,-87.7312)",41.6703,-87.7312,183.2,3107,2009-10-25,2018-10-19,0,0,0,0,0,0,0,0,0,0,3107,0,0,1019,12,0,0,0,0,0,0,0,0,0,6,2,0,0,0,0,0,0,0,0,0,0,0,0,0,0,0,0,0,0,0,0,0,0,0,0,0,0
"70","US1ILCK0154","WORTH 0.1 E, IL US","(41.6874,-87.7911)",41.6874,-87.7911,185.9,3273,2009-11-03,2018-12-30,0,0,0,0,0,0,0,0,0,0,3273,0,0,2330,1070,0,0,0,0,0,0,0,0,0,411,1022,0,0,0,0,0,0,0,0,0,0,0,0,0,0,0,0,0,0,0,0,0,0,0,0,0,0
"71","US1ILCK0156","ARLINGTON HEIGHTS 0.6 N, IL US","(42.1031,-87.9814)",42.1031,-87.9814,214.6,164,2009-12-01,2013-03-10,0,0,0,0,0,0,0,0,0,0,162,0,0,119,43,0,0,0,0,0,0,0,0,0,10,2,0,0,0,0,0,0,0,0,0,0,0,0,0,0,0,0,0,0,0,0,0,0,0,0,0,0
"72","US1ILCK0158","MERRIONETTE PARK 1.2 NNW, IL US","(41.6961,-87.7087)",41.6961,-87.7087,189,438,2009-11-15,2012-07-24,0,0,0,0,0,0,0,0,0,0,438,0,0,248,2,0,0,0,0,0,0,0,0,0,0,1,0,0,0,0,0,0,0,0,0,0,0,0,0,0,0,0,0,0,0,0,0,0,0,0,0,0
"73","US1ILCK0163","ARLINGTON HEIGHTS 1.2 SW, IL US","(42.0819,-87.9971)",42.0819,-87.9971,215.8,1613,2010-03-28,2018-11-06,0,0,0,0,0,0,0,0,0,0,1613,0,0,935,21,0,0,0,0,0,0,0,0,0,1,1,0,0,0,0,0,0,0,0,0,0,0,0,0,0,0,0,0,0,0,0,0,0,0,0,0,0
"74","US1ILCK0168","RAVENSWOOD MANOR 0.1 ESE, IL US","(41.9642,-87.6974)",41.9642,-87.6974,178.3,910,2010-08-31,2018-12-02,0,0,0,0,0,0,0,0,0,0,910,0,0,437,0,0,0,0,0,0,0,0,0,0,0,0,0,0,0,0,0,0,0,0,0,0,0,0,0,0,0,0,0,0,0,0,0,0,0,0,0,0
"75","US1ILCK0170","FLOSSMOOR 0.5 SW, IL US","(41.5341,-87.6905)",41.5341,-87.6905,210,998,2010-09-13,2018-12-11,0,0,0,0,0,0,0,0,0,0,998,0,0,242,0,0,0,0,0,0,0,0,0,0,0,0,0,0,0,0,0,0,0,0,0,0,0,0,0,0,0,0,0,0,0,0,0,0,0,0,0,0
"76","US1ILCK0171","OAK LAWN 1.7 SE, IL US","(41.701,-87.7247)",41.701,-87.7247,188.4,155,2010-09-22,2011-08-03,0,0,0,0,0,0,0,0,0,0,155,0,0,97,0,0,0,0,0,0,0,0,0,0,0,0,0,0,0,0,0,0,0,0,0,0,0,0,0,0,0,0,0,0,0,0,0,0,0,0,0,0
"77","US1ILCK0172","ELK GROVE VILLAGE 0.6 NNE, IL US","(42.0145,-87.988)",42.0145,-87.988,214.9,276,2010-11-13,2013-03-06,0,0,0,0,0,0,0,0,0,0,275,0,0,276,229,0,0,0,0,0,0,0,0,0,3,2,0,0,0,0,0,0,0,0,0,0,0,0,0,0,0,0,0,0,0,0,0,0,0,0,0,0
"78","US1ILCK0173","PALOS PARK 3.6 WNW, IL US","(41.6768,-87.9114)",41.6768,-87.9114,217.6,2202,2010-11-21,2018-12-29,0,0,0,0,0,0,0,0,0,0,2201,0,0,1495,228,0,0,0,0,0,0,0,0,0,1,2,0,0,0,0,0,0,0,0,0,0,0,0,0,0,0,0,0,0,0,0,0,0,0,0,0,0
"79","US1ILCK0175","WINNETKA 1.2 S, IL US","(42.0889,-87.74)",42.0889,-87.74,195.4,932,2010-12-01,2014-10-19,0,0,0,0,0,0,0,0,0,0,931,0,0,653,41,0,0,0,0,0,0,0,0,0,3,1,0,0,0,0,0,0,0,0,0,0,0,0,0,0,0,0,0,0,0,0,0,0,0,0,0,0
"80","US1ILCK0178","ROLLING MEADOWS 0.9 ESE, IL US","(42.0693,-88.01)",42.0693,-88.01,214.9,772,2011-04-25,2017-10-11,0,0,0,0,0,0,0,0,0,0,769,0,0,472,26,0,0,0,0,0,0,0,0,0,19,27,0,0,0,0,0,0,0,0,0,0,0,0,0,0,0,0,0,0,0,0,0,0,0,0,0,0
"81","US1ILCK0179","CHICAGO 4.8 NNW, IL US","(41.9481,-87.6588)",41.9481,-87.6588,182.9,254,2011-04-20,2017-05-21,0,0,0,0,0,0,0,0,0,0,254,0,0,120,0,0,0,0,0,0,0,0,0,0,0,0,0,0,0,0,0,0,0,0,0,0,0,0,0,0,0,0,0,0,0,0,0,0,0,0,0,0
"82","US1ILCK0180","PARK RIDGE 0.5 SSW, IL US","(42.0044,-87.846)",42.0044,-87.846,194.5,2458,2011-04-13,2018-12-26,0,0,0,0,0,0,0,0,0,0,2457,0,0,1356,923,0,0,0,0,0,0,0,0,0,677,962,0,0,0,0,0,0,0,0,0,0,0,0,0,0,0,0,0,0,0,0,0,0,0,0,0,0
"83","US1ILCK0182","TINLEY PARK 2.6 NW, IL US","(41.5918,-87.8274)",41.5918,-87.8274,216.1,208,2011-04-05,2014-06-06,0,0,0,0,0,0,0,0,0,0,208,0,0,92,0,0,0,0,0,0,0,0,0,0,0,0,0,0,0,0,0,0,0,0,0,0,0,0,0,0,0,0,0,0,0,0,0,0,0,0,0,0
"84","US1ILCK0187","NORTH RIVERSIDE 0.4 W, IL US","(41.8482,-87.8332)",41.8482,-87.8332,189.9,164,2011-08-07,2015-02-01,0,0,0,0,0,0,0,0,0,0,164,0,0,76,15,0,0,0,0,0,0,0,0,0,2,2,0,0,0,0,0,0,0,0,0,0,0,0,0,0,0,0,0,0,0,0,0,0,0,0,0,0
"85","US1ILCK0190","SCHAUMBURG 2.1 SW, IL US","(42.0133,-88.1143)",42.0133,-88.1143,251.2,365,2011-08-10,2012-12-28,0,0,0,0,0,0,0,0,0,0,365,0,0,238,1,0,0,0,0,0,0,0,0,0,0,1,0,0,0,0,0,0,0,0,0,0,0,0,0,0,0,0,0,0,0,0,0,0,0,0,0,0
"86","US1ILCK0192","PARK RIDGE 0.7 WNW, IL US","(42.0168,-87.8557)",42.0168,-87.8557,192.6,2180,2011-08-31,2018-12-28,0,0,0,0,0,0,0,0,0,0,2179,0,0,1513,599,0,0,0,0,0,0,0,0,0,46,40,0,0,0,0,0,0,0,0,0,0,0,0,0,0,0,0,0,0,0,0,0,0,0,0,0,0
"87","US1ILCK0193","WINNETKA 0.8 ESE, IL US","(42.1016,-87.729)",42.1016,-87.729,192,1941,2011-11-17,2018-12-30,0,0,0,0,0,0,0,0,0,0,1940,0,0,871,173,0,0,0,0,0,0,0,0,0,151,209,0,0,0,0,0,0,0,0,0,0,0,0,0,0,0,0,0,0,0,0,0,0,0,0,0,0
"88","US1ILCK0196","HARWOOD HEIGHTS 1.9 NNE, IL US","(41.9904,-87.7872)",41.9904,-87.7872,190.2,1546,2012-03-12,2016-08-22,0,0,0,0,0,0,0,0,0,0,1546,0,0,648,24,0,0,0,0,0,0,0,0,0,1,1,0,0,0,0,0,0,0,0,0,0,0,0,0,0,0,0,0,0,0,0,0,0,0,0,0,0
"89","US1ILCK0197","ORLAND HILLS 0.6 SE, IL US","(41.5865,-87.8335)",41.5865,-87.8335,215.2,1219,2012-04-13,2015-08-14,0,0,0,0,0,0,0,0,0,0,1219,0,0,778,208,0,0,0,0,0,0,0,0,0,0,2,0,0,0,0,0,0,0,0,0,0,0,0,0,0,0,0,0,0,0,0,0,0,0,0,0,0
"90","US1ILCK0199","SCHAUMBURG 1.6 S, IL US","(42.0104,-88.0828)",42.0104,-88.0828,249.9,266,2012-05-09,2013-05-17,0,0,0,0,0,0,0,0,0,0,266,0,0,187,47,0,0,0,0,0,0,0,0,0,1,2,0,0,0,0,0,0,0,0,0,0,0,0,0,0,0,0,0,0,0,0,0,0,0,0,0,0
"91","US1ILCK0202","RIVER FOREST 0.9 SSE, IL US","(41.8819,-87.815)",41.8819,-87.815,192,286,2012-07-16,2018-03-01,0,0,0,0,0,0,0,0,0,0,286,0,0,5,0,0,0,0,0,0,0,0,0,0,0,0,0,0,0,0,0,0,0,0,0,0,0,0,0,0,0,0,0,0,0,0,0,0,0,0,0,0
"92","US1ILCK0204","BOOT CAMP CHICAGO 4.2 SW, IL US","(41.8421,-87.6891)",41.8421,-87.6891,182.6,153,2012-10-01,2013-10-30,0,0,0,0,0,0,0,0,0,0,152,0,0,106,9,0,0,0,0,0,0,0,0,0,3,3,0,0,0,0,0,0,0,0,0,0,0,0,0,0,0,0,0,0,0,0,0,0,0,0,0,0
"93","US1ILCK0206","PARK FOREST 1.0 SW, IL US","(41.4723,-87.7013)",41.4723,-87.7013,220.7,2042,2013-01-29,2018-12-30,0,0,0,0,0,0,0,0,0,0,2042,0,0,1583,830,0,0,0,0,0,0,0,0,0,1,0,0,0,0,0,0,0,0,0,0,0,0,0,0,0,0,0,0,0,0,0,0,0,0,0,0,0
"94","US1ILCK0208","GLENVIEW 1.2 WNW, IL US","(42.0888,-87.8358)",42.0888,-87.8358,199.9,326,2012-12-01,2016-04-13,0,0,0,0,0,0,0,0,0,0,326,0,0,237,5,0,0,0,0,0,0,0,0,0,2,0,0,0,0,0,0,0,0,0,0,0,0,0,0,0,0,0,0,0,0,0,0,0,0,0,0,0
"95","US1ILCK0211","OAK LAWN 1.6 WNW, IL US","(41.7269,-87.7777)",41.7269,-87.7777,188.1,1995,2013-03-04,2018-12-30,0,0,0,0,0,0,0,0,0,0,1994,0,0,1493,695,0,0,0,0,0,0,0,0,0,513,524,0,0,0,0,0,0,0,0,0,0,0,0,0,0,0,0,0,0,0,0,0,0,0,0,0,0
"96","US1ILCK0214","ROGERS PARK 1.5 SW, IL US","(41.9957,-87.6918)",41.9957,-87.6918,181.4,1918,2013-04-14,2018-12-29,0,0,0,0,0,0,0,0,0,0,1917,0,0,1280,42,0,0,0,0,0,0,0,0,0,7,96,0,0,0,0,0,0,0,0,0,0,0,0,0,0,0,0,0,0,0,0,0,0,0,0,0,0
"97","US1ILCK0215","GLENVIEW 0.9 SW, IL US","(42.0726,-87.8288)",42.0726,-87.8288,203,621,2013-05-10,2015-01-23,0,0,0,0,0,0,0,0,0,0,621,0,0,426,74,0,0,0,0,0,0,0,0,0,51,152,0,0,0,0,0,0,0,0,0,0,0,0,0,0,0,0,0,0,0,0,0,0,0,0,0,0
"98","US1ILCK0218","NORTHBROOK 1.0 W, IL US","(42.1311,-87.8531)",42.1311,-87.8531,206.3,163,2013-04-26,2014-07-16,0,0,0,0,0,0,0,0,0,0,163,0,0,74,1,0,0,0,0,0,0,0,0,0,1,2,0,0,0,0,0,0,0,0,0,0,0,0,0,0,0,0,0,0,0,0,0,0,0,0,0,0
"99","US1ILCK0220","ARLINGTON HEIGHTS 0.5 SE, IL US","(42.0903,-87.9752)",42.0903,-87.9752,209.4,138,2013-05-27,2013-11-25,0,0,0,0,0,0,0,0,0,0,138,0,0,80,0,0,0,0,0,0,0,0,0,0,0,0,0,0,0,0,0,0,0,0,0,0,0,0,0,0,0,0,0,0,0,0,0,0,0,0,0,0
"100","US1ILCK0229","FLOSSMOOR 1.2 ESE, IL US","(41.5319,-87.6641)",41.5319,-87.6641,202.1,592,2013-12-22,2018-11-04,0,0,0,0,0,0,0,0,0,0,590,0,0,319,3,0,0,0,0,0,0,0,0,0,0,0,0,0,0,0,0,0,0,0,0,0,0,0,0,0,0,0,0,0,0,0,0,0,0,0,0,0
"101","US1ILCK0232","ROGERS PARK 0.6 ESE, IL US","(42.0043,-87.6697)",42.0043,-87.6697,180.1,1684,2014-03-12,2018-12-29,0,0,0,0,0,0,0,0,0,0,1684,0,0,670,160,0,0,0,0,0,0,0,0,0,26,100,0,0,0,0,0,0,0,0,0,0,0,0,0,0,0,0,0,0,0,0,0,0,0,0,0,0
"102","US1ILCK0234","OAK LAWN 1.6 NW, IL US","(41.7284,-87.7762)",41.7284,-87.7762,188.1,431,2014-03-15,2018-09-27,0,0,0,0,0,0,0,0,0,0,431,0,0,10,7,0,0,0,0,0,0,0,0,0,0,0,0,0,0,0,0,0,0,0,0,0,0,0,0,0,0,0,0,0,0,0,0,0,0,0,0,0
"103","US1ILCK0238","ELMWOOD PARK 0.7 NNW, IL US","(41.9314,-87.8231)",41.9314,-87.8231,191.7,325,2014-04-01,2018-09-01,0,0,0,0,0,0,0,0,0,0,325,0,0,240,0,0,0,0,0,0,0,0,0,0,0,0,0,0,0,0,0,0,0,0,0,0,0,0,0,0,0,0,0,0,0,0,0,0,0,0,0,0
"104","US1ILCK0240","CHICAGO 2.7 WNW, IL US","(41.9018,-87.6726)",41.9018,-87.6726,182.9,493,2014-06-18,2018-11-06,0,0,0,0,0,0,0,0,0,0,491,0,0,258,0,0,0,0,0,0,0,0,0,0,0,0,0,0,0,0,0,0,0,0,0,0,0,0,0,0,0,0,0,0,0,0,0,0,0,0,0,0
"105","US1ILCK0243","ELMWOOD PARK 0.7 ESE, IL US","(41.9177,-87.8037)",41.9177,-87.8037,195.4,1441,2014-08-11,2018-12-27,0,0,0,0,0,0,0,0,0,0,1441,0,0,227,0,0,0,0,0,0,0,0,0,0,0,0,0,0,0,0,0,0,0,0,0,0,0,0,0,0,0,0,0,0,0,0,0,0,0,0,0,0
"106","US1ILCK0245","ARLINGTON HEIGHTS 2.6 SSW, IL US","(42.0578,-87.9926)",42.0578,-87.9926,219.8,996,2014-09-05,2018-12-30,0,0,0,0,0,0,0,0,0,0,996,0,0,388,76,0,0,0,0,0,0,0,0,0,35,51,0,0,0,0,0,0,0,0,0,0,0,0,0,0,0,0,0,0,0,0,0,0,0,0,0,0
"107","US1ILCK0246","LEMONT 0.4 S, IL US","(41.6641,-87.9913)",41.6641,-87.9913,214.3,147,2014-10-03,2018-10-15,0,0,0,0,0,0,0,0,0,0,147,0,0,7,0,0,0,0,0,0,0,0,0,0,0,0,0,0,0,0,0,0,0,0,0,0,0,0,0,0,0,0,0,0,0,0,0,0,0,0,0,0
"108","US1ILCK0249","MIDLOTHIAN 0.2 SSE, IL US","(41.6243,-87.7233)",41.6243,-87.7233,189.3,282,2014-11-07,2015-11-20,0,0,0,0,0,0,0,0,0,0,282,0,0,172,0,0,0,0,0,0,0,0,0,0,0,0,0,0,0,0,0,0,0,0,0,0,0,0,0,0,0,0,0,0,0,0,0,0,0,0,0,0
"109","US1ILCK0250","MIDLOTHIAN 0.2 NNE, IL US","(41.6294,-87.7231)",41.6294,-87.7231,188.4,132,2014-12-10,2016-08-18,0,0,0,0,0,0,0,0,0,0,132,0,0,63,0,0,0,0,0,0,0,0,0,0,0,0,0,0,0,0,0,0,0,0,0,0,0,0,0,0,0,0,0,0,0,0,0,0,0,0,0,0
"110","US1ILCK0253","MIDLOTHIAN 0.1 SSE, IL US","(41.625,-87.7234)",41.625,-87.7234,189.3,1262,2015-02-26,2018-12-27,0,0,0,0,0,0,0,0,0,0,1262,0,0,768,3,0,0,0,0,0,0,0,0,0,3,8,0,0,0,0,0,0,0,0,0,0,0,0,0,0,0,0,0,0,0,0,0,0,0,0,0,0
"111","US1ILCK0254","BURR RIDGE 1.2 ESE, IL US","(41.7473,-87.8974)",41.7473,-87.8974,201.2,109,2015-03-22,2017-10-15,0,0,0,0,0,0,0,0,0,0,101,0,0,13,7,0,0,0,0,0,0,0,0,0,0,0,0,0,0,0,0,0,0,0,0,0,0,0,0,0,0,0,0,0,0,0,0,0,0,0,0,0
"112","US1ILCK0260","MIDLOTHIAN 1.2 SE, IL US","(41.613,-87.7097)",41.613,-87.7097,187.5,905,2015-04-19,2018-10-31,0,0,0,0,0,0,0,0,0,0,905,0,0,2,0,0,0,0,0,0,0,0,0,0,0,0,0,0,0,0,0,0,0,0,0,0,0,0,0,0,0,0,0,0,0,0,0,0,0,0,0,0
"113","US1ILCK0261","MIDLOTHIAN 0.3 WSW, IL US","(41.6248,-87.7307)",41.6248,-87.7307,192,137,2015-04-20,2018-08-21,0,0,0,0,0,0,0,0,0,0,137,0,0,14,0,0,0,0,0,0,0,0,0,0,0,0,0,0,0,0,0,0,0,0,0,0,0,0,0,0,0,0,0,0,0,0,0,0,0,0,0,0
"114","US1ILCK0262","MIDLOTHIAN 0.6 SW, IL US","(41.6215,-87.7331)",41.6215,-87.7331,192.3,309,2015-04-24,2017-06-14,0,0,0,0,0,0,0,0,0,0,309,0,0,4,0,0,0,0,0,0,0,0,0,0,0,0,0,0,0,0,0,0,0,0,0,0,0,0,0,0,0,0,0,0,0,0,0,0,0,0,0,0
"115","US1ILCK0266","MIDLOTHIAN 0.2 SW, IL US","(41.6238,-87.727)",41.6238,-87.727,190.2,364,2015-05-08,2017-08-11,0,0,0,0,0,0,0,0,0,0,364,0,0,0,0,0,0,0,0,0,0,0,0,0,0,0,0,0,0,0,0,0,0,0,0,0,0,0,0,0,0,0,0,0,0,0,0,0,0,0,0,0
"116","US1ILCK0278","HOFFMAN ESTATES 1.6 SE, IL US","(42.0481,-88.1162)",42.0481,-88.1162,242,986,2016-04-05,2018-12-30,0,0,0,0,0,0,0,0,0,0,986,0,0,5,0,0,0,0,0,0,0,0,0,0,0,0,0,0,0,0,0,0,0,0,0,0,0,0,0,0,0,0,0,0,0,0,0,0,0,0,0,0
"117","US1ILCK0282","BERWYN 0.9 NW, IL US","(41.8531,-87.802)",41.8531,-87.802,188.4,920,2014-01-04,2018-12-23,0,0,0,0,0,0,0,0,0,0,920,0,0,133,21,0,0,0,0,0,0,0,0,0,0,0,0,0,0,0,0,0,0,0,0,0,0,0,0,0,0,0,0,0,0,0,0,0,0,0,0,0
"118","US1ILCK0285","HARWOOD HEIGHTS 0.4 NNE, IL US","(41.9715,-87.8033)",41.9715,-87.8033,197.5,829,2016-08-29,2018-12-30,0,0,0,0,0,0,0,0,0,0,829,0,0,342,279,0,0,0,0,0,0,0,0,0,0,51,0,0,0,0,0,0,0,0,0,0,0,0,0,0,0,0,0,0,0,0,0,0,0,0,0,0
"119","US1ILCK0286","BROOKFIELD 0.2 ENE, IL US","(41.8251,-87.8443)",41.8251,-87.8443,188.4,452,2016-10-28,2018-02-09,0,0,0,0,0,0,0,0,0,0,452,0,0,378,55,0,0,0,0,0,0,0,0,0,0,6,0,0,0,0,0,0,0,0,0,0,0,0,0,0,0,0,0,0,0,0,0,0,0,0,0,0
"120","US1ILCK0294","PALATINE 1.4 NNE, IL US","(42.1299,-88.028)",42.1299,-88.028,231.6,607,2017-04-03,2018-12-30,0,0,0,0,0,0,0,0,0,0,607,0,0,389,39,0,0,0,0,0,0,0,0,0,25,42,0,0,0,0,0,0,0,0,0,0,0,0,0,0,0,0,0,0,0,0,0,0,0,0,0,0
"121","US1ILCK0296","CHICAGO HEIGHTS 2.4 NNW, IL US","(41.5428,-87.6541)",41.5428,-87.6541,196,508,2017-07-28,2018-12-28,0,0,0,0,0,0,0,0,0,0,507,0,0,349,110,0,0,0,0,0,0,0,0,0,9,63,0,0,0,0,0,0,0,0,0,0,0,0,0,0,0,0,0,0,0,0,0,0,0,0,0,0
"122","US1ILCK0298","CICERO 0.4 W, IL US","(41.8443,-87.7671)",41.8443,-87.7671,185.3,504,2017-07-17,2018-12-30,0,0,0,0,0,0,0,0,0,0,504,0,0,32,29,0,0,0,0,0,0,0,0,0,25,25,0,0,0,0,0,0,0,0,0,0,0,0,0,0,0,0,0,0,0,0,0,0,0,0,0,0
"123","US1ILCK0300","RIVERSIDE 0.2 WNW, IL US","(41.832,-87.8197)",41.832,-87.8197,189,475,2017-08-19,2018-12-30,0,0,0,0,0,0,0,0,0,0,474,0,0,75,3,0,0,0,0,0,0,0,0,0,6,103,0,0,0,0,0,0,0,0,0,0,0,0,0,0,0,0,0,0,0,0,0,0,0,0,0,0
"124","US1ILCK0306","OAK FOREST 0.6 N, IL US","(41.6155,-87.7507)",41.6155,-87.7507,199.3,254,2018-03-29,2018-12-30,0,0,0,0,0,0,0,0,0,0,254,0,0,192,76,0,0,0,0,0,0,0,0,0,0,1,0,0,0,0,0,0,0,0,0,0,0,0,0,0,0,0,0,0,0,0,0,0,0,0,0,0
"125","US1ILDP0011","CAROL STREAM 0.7 WNW, IL US","(41.9217,-88.1434)",41.9217,-88.1434,232.9,1403,2007-02-19,2013-01-11,0,0,0,0,0,0,0,0,0,0,1403,0,0,1101,25,0,0,0,0,0,0,0,0,0,0,0,0,0,0,0,0,0,0,0,0,0,0,0,0,0,0,0,0,0,0,0,0,0,0,0,0,0
"126","US1ILDP0014","WESTMONT 1.2 SSE, IL US","(41.7811,-87.9641)",41.7811,-87.9641,228.9,2547,2007-11-01,2015-01-20,0,0,0,0,0,0,0,0,0,0,2547,0,0,1799,0,0,0,0,0,0,0,0,0,0,0,0,0,0,0,0,0,0,0,0,0,0,0,0,0,0,0,0,0,0,0,0,0,0,0,0,0,0
"127","US1ILDP0015","GLENDALE HEIGHTS 0.7 NNE, IL US","(41.9296,-88.0751)",41.9296,-88.0751,238,395,2006-03-09,2008-12-19,0,0,0,0,0,0,0,0,0,0,395,0,0,394,195,0,0,0,0,0,0,0,0,0,5,24,0,0,0,0,0,0,0,0,0,0,0,0,0,0,0,0,0,0,0,0,0,0,0,0,0,0
"128","US1ILDP0018","DOWNERS GROVE 2.1 SE, IL US","(41.7716,-87.994)",41.7716,-87.994,232.9,2486,2007-02-25,2014-08-22,0,0,0,0,0,0,0,0,0,0,2482,0,0,1874,192,0,0,0,0,0,0,0,0,0,17,175,0,0,0,0,0,0,0,0,0,0,0,0,0,0,0,0,0,0,0,0,0,0,0,0,0,0
"129","US1ILDP0020","NAPERVILLE 3.2 ESE, IL US","(41.7423,-88.0982)",41.7423,-88.0982,240.8,2090,2007-02-24,2013-02-10,0,0,0,0,0,0,0,0,0,0,2088,0,0,1655,224,0,0,0,0,0,0,0,0,0,1,7,0,0,0,0,0,0,0,0,0,0,0,0,0,0,0,0,0,0,0,0,0,0,0,0,0,0
"130","US1ILDP0022","LISLE 1.3 NE, IL US","(41.8062,-88.0702)",41.8062,-88.0702,214.9,205,2007-03-19,2009-04-03,0,0,0,0,0,0,0,0,0,0,205,0,0,198,0,0,0,0,0,0,0,0,0,0,0,0,0,0,0,0,0,0,0,0,0,0,0,0,0,0,0,0,0,0,0,0,0,0,0,0,0,0
"131","US1ILDP0024","LISLE 0.6 W, IL US","(41.7918,-88.0994)",41.7918,-88.0994,223.1,1022,2007-05-05,2010-09-16,0,0,0,0,0,0,0,0,0,0,1022,0,0,847,4,0,0,0,0,0,0,0,0,0,1,43,0,0,0,0,0,0,0,0,0,0,0,0,0,0,0,0,0,0,0,0,0,0,0,0,0,0
"132","US1ILDP0025","DOWNERS GROVE 0.7 S, IL US","(41.7871,-88.0152)",41.7871,-88.0152,228.9,681,2007-02-23,2009-11-26,0,0,0,0,0,0,0,0,0,0,681,0,0,609,116,0,0,0,0,0,0,0,0,0,0,1,0,0,0,0,0,0,0,0,0,0,0,0,0,0,0,0,0,0,0,0,0,0,0,0,0,0
"133","US1ILDP0027","NAPERVILLE 2.1 ESE, IL US","(41.7564,-88.1135)",41.7564,-88.1135,224,3908,2007-03-09,2018-12-30,0,0,0,0,0,0,0,0,0,0,3908,0,0,2673,18,0,0,0,0,0,0,0,0,0,0,1,0,0,0,0,0,0,0,0,0,0,0,0,0,0,0,0,0,0,0,0,0,0,0,0,0,0
"134","US1ILDP0028","WEST CHICAGO 1.0 SE, IL US","(41.8791,-88.2099)",41.8791,-88.2099,228.9,2015,2007-03-04,2014-08-22,0,0,0,0,0,0,0,0,0,0,2015,0,0,1469,21,0,0,0,0,0,0,0,0,0,0,0,0,0,0,0,0,0,0,0,0,0,0,0,0,0,0,0,0,0,0,0,0,0,0,0,0,0
"135","US1ILDP0029","GLEN ELLYN 1.6 SSE, IL US","(41.8441,-88.0554)",41.8441,-88.0554,226.2,2203,2007-03-28,2018-11-26,0,0,0,0,0,0,0,0,0,0,2202,0,0,1484,5,0,0,0,0,0,0,0,0,0,1,7,0,0,0,0,0,0,0,0,0,0,0,0,0,0,0,0,0,0,0,0,0,0,0,0,0,0
"136","US1ILDP0030","LISLE 0.5 WSW, IL US","(41.79,-88.0979)",41.79,-88.0979,224,2057,2007-03-27,2018-11-06,0,0,0,0,0,0,0,0,0,0,2054,0,0,1257,200,0,0,0,0,0,0,0,0,0,2,1,0,0,0,0,0,0,0,0,0,0,0,0,0,0,0,0,0,0,0,0,0,0,0,0,0,0
"137","US1ILDP0032","LISLE 1.3 SE, IL US","(41.7814,-88.0674)",41.7814,-88.0674,224.9,4137,2007-04-01,2018-12-30,0,0,0,0,0,0,0,0,0,0,4137,0,0,3105,529,0,0,0,0,0,0,0,0,0,428,1128,0,0,0,0,0,0,0,0,0,0,0,0,0,0,0,0,0,0,0,0,0,0,0,0,0,0
"138","US1ILDP0034","WEST CHICAGO 2.7 N, IL US","(41.9288,-88.2175)",41.9288,-88.2175,238,3000,2007-04-10,2016-03-28,0,0,0,0,0,0,0,0,0,0,3000,0,0,1820,0,0,0,0,0,0,0,0,0,0,0,0,0,0,0,0,0,0,0,0,0,0,0,0,0,0,0,0,0,0,0,0,0,0,0,0,0,0
"139","US1ILDP0038","ELMHURST 0.4 SW, IL US","(41.8935,-87.9485)",41.8935,-87.9485,216.1,2121,2007-07-09,2018-12-29,0,0,0,0,0,0,0,0,0,0,2118,0,0,975,13,0,0,0,0,0,0,0,0,0,3,5,0,0,0,0,0,0,0,0,0,0,0,0,0,0,0,0,0,0,0,0,0,0,0,0,0,0
"140","US1ILDP0040","LOMBARD 1.0 NNW, IL US","(41.8884,-88.0229)",41.8884,-88.0229,216.1,3882,2007-06-01,2018-12-30,0,0,0,0,0,0,0,0,0,0,3882,0,0,2401,0,0,0,0,0,0,0,0,0,0,0,0,0,0,0,0,0,0,0,0,0,0,0,0,0,0,0,0,0,0,0,0,0,0,0,0,0,0
"141","US1ILDP0042","CAROL STREAM 0.3 SSE, IL US","(41.913,-88.1294)",41.913,-88.1294,231,3643,2007-06-08,2018-10-31,0,0,0,0,0,0,0,0,0,0,3636,0,0,2628,223,0,0,0,0,0,0,0,0,0,79,138,0,0,0,0,0,0,0,0,0,0,0,0,0,0,0,0,0,0,0,0,0,0,0,0,0,0
"142","US1ILDP0043","NAPERVILLE 0.9 ENE, IL US","(41.7689,-88.1399)",41.7689,-88.1399,213.1,176,2007-07-28,2008-07-12,0,0,0,0,0,0,0,0,0,0,176,0,0,176,24,0,0,0,0,0,0,0,0,0,0,0,0,0,0,0,0,0,0,0,0,0,0,0,0,0,0,0,0,0,0,0,0,0,0,0,0,0
"143","US1ILDP0045","WHEATON 1.8 SSW, IL US","(41.8317,-88.1225)",41.8317,-88.1225,229.8,542,2007-09-29,2009-05-01,0,0,0,0,0,0,0,0,0,0,542,0,0,427,29,0,0,0,0,0,0,0,0,0,26,5,0,0,0,0,0,0,0,0,0,0,0,0,0,0,0,0,0,0,0,0,0,0,0,0,0,0
"144","US1ILDP0047","GLEN ELLYN 1.4 SE, IL US","(41.8515,-88.0453)",41.8515,-88.0453,218.8,2208,2007-10-22,2016-07-29,0,0,0,0,0,0,0,0,0,0,2208,0,0,1571,4,0,0,0,0,0,0,0,0,0,0,0,0,0,0,0,0,0,0,0,0,0,0,0,0,0,0,0,0,0,0,0,0,0,0,0,0,0
"145","US1ILDP0048","NAPERVILLE 1.9 W, IL US","(41.7578,-88.191)",41.7578,-88.191,214.9,212,2009-01-08,2009-10-23,0,0,0,0,0,0,0,0,0,0,212,0,0,114,8,0,0,0,0,0,0,0,0,0,7,9,0,0,0,0,0,0,0,0,0,0,0,0,0,0,0,0,0,0,0,0,0,0,0,0,0,0
"146","US1ILDP0049","NAPERVILLE 2.5 ESE, IL US","(41.7461,-88.1114)",41.7461,-88.1114,223.1,519,2007-10-18,2018-11-26,0,0,0,0,0,0,0,0,0,0,510,0,0,263,31,0,0,0,0,0,0,0,0,0,0,1,0,0,0,0,0,0,0,0,0,0,0,0,0,0,0,0,0,0,0,0,0,0,0,0,0,0
"147","US1ILDP0051","DARIEN 1.2 NE, IL US","(41.7621,-87.9616)",41.7621,-87.9616,231,336,2008-02-02,2009-12-22,0,0,0,0,0,0,0,0,0,0,336,0,0,251,4,0,0,0,0,0,0,0,0,0,1,11,0,0,0,0,0,0,0,0,0,0,0,0,0,0,0,0,0,0,0,0,0,0,0,0,0,0
"148","US1ILDP0052","DARIEN 2.4 SSW, IL US","(41.7185,-87.9996)",41.7185,-87.9996,230.1,1127,2008-04-23,2013-10-28,0,0,0,0,0,0,0,0,0,0,1126,0,0,736,0,0,0,0,0,0,0,0,0,0,0,0,0,0,0,0,0,0,0,0,0,0,0,0,0,0,0,0,0,0,0,0,0,0,0,0,0,0
"149","US1ILDP0053","WHEATON 1.7 N, IL US","(41.88,-88.1035)",41.88,-88.1035,235,270,2007-12-09,2008-12-28,0,0,0,0,0,0,0,0,0,0,269,0,0,270,52,0,0,0,0,0,0,0,0,0,0,0,0,0,0,0,0,0,0,0,0,0,0,0,0,0,0,0,0,0,0,0,0,0,0,0,0,0
"150","US1ILDP0058","WHEATON 0.5 W, IL US","(41.8548,-88.1174)",41.8548,-88.1174,232,1990,2008-02-06,2013-12-04,0,0,0,0,0,0,0,0,0,0,1990,0,0,1292,11,0,0,0,0,0,0,0,0,0,5,71,0,0,0,0,0,0,0,0,0,0,0,0,0,0,0,0,0,0,0,0,0,0,0,0,0,0
"151","US1ILDP0060","GLEN ELLYN 0.8 NW, IL US","(41.8739,-88.0744)",41.8739,-88.0744,235,1280,2008-04-07,2012-07-18,0,0,0,0,0,0,0,0,0,0,1280,0,0,804,1,0,0,0,0,0,0,0,0,0,0,0,0,0,0,0,0,0,0,0,0,0,0,0,0,0,0,0,0,0,0,0,0,0,0,0,0,0
"152","US1ILDP0061","ROSELLE 0.5 S, IL US","(41.9739,-88.0846)",41.9739,-88.0846,235.9,473,2008-05-25,2011-05-23,0,0,0,0,0,0,0,0,0,0,473,0,0,325,0,0,0,0,0,0,0,0,0,0,0,0,0,0,0,0,0,0,0,0,0,0,0,0,0,0,0,0,0,0,0,0,0,0,0,0,0,0
"153","US1ILDP0062","LISLE 0.7 N, IL US","(41.8022,-88.0869)",41.8022,-88.0869,221,258,2008-03-17,2008-12-08,0,0,0,0,0,0,0,0,0,0,258,0,0,250,15,0,0,0,0,0,0,0,0,0,3,6,0,0,0,0,0,0,0,0,0,0,0,0,0,0,0,0,0,0,0,0,0,0,0,0,0,0
"154","US1ILDP0063","BARTLETT 1.0 SSE, IL US","(41.9641,-88.2014)",41.9641,-88.2014,242,2177,2008-03-18,2015-01-31,0,0,0,0,0,0,0,0,0,0,2169,0,0,1575,632,0,0,0,0,0,0,0,0,0,2,4,0,0,0,0,0,0,0,0,0,0,0,0,0,0,0,0,0,0,0,0,0,0,0,0,0,0
"155","US1ILDP0065","OAKBROOK TERRACE 0.2 NW, IL US","(41.8549,-87.971)",41.8549,-87.971,221.9,183,2008-05-01,2009-07-10,0,0,0,0,0,0,0,0,0,0,183,0,0,178,0,0,0,0,0,0,0,0,0,0,0,0,0,0,0,0,0,0,0,0,0,0,0,0,0,0,0,0,0,0,0,0,0,0,0,0,0,0
"156","US1ILDP0069","GLEN ELLYN 1.0 NE, IL US","(41.8786,-88.0505)",41.8786,-88.0505,220.1,2709,2008-05-01,2016-06-19,0,0,0,0,0,0,0,0,0,0,2706,0,0,1532,25,0,0,0,0,0,0,0,0,0,0,1,0,0,0,0,0,0,0,0,0,0,0,0,0,0,0,0,0,0,0,0,0,0,0,0,0,0
"157","US1ILDP0070","BARTLETT 0.8 S, IL US","(41.9669,-88.2055)",41.9669,-88.2055,245.1,299,2008-06-01,2009-12-08,0,0,0,0,0,0,0,0,0,0,299,0,0,234,1,0,0,0,0,0,0,0,0,0,0,2,0,0,0,0,0,0,0,0,0,0,0,0,0,0,0,0,0,0,0,0,0,0,0,0,0,0
"158","US1ILDP0071","ADDISON 1.6 WNW, IL US","(41.9415,-88.0356)",41.9415,-88.0356,227.1,181,2008-05-14,2008-11-16,0,0,0,0,0,0,0,0,0,0,181,0,0,181,0,0,0,0,0,0,0,0,0,0,0,0,0,0,0,0,0,0,0,0,0,0,0,0,0,0,0,0,0,0,0,0,0,0,0,0,0,0
"159","US1ILDP0072","BLOOMINGDALE 0.9 NNE, IL US","(41.9609,-88.0823)",41.9609,-88.0823,228,119,2009-03-17,2016-06-10,0,0,0,0,0,0,0,0,0,0,119,0,0,6,0,0,0,0,0,0,0,0,0,0,0,0,0,0,0,0,0,0,0,0,0,0,0,0,0,0,0,0,0,0,0,0,0,0,0,0,0,0
"160","US1ILDP0073","LOMBARD 0.7 NNE, IL US","(41.8844,-88.0122)",41.8844,-88.0122,220.1,114,2009-09-26,2018-05-15,0,0,0,0,0,0,0,0,0,0,114,0,0,12,0,0,0,0,0,0,0,0,0,0,0,0,0,0,0,0,0,0,0,0,0,0,0,0,0,0,0,0,0,0,0,0,0,0,0,0,0,0
"161","US1ILDP0074","NAPERVILLE 1.9 ENE, IL US","(41.7682,-88.1174)",41.7682,-88.1174,228,1486,2009-03-07,2013-06-29,0,0,0,0,0,0,0,0,0,0,1486,0,0,980,179,0,0,0,0,0,0,0,0,0,0,1,0,0,0,0,0,0,0,0,0,0,0,0,0,0,0,0,0,0,0,0,0,0,0,0,0,0
"162","US1ILDP0075","NAPERVILLE 1.1 NW, IL US","(41.7729,-88.1713)",41.7729,-88.1713,210.9,2461,2009-04-01,2018-12-30,0,0,0,0,0,0,0,0,0,0,2247,0,0,1519,600,0,0,0,0,0,0,0,0,0,0,0,0,0,0,0,0,0,0,0,0,0,0,0,0,0,0,0,0,0,0,0,0,0,0,0,0,0
"163","US1ILDP0076","WOODRIDGE 1.7 NNE, IL US","(41.7623,-88.0347)",41.7623,-88.0347,230.1,664,2009-04-10,2012-12-02,0,0,0,0,0,0,0,0,0,0,664,0,0,342,6,0,0,0,0,0,0,0,0,0,2,2,0,0,0,0,0,0,0,0,0,0,0,0,0,0,0,0,0,0,0,0,0,0,0,0,0,0
"164","US1ILDP0077","ROSELLE 1.1 W, IL US","(41.9778,-88.1036)",41.9778,-88.1036,242,2517,2009-05-01,2016-10-11,0,0,0,0,0,0,0,0,0,0,2507,0,0,1703,399,0,0,0,0,0,0,0,0,0,144,289,0,0,0,0,0,0,0,0,0,0,0,0,0,0,0,0,0,0,0,0,0,0,0,0,0,0
"165","US1ILDP0078","NAPERVILLE 2.4 SE, IL US","(41.7418,-88.1162)",41.7418,-88.1162,216.1,1304,2009-09-01,2018-12-30,0,0,0,0,0,0,0,0,0,0,1304,0,0,1038,170,0,0,0,0,0,0,0,0,0,30,28,0,0,0,0,0,0,0,0,0,0,0,0,0,0,0,0,0,0,0,0,0,0,0,0,0,0
"166","US1ILDP0079","BURR RIDGE 1.9 SW, IL US","(41.7319,-87.9486)",41.7319,-87.9486,220.7,3347,2009-05-26,2018-12-30,0,0,0,0,0,0,0,0,0,0,3347,0,0,2535,1374,0,0,0,0,0,0,0,0,0,6,5,0,0,0,0,0,0,0,0,0,0,0,0,0,0,0,0,0,0,0,0,0,0,0,0,0,0
"167","US1ILDP0081","GLEN ELLYN 2.3 N, IL US","(41.8993,-88.0604)",41.8993,-88.0604,221.6,605,2009-05-30,2012-03-15,0,0,0,0,0,0,0,0,0,0,604,0,0,326,16,0,0,0,0,0,0,0,0,0,10,36,0,0,0,0,0,0,0,0,0,0,0,0,0,0,0,0,0,0,0,0,0,0,0,0,0,0
"168","US1ILDP0083","LOMBARD 1.2 NNW, IL US","(41.8912,-88.0223)",41.8912,-88.0223,214,1834,2009-06-09,2015-12-21,0,0,0,0,0,0,0,0,0,0,1833,0,0,1192,96,0,0,0,0,0,0,0,0,0,37,143,0,0,0,0,0,0,0,0,0,0,0,0,0,0,0,0,0,0,0,0,0,0,0,0,0,0
"169","US1ILDP0085","VILLA PARK 1.0 NW, IL US","(41.8969,-87.9903)",41.8969,-87.9903,220.1,3200,2009-10-19,2018-12-29,0,0,0,0,0,0,0,0,0,0,3200,0,0,1695,4,0,0,0,0,0,0,0,0,0,2,1,0,0,0,0,0,0,0,0,0,0,0,0,0,0,0,0,0,0,0,0,0,0,0,0,0,0
"170","US1ILDP0086","LISLE 0.5 W, IL US","(41.792,-88.0967)",41.792,-88.0967,216.4,1748,2009-10-12,2018-12-16,0,0,0,0,0,0,0,0,0,0,1748,0,0,1013,52,0,0,0,0,0,0,0,0,0,30,42,0,0,0,0,0,0,0,0,0,0,0,0,0,0,0,0,0,0,0,0,0,0,0,0,0,0
"171","US1ILDP0087","ROSELLE 1.2 ESE, IL US","(41.9766,-88.0598)",41.9766,-88.0598,231.6,2751,2010-03-08,2018-12-30,0,0,0,0,0,0,0,0,0,0,2749,0,0,1813,269,0,0,0,0,0,0,0,0,0,259,124,0,0,0,0,0,0,0,0,0,0,0,0,0,0,0,0,0,0,0,0,0,0,0,0,0,0
"172","US1ILDP0090","HANOVER PARK 2.2 SSW, IL US","(41.9551,-88.1588)",41.9551,-88.1588,243.8,1078,2010-05-03,2017-07-20,0,0,0,0,0,0,0,0,0,0,1078,0,0,679,204,0,0,0,0,0,0,0,0,0,24,131,0,0,0,0,0,0,0,0,0,0,0,0,0,0,0,0,0,0,0,0,0,0,0,0,0,0
"173","US1ILDP0091","CLARENDON HILLS 0.6 S, IL US","(41.7905,-87.9587)",41.7905,-87.9587,224,100,2010-05-04,2017-10-15,0,0,0,0,0,0,0,0,0,0,100,0,0,67,1,0,0,0,0,0,0,0,0,0,0,0,0,0,0,0,0,0,0,0,0,0,0,0,0,0,0,0,0,0,0,0,0,0,0,0,0,0
"174","US1ILDP0093","DARIEN 1.4 ENE, IL US","(41.7558,-87.9507)",41.7558,-87.9507,220.1,344,2010-07-16,2015-12-14,0,0,0,0,0,0,0,0,0,0,343,0,0,125,0,0,0,0,0,0,0,0,0,0,0,1,0,0,0,0,0,0,0,0,0,0,0,0,0,0,0,0,0,0,0,0,0,0,0,0,0,0
"175","US1ILDP0096","LOMBARD 1.0 WSW, IL US","(41.8678,-88.033)",41.8678,-88.033,212.8,435,2010-11-23,2018-02-21,0,0,0,0,0,0,0,0,0,0,435,0,0,66,1,0,0,0,0,0,0,0,0,0,1,0,0,0,0,0,0,0,0,0,0,0,0,0,0,0,0,0,0,0,0,0,0,0,0,0,0,0
"176","US1ILDP0097","WARRENVILLE 1.1 NNW, IL US","(41.8358,-88.191)",41.8358,-88.191,214.6,588,2011-04-11,2014-08-11,0,0,0,0,0,0,0,0,0,0,588,0,0,312,0,0,0,0,0,0,0,0,0,0,0,1,0,0,0,0,0,0,0,0,0,0,0,0,0,0,0,0,0,0,0,0,0,0,0,0,0,0
"177","US1ILDP0098","DOWNERS GROVE 0.9 S, IL US","(41.784,-88.0168)",41.784,-88.0168,229.5,1795,2010-06-20,2018-11-11,0,0,0,0,0,0,0,0,0,0,1794,0,0,1113,0,0,0,0,0,0,0,0,0,0,0,3,0,0,0,0,0,0,0,0,0,0,0,0,0,0,0,0,0,0,0,0,0,0,0,0,0,0
"178","US1ILDP0099","BENSENVILLE 0.3 WSW, IL US","(41.9556,-87.9492)",41.9556,-87.9492,206.3,197,2011-04-05,2012-04-01,0,0,0,0,0,0,0,0,0,0,197,0,0,109,0,0,0,0,0,0,0,0,0,0,0,0,0,0,0,0,0,0,0,0,0,0,0,0,0,0,0,0,0,0,0,0,0,0,0,0,0,0
"179","US1ILDP0100","BARTLETT 1.1 SE, IL US","(41.9692,-88.1873)",41.9692,-88.1873,239.6,818,2011-06-06,2016-08-30,0,0,0,0,0,0,0,0,0,0,818,0,0,472,147,0,0,0,0,0,0,0,0,0,142,106,0,0,0,0,0,0,0,0,0,0,0,0,0,0,0,0,0,0,0,0,0,0,0,0,0,0
"180","US1ILDP0102","BOLINGBROOK 2.7 NE, IL US","(41.7302,-88.0448)",41.7302,-88.0448,233.8,1965,2011-08-04,2016-12-27,0,0,0,0,0,0,0,0,0,0,1965,0,0,1357,661,0,0,0,0,0,0,0,0,0,26,9,0,0,0,0,0,0,0,0,0,0,0,0,0,0,0,0,0,0,0,0,0,0,0,0,0,0
"181","US1ILDP0104","GLEN ELLYN 1.4 NNW, IL US","(41.8859,-88.0707)",41.8859,-88.0707,238,185,2012-01-01,2013-03-06,0,0,0,0,0,0,0,0,0,0,185,0,0,124,20,0,0,0,0,0,0,0,0,0,4,3,0,0,0,0,0,0,0,0,0,0,0,0,0,0,0,0,0,0,0,0,0,0,0,0,0,0
"182","US1ILDP0106","DARIEN 0.9 NNE, IL US","(41.7621,-87.9707)",41.7621,-87.9707,228,569,2012-03-12,2016-05-05,0,0,0,0,0,0,0,0,0,0,569,0,0,335,0,0,0,0,0,0,0,0,0,0,0,0,0,0,0,0,0,0,0,0,0,0,0,0,0,0,0,0,0,0,0,0,0,0,0,0,0,0
"183","US1ILDP0108","GLEN ELLYN 1.3 NNW, IL US","(41.8846,-88.0701)",41.8846,-88.0701,238.7,1478,2012-07-24,2018-12-26,0,0,0,0,0,0,0,0,0,0,1478,0,0,855,0,0,0,0,0,0,0,0,0,0,0,0,0,0,0,0,0,0,0,0,0,0,0,0,0,0,0,0,0,0,0,0,0,0,0,0,0,0
"184","US1ILDP0109","ELMHURST 0.8 ESE, IL US","(41.8929,-87.9296)",41.8929,-87.9296,209.1,2345,2012-07-29,2018-12-29,0,0,0,0,0,0,0,0,0,0,2345,0,0,1704,956,0,0,0,0,0,0,0,0,0,871,942,0,0,0,0,0,0,0,0,0,0,0,0,0,0,0,0,0,0,0,0,0,0,0,0,0,0
"185","US1ILDP0110","WHEATON 1.3 NW, IL US","(41.8663,-88.1283)",41.8663,-88.1283,230.1,362,2012-12-04,2014-05-13,0,0,0,0,0,0,0,0,0,0,362,0,0,228,12,0,0,0,0,0,0,0,0,0,9,15,0,0,0,0,0,0,0,0,0,0,0,0,0,0,0,0,0,0,0,0,0,0,0,0,0,0
"186","US1ILDP0114","BLOOMINGDALE 0.5 ESE, IL US","(41.9474,-88.0769)",41.9474,-88.0769,233.8,184,2013-06-13,2014-08-11,0,0,0,0,0,0,0,0,0,0,184,0,0,80,0,0,0,0,0,0,0,0,0,0,0,0,0,0,0,0,0,0,0,0,0,0,0,0,0,0,0,0,0,0,0,0,0,0,0,0,0,0
"187","US1ILDP0117","ELMHURST 2.0 SE, IL US","(41.8752,-87.9211)",41.8752,-87.9211,211.5,1175,2013-10-22,2018-12-30,0,0,0,0,0,0,0,0,0,0,1175,0,0,572,0,0,0,0,0,0,0,0,0,0,0,1,0,0,0,0,0,0,0,0,0,0,0,0,0,0,0,0,0,0,0,0,0,0,0,0,0,0
"188","US1ILDP0118","DARIEN 0.4 SSE, IL US","(41.7431,-87.9746)",41.7431,-87.9746,228.6,1886,2013-10-31,2018-12-29,0,0,0,0,0,0,0,0,0,0,1886,0,0,1227,320,0,0,0,0,0,0,0,0,0,0,4,0,0,0,0,0,0,0,0,0,0,0,0,0,0,0,0,0,0,0,0,0,0,0,0,0,0
"189","US1ILDP0127","DOWNERS GROVE 0.4 NNE, IL US","(41.8033,-88.0154)",41.8033,-88.0154,227.7,1550,2014-10-03,2018-12-30,0,0,0,0,0,0,0,0,0,0,1550,0,0,1547,1545,0,0,0,0,0,0,0,0,0,37,35,0,0,0,0,0,0,0,0,0,0,0,0,0,0,0,0,0,0,0,0,0,0,0,0,0,0
"190","US1ILDP0128","NAPERVILLE 3.7 NW, IL US","(41.7943,-88.2112)",41.7943,-88.2112,216.7,220,2015-02-17,2016-03-10,0,0,0,0,0,0,0,0,0,0,218,0,0,153,27,0,0,0,0,0,0,0,0,0,2,4,0,0,0,0,0,0,0,0,0,0,0,0,0,0,0,0,0,0,0,0,0,0,0,0,0,0
"191","US1ILDP0132","WHEATON 2.0 NNE, IL US","(41.8798,-88.0863)",41.8798,-88.0863,241.4,1285,2015-06-25,2018-12-30,0,0,0,0,0,0,0,0,0,0,1285,0,0,1103,1091,0,0,0,0,0,0,0,0,0,849,917,0,0,0,0,0,0,0,0,0,0,0,0,0,0,0,0,0,0,0,0,0,0,0,0,0,0
"192","US1ILDP0135","DOWNERS GROVE 3.1 SSE, IL US","(41.7533,-88.0021)",41.7533,-88.0021,236.8,396,2015-12-28,2017-02-13,0,0,0,0,0,0,0,0,0,0,396,0,0,59,6,0,0,0,0,0,0,0,0,0,1,3,0,0,0,0,0,0,0,0,0,0,0,0,0,0,0,0,0,0,0,0,0,0,0,0,0,0
"193","US1ILDP0139","WESTMONT 1.1 SSW, IL US","(41.7825,-87.985)",41.7825,-87.985,229.8,840,2016-05-25,2018-12-23,0,0,0,0,0,0,0,0,0,0,839,0,0,551,2,0,0,0,0,0,0,0,0,0,0,0,0,0,0,0,0,0,0,0,0,0,0,0,0,0,0,0,0,0,0,0,0,0,0,0,0,0
"194","US1ILDP0140","NAPERVILLE 3.0 SE, IL US","(41.7349,-88.1085)",41.7349,-88.1085,219.8,173,2016-06-03,2018-07-22,0,0,0,0,0,0,0,0,0,0,173,0,0,33,0,0,0,0,0,0,0,0,0,0,0,0,0,0,0,0,0,0,0,0,0,0,0,0,0,0,0,0,0,0,0,0,0,0,0,0,0,0
"195","US1ILDP0141","GLEN ELLYN 1.1 WSW, IL US","(41.8634,-88.0829)",41.8634,-88.0829,213.4,878,2016-06-23,2018-12-29,0,0,0,0,0,0,0,0,0,0,878,0,0,473,4,0,0,0,0,0,0,0,0,0,0,0,0,0,0,0,0,0,0,0,0,0,0,0,0,0,0,0,0,0,0,0,0,0,0,0,0,0
"196","US1ILDP0144","GLEN ELLYN 2.2 SSE, IL US","(41.8353,-88.0509)",41.8353,-88.0509,208.8,105,2016-08-24,2017-10-15,0,0,0,0,0,0,0,0,0,0,105,0,0,1,0,0,0,0,0,0,0,0,0,0,0,0,0,0,0,0,0,0,0,0,0,0,0,0,0,0,0,0,0,0,0,0,0,0,0,0,0,0
"197","US1ILDP0145","LISLE 0.8 SW, IL US","(41.783,-88.0972)",41.783,-88.0972,224.6,426,2017-01-24,2018-12-24,0,0,0,0,0,0,0,0,0,0,426,0,0,263,1,0,0,0,0,0,0,0,0,0,1,0,0,0,0,0,0,0,0,0,0,0,0,0,0,0,0,0,0,0,0,0,0,0,0,0,0,0
"198","US1ILDP0150","BLOOMINGDALE 1.2 ESE, IL US","(41.9397,-88.0666)",41.9397,-88.0666,221,424,2017-09-03,2018-12-28,0,0,0,0,0,0,0,0,0,0,423,0,0,269,3,0,0,0,0,0,0,0,0,0,1,8,0,0,0,0,0,0,0,0,0,0,0,0,0,0,0,0,0,0,0,0,0,0,0,0,0,0
"199","US1ILLK0011","LINCOLNSHIRE 0.9 N, IL US","(42.2082,-87.9188)",42.2082,-87.9188,209.1,3395,2007-03-03,2018-12-10,0,0,0,0,0,0,0,0,0,0,3395,0,0,2441,850,0,0,0,0,0,0,0,0,0,4,0,0,0,0,0,0,0,0,0,0,0,0,0,0,0,0,0,0,0,0,0,0,0,0,0,0,0
"200","US1ILLK0015","BANNOCKBURN 0.5 ESE, IL US","(42.1896,-87.86)",42.1896,-87.86,205.1,1224,2007-09-26,2018-11-07,0,0,0,0,0,0,0,0,0,0,1224,0,0,702,2,0,0,0,0,0,0,0,0,0,0,0,0,0,0,0,0,0,0,0,0,0,0,0,0,0,0,0,0,0,0,0,0,0,0,0,0,0
"201","US1ILLK0016","BUFFALO GROVE 1.5 N, IL US","(42.188,-87.959)",42.188,-87.959,213.1,4172,2007-02-11,2018-12-30,0,0,0,0,0,0,0,0,0,0,4172,0,0,3021,1213,0,0,0,0,0,0,0,0,0,282,1095,0,0,0,0,0,0,0,0,0,0,0,0,0,0,0,0,0,0,0,0,0,0,0,0,0,0
"202","US1ILLK0025","LINCOLNSHIRE 1.3 WSW, IL US","(42.1913,-87.9403)",42.1913,-87.9403,205.1,3937,2006-10-01,2017-12-05,0,0,0,0,0,0,0,0,0,0,3937,0,0,2914,269,0,0,0,0,0,0,0,0,0,29,99,0,0,0,0,0,0,0,0,0,0,0,0,0,0,0,0,0,0,0,0,0,0,0,0,0,0
"203","US1ILLK0039","RIVERWOODS 0.4 ENE, IL US","(42.1726,-87.8884)",42.1726,-87.8884,210.9,3398,2008-04-12,2018-12-30,0,0,0,0,0,0,0,0,0,0,3395,0,0,2357,731,0,0,0,0,0,0,0,0,0,25,177,0,0,0,0,0,0,0,0,0,0,0,0,0,0,0,0,0,0,0,0,0,0,0,0,0,0
"204","US1ILLK0068","HIGHWOOD 0.3 WSW, IL US","(42.2097,-87.8177)",42.2097,-87.8177,205.7,161,2012-04-15,2013-02-27,0,0,0,0,0,0,0,0,0,0,160,0,0,103,6,0,0,0,0,0,0,0,0,0,6,6,0,0,0,0,0,0,0,0,0,0,0,0,0,0,0,0,0,0,0,0,0,0,0,0,0,0
"205","US1ILLK0069","HIGHWOOD 0.9 S, IL US","(42.1984,-87.814)",42.1984,-87.814,210,2447,2012-04-14,2018-12-30,0,0,0,0,0,0,0,0,0,0,2386,0,0,2264,1671,0,0,0,0,0,0,0,0,0,0,16,0,0,0,0,0,0,0,0,0,0,0,0,0,0,0,0,0,0,0,0,0,0,0,0,0,0
"206","US1ILLK0103","BUFFALO GROVE 1.3 ESE, IL US","(42.1611,-87.9394)",42.1611,-87.9394,201.5,253,2018-04-22,2018-12-30,0,0,0,0,0,0,0,0,0,0,253,0,0,114,1,0,0,0,0,0,0,0,0,0,0,0,0,0,0,0,0,0,0,0,0,0,0,0,0,0,0,0,0,0,0,0,0,0,0,0,0,0
"207","US1ILWL0004","LOCKPORT 0.3 SSW, IL US","(41.5851,-88.0497)",41.5851,-88.0497,203,1152,2007-04-15,2010-12-10,0,0,0,0,0,0,0,0,0,0,1152,0,0,788,0,0,0,0,0,0,0,0,0,0,0,0,0,0,0,0,0,0,0,0,0,0,0,0,0,0,0,0,0,0,0,0,0,0,0,0,0,0
"208","US1ILWL0016","HOMER GLEN 0.8 ENE, IL US","(41.6274,-87.9281)",41.6274,-87.9281,225.9,3851,2007-03-13,2018-12-28,0,0,0,0,0,0,0,0,0,0,3849,0,0,2613,378,0,0,0,0,0,0,0,0,0,0,5,0,0,0,0,0,0,0,0,0,0,0,0,0,0,0,0,0,0,0,0,0,0,0,0,0,0
"209","US1ILWL0018","CRETE 1.4 SW, IL US","(41.4411,-87.6379)",41.4411,-87.6379,226.2,236,2007-04-16,2008-09-20,0,0,0,0,0,0,0,0,0,0,236,0,0,236,1,0,0,0,0,0,0,0,0,0,0,0,0,0,0,0,0,0,0,0,0,0,0,0,0,0,0,0,0,0,0,0,0,0,0,0,0,0
"210","US1ILWL0025","CRETE 2.6 E, IL US","(41.4468,-87.5657)",41.4468,-87.5657,212.8,4145,2007-05-18,2018-12-30,0,0,0,0,0,0,0,0,0,0,4145,0,0,2946,965,0,0,0,0,0,0,0,0,0,1,4,0,0,0,0,0,0,0,0,0,0,0,0,0,0,0,0,0,0,0,0,0,0,0,0,0,0
"211","US1ILWL0031","BOLINGBROOK 3.5 W, IL US","(41.6935,-88.1444)",41.6935,-88.1444,199,1082,2007-10-03,2010-09-24,0,0,0,0,0,0,0,0,0,0,1082,0,0,860,260,0,0,0,0,0,0,0,0,0,0,1,0,0,0,0,0,0,0,0,0,0,0,0,0,0,0,0,0,0,0,0,0,0,0,0,0,0
"212","US1ILWL0036","HOMER GLEN 3.9 WNW, IL US","(41.6375,-88.0029)",41.6375,-88.0029,217,2217,2008-01-04,2015-08-19,0,0,0,0,0,0,0,0,0,0,2217,0,0,2158,1872,0,0,0,0,0,0,0,0,0,1,5,0,0,0,0,0,0,0,0,0,0,0,0,0,0,0,0,0,0,0,0,0,0,0,0,0,0
"213","US1ILWL0039","HOMER GLEN 1.4 NNW, IL US","(41.6385,-87.9399)",41.6385,-87.9399,209.1,330,2008-04-30,2010-10-02,0,0,0,0,0,0,0,0,0,0,329,0,0,228,1,0,0,0,0,0,0,0,0,0,1,0,0,0,0,0,0,0,0,0,0,0,0,0,0,0,0,0,0,0,0,0,0,0,0,0,0,0
"214","US1ILWL0042","MOKENA 1.3 W, IL US","(41.5313,-87.9012)",41.5313,-87.9012,217.9,1111,2008-04-07,2018-02-11,0,0,0,0,0,0,0,0,0,0,1107,0,0,738,46,0,0,0,0,0,0,0,0,0,3,3,0,0,0,0,0,0,0,0,0,0,0,0,0,0,0,0,0,0,0,0,0,0,0,0,0,0
"215","US1ILWL0044","NAPERVILLE 3.6 SSW, IL US","(41.7146,-88.1807)",41.7146,-88.1807,207.9,1191,2008-04-08,2013-06-07,0,0,0,0,0,0,0,0,0,0,1191,0,0,763,0,0,0,0,0,0,0,0,0,0,2,4,0,0,0,0,0,0,0,0,0,0,0,0,0,0,0,0,0,0,0,0,0,0,0,0,0,0
"216","US1ILWL0050","LOCKPORT 3.3 ESE, IL US","(41.5771,-87.9855)",41.5771,-87.9855,223.1,1369,2009-06-03,2016-12-01,0,0,0,0,0,0,0,0,0,0,1369,0,0,655,12,0,0,0,0,0,0,0,0,0,0,0,0,0,0,0,0,0,0,0,0,0,0,0,0,0,0,0,0,0,0,0,0,0,0,0,0,0
"217","US1ILWL0053","BOLINGBROOK 0.9 WNW, IL US","(41.7039,-88.0937)",41.7039,-88.0937,219.2,394,2009-11-18,2012-01-11,0,0,0,0,0,0,0,0,0,0,394,0,0,281,76,0,0,0,0,0,0,0,0,0,0,0,0,0,0,0,0,0,0,0,0,0,0,0,0,0,0,0,0,0,0,0,0,0,0,0,0,0
"218","US1ILWL0058","PLAINFIELD 3.0 ESE, IL US","(41.604,-88.149)",41.604,-88.149,189.3,2210,2010-04-02,2018-12-02,0,0,0,0,0,0,0,0,0,0,2208,0,0,1001,1,0,0,0,0,0,0,0,0,0,1,0,0,0,0,0,0,0,0,0,0,0,0,0,0,0,0,0,0,0,0,0,0,0,0,0,0,0
"219","US1ILWL0059","NEW LENOX 1.4 SE, IL US","(41.5024,-87.9686)",41.5024,-87.9686,217.3,200,2010-03-29,2010-10-27,0,0,0,0,0,0,0,0,0,0,200,0,0,125,0,0,0,0,0,0,0,0,0,0,0,0,0,0,0,0,0,0,0,0,0,0,0,0,0,0,0,0,0,0,0,0,0,0,0,0,0,0
"220","US1ILWL0063","NEW LENOX 1.8 SE, IL US","(41.4996,-87.9603)",41.4996,-87.9603,213.7,3146,2010-03-27,2018-12-30,0,0,0,0,0,0,0,0,0,0,3145,0,0,2566,1819,0,0,0,0,0,0,0,0,0,1467,1826,0,0,0,0,0,0,0,0,0,0,0,0,0,0,0,0,0,0,0,0,0,0,0,0,0,0
"221","US1ILWL0065","CRETE 2.6 SSW, IL US","(41.4171,-87.63)",41.4171,-87.63,230.4,812,2010-04-01,2018-10-08,0,0,0,0,0,0,0,0,0,0,811,0,0,439,2,0,0,0,0,0,0,0,0,0,2,1,0,0,0,0,0,0,0,0,0,0,0,0,0,0,0,0,0,0,0,0,0,0,0,0,0,0
"222","US1ILWL0066","FRANKFORT 2.0 NNE, IL US","(41.5239,-87.8195)",41.5239,-87.8195,211.8,363,2010-04-10,2012-09-18,0,0,0,0,0,0,0,0,0,0,363,0,0,207,1,0,0,0,0,0,0,0,0,0,1,1,0,0,0,0,0,0,0,0,0,0,0,0,0,0,0,0,0,0,0,0,0,0,0,0,0,0
"223","US1ILWL0070","FRANKFORT 2.2 WSW, IL US","(41.4891,-87.8766)",41.4891,-87.8766,237.7,101,2010-04-27,2010-08-27,0,0,0,0,0,0,0,0,0,0,101,0,0,56,0,0,0,0,0,0,0,0,0,0,0,0,0,0,0,0,0,0,0,0,0,0,0,0,0,0,0,0,0,0,0,0,0,0,0,0,0,0
"224","US1ILWL0072","NEW LENOX 2.9 ENE, IL US","(41.5303,-87.9296)",41.5303,-87.9296,211.8,1570,2010-05-21,2018-11-16,0,0,0,0,0,0,0,0,0,0,1569,0,0,916,2,0,0,0,0,0,0,0,0,0,0,0,0,0,0,0,0,0,0,0,0,0,0,0,0,0,0,0,0,0,0,0,0,0,0,0,0,0
"225","US1ILWL0080","LOCKPORT 1.3 SE, IL US","(41.5745,-88.033)",41.5745,-88.033,208.2,2736,2011-03-29,2018-12-30,0,0,0,0,0,0,0,0,0,0,2736,0,0,1971,897,0,0,0,0,0,0,0,0,0,46,141,0,0,0,0,0,0,0,0,0,0,0,0,0,0,0,0,0,0,0,0,0,0,0,0,0,0
"226","US1ILWL0082","ORLAND PARK 4.6 WNW, IL US","(41.6433,-87.9281)",41.6433,-87.9281,209.4,1232,2011-04-08,2015-01-03,0,0,0,0,0,0,0,0,0,0,1230,0,0,798,50,0,0,0,0,0,0,0,0,0,28,54,0,0,0,0,0,0,0,0,0,0,0,0,0,0,0,0,0,0,0,0,0,0,0,0,0,0
"227","US1ILWL0092","NAPERVILLE 4.0 SSW, IL US","(41.7062,-88.1734)",41.7062,-88.1734,203,2323,2012-03-20,2018-12-30,0,0,0,0,0,0,0,0,0,0,2323,0,0,1513,66,0,0,0,0,0,0,0,0,0,33,32,0,0,0,0,0,0,0,0,0,0,0,0,0,0,0,0,0,0,0,0,0,0,0,0,0,0
"228","US1ILWL0093","NEW LENOX 4.2 SE, IL US","(41.4681,-87.9378)",41.4681,-87.9378,219.8,1573,2012-04-16,2018-07-27,0,0,0,0,0,0,0,0,0,0,1570,0,0,1311,1027,0,0,0,0,0,0,0,0,0,1014,1085,0,0,0,0,0,0,0,0,0,0,0,0,0,0,0,0,0,0,0,0,0,0,0,0,0,0
"229","US1ILWL0095","JOLIET 1.4 ENE, IL US","(41.5355,-88.0976)",41.5355,-88.0976,197.8,277,2011-08-03,2013-03-21,0,0,0,0,0,0,0,0,0,0,275,0,0,277,244,0,0,0,0,0,0,0,0,0,3,15,0,0,0,0,0,0,0,0,0,0,0,0,0,0,0,0,0,0,0,0,0,0,0,0,0,0
"230","US1ILWL0097","NEW LENOX 3.3 E, IL US","(41.5193,-87.9193)",41.5193,-87.9193,207,2407,2012-04-26,2018-12-30,0,0,0,0,0,0,0,0,0,0,2407,0,0,1836,908,0,0,0,0,0,0,0,0,0,601,909,0,0,0,0,0,0,0,0,0,0,0,0,0,0,0,0,0,0,0,0,0,0,0,0,0,0
"231","US1ILWL0103","JOLIET 1.8 NNE, IL US","(41.5519,-88.1106)",41.5519,-88.1106,196.6,469,2012-05-18,2016-12-20,0,0,0,0,0,0,0,0,0,0,469,0,0,250,37,0,0,0,0,0,0,0,0,0,2,8,0,0,0,0,0,0,0,0,0,0,0,0,0,0,0,0,0,0,0,0,0,0,0,0,0,0
"232","US1ILWL0106","FRANKFORT 2.3 ENE, IL US","(41.5105,-87.7962)",41.5105,-87.7962,221.3,145,2013-05-30,2014-09-21,0,0,0,0,0,0,0,0,0,0,145,0,0,79,0,0,0,0,0,0,0,0,0,0,0,0,0,0,0,0,0,0,0,0,0,0,0,0,0,0,0,0,0,0,0,0,0,0,0,0,0,0
"233","US1ILWL0111","NEW LENOX 1.0 NE, IL US","(41.5272,-87.9676)",41.5272,-87.9676,207.9,287,2014-04-09,2015-02-06,0,0,0,0,0,0,0,0,0,0,287,0,0,170,16,0,0,0,0,0,0,0,0,0,0,0,0,0,0,0,0,0,0,0,0,0,0,0,0,0,0,0,0,0,0,0,0,0,0,0,0,0
"234","US1ILWL0112","BOLINGBROOK 0.5 ESE, IL US","(41.6963,-88.0688)",41.6963,-88.0688,216.7,102,2014-03-31,2014-07-23,0,0,0,0,0,0,0,0,0,0,102,0,0,69,35,0,0,0,0,0,0,0,0,0,34,34,0,0,0,0,0,0,0,0,0,0,0,0,0,0,0,0,0,0,0,0,0,0,0,0,0,0
"235","US1ILWL0115","BOLINGBROOK 2.2 NE, IL US","(41.7235,-88.0482)",41.7235,-88.0482,227.1,104,2014-04-24,2014-11-06,0,0,0,0,0,0,0,0,0,0,104,0,0,59,0,0,0,0,0,0,0,0,0,0,0,0,0,0,0,0,0,0,0,0,0,0,0,0,0,0,0,0,0,0,0,0,0,0,0,0,0,0
"236","US1ILWL0119","HOMER GLEN 1.6 NW, IL US","(41.6241,-87.9553)",41.6241,-87.9553,217.6,1378,2014-04-20,2018-12-28,0,0,0,0,0,0,0,0,0,0,1378,0,0,850,1,0,0,0,0,0,0,0,0,0,0,0,0,0,0,0,0,0,0,0,0,0,0,0,0,0,0,0,0,0,0,0,0,0,0,0,0,0
"237","US1ILWL0121","MONEE 4.9 W, IL US","(41.4147,-87.8479)",41.4147,-87.8479,221,1545,2014-07-01,2018-12-30,0,0,0,0,0,0,0,0,0,0,1545,0,0,837,0,0,0,0,0,0,0,0,0,0,0,3,0,0,0,0,0,0,0,0,0,0,0,0,0,0,0,0,0,0,0,0,0,0,0,0,0,0
"238","US1ILWL0131","HOMER GLEN 0.7 NNE, IL US","(41.6084,-87.9327)",41.6084,-87.9327,230.7,1098,2015-12-11,2018-12-30,0,0,0,0,0,0,0,0,0,0,1097,0,0,750,204,0,0,0,0,0,0,0,0,0,88,137,0,0,0,0,0,0,0,0,0,0,0,0,0,0,0,0,0,0,0,0,0,0,0,0,0,0
"239","US1ILWL0135","PLAINFIELD 3.2 NNE, IL US","(41.657,-88.1768)",41.657,-88.1768,190.5,180,2016-09-23,2018-05-18,0,0,0,0,0,0,0,0,0,0,180,0,0,133,0,0,0,0,0,0,0,0,0,0,0,0,0,0,0,0,0,0,0,0,0,0,0,0,0,0,0,0,0,0,0,0,0,0,0,0,0,0
"240","US1ILWL0136","CRETE 3.3 ENE FRANKTUARY FARM, IL US","(41.4663,-87.5544)",41.4663,-87.5544,207,569,2017-05-24,2018-12-30,0,0,0,0,0,0,0,0,0,0,569,0,0,397,79,0,0,0,0,0,0,0,0,0,71,85,0,0,0,0,0,0,0,0,0,0,0,0,0,0,0,0,0,0,0,0,0,0,0,0,0,0
"241","US1ILWL0137","NAPERVILLE 2.8 SSW, IL US","(41.7243,-88.1711)",41.7243,-88.1711,208.5,542,2017-05-08,2018-12-30,0,0,0,0,0,0,0,0,0,0,542,0,0,379,22,0,0,0,0,0,0,0,0,0,9,31,0,0,0,0,0,0,0,0,0,0,0,0,0,0,0,0,0,0,0,0,0,0,0,0,0,0
"242","US1ILWL0138","CRETE 2.7 W, IL US","(41.4457,-87.6658)",41.4457,-87.6658,228.9,421,2017-10-08,2018-12-30,0,0,0,0,0,0,0,0,0,0,421,0,0,230,0,0,0,0,0,0,0,0,0,0,0,0,0,0,0,0,0,0,0,0,0,0,0,0,0,0,0,0,0,0,0,0,0,0,0,0,0,0
"243","US1ILWL0140","CRETE 3.7 SSE, IL US","(41.4048,-87.5843)",41.4048,-87.5843,220.1,416,2017-10-11,2018-12-30,0,0,0,0,0,0,0,0,0,0,416,0,0,248,4,0,0,0,0,0,0,0,0,0,1,3,0,0,0,0,0,0,0,0,0,0,0,0,0,0,0,0,0,0,0,0,0,0,0,0,0,0
"244","US1ILWL0142","MOKENA 3.4 WNW, IL US","(41.5545,-87.9339)",41.5545,-87.9339,207.6,299,2018-01-23,2018-12-30,0,0,0,0,0,0,0,0,0,0,298,0,0,187,5,0,0,0,0,0,0,0,0,0,0,1,0,0,0,0,0,0,0,0,0,0,0,0,0,0,0,0,0,0,0,0,0,0,0,0,0,0
"245","US1ILWL0147","NEW LENOX 2.0 ESE, IL US","(41.5036,-87.9513)",41.5036,-87.9513,218.2,154,2018-07-05,2018-12-23,0,0,0,0,0,0,0,0,0,0,154,0,0,94,0,0,0,0,0,0,0,0,0,0,0,2,0,0,0,0,0,0,0,0,0,0,0,0,0,0,0,0,0,0,0,0,0,0,0,0,0,0
"246","US1INLK0001","SCHERERVILLE 2.5 SE, IN US","(41.4616,-87.4167)",41.4616,-87.4167,217,311,2006-05-25,2007-10-17,0,0,0,0,0,0,0,0,0,0,311,0,0,311,1,0,0,0,0,0,0,0,0,0,0,0,0,0,0,0,0,0,0,0,0,0,0,0,0,0,0,0,0,0,0,0,0,0,0,0,0,0
"247","US1INLK0008","HAMMOND 3.0 SW, IN US","(41.5865,-87.5243)",41.5865,-87.5243,185.9,2217,2006-09-08,2013-01-11,0,0,0,0,0,0,0,0,0,0,2216,0,0,1873,826,0,0,0,0,0,0,0,0,0,1,2,0,0,0,0,0,0,0,0,0,0,0,0,0,0,0,0,0,0,0,0,0,0,0,0,0,0
"248","US1INLK0015","DYER 1.0 WNW, IN US","(41.5067,-87.5248)",41.5067,-87.5248,192,3941,2007-08-18,2018-12-30,0,0,0,0,0,0,0,0,0,0,3931,0,0,3141,1591,0,0,0,0,0,0,0,0,0,94,1008,0,0,0,0,0,0,0,0,0,0,0,0,0,0,0,0,0,0,0,0,0,0,0,0,0,0
"249","US1INLK0018","HIGHLAND 1.1 S, IN US","(41.5336,-87.4552)",41.5336,-87.4552,189.9,870,2007-03-28,2015-09-19,0,0,0,0,0,0,0,0,0,0,870,0,0,706,5,0,0,0,0,0,0,0,0,0,0,4,0,0,0,0,0,0,0,0,0,0,0,0,0,0,0,0,0,0,0,0,0,0,0,0,0,0
"250","US1INLK0019","SCHERERVILLE 2.0 WSW, IN US","(41.4761,-87.4819)",41.4761,-87.4819,203.9,2154,2007-04-22,2014-01-09,0,0,0,0,0,0,0,0,0,0,1938,0,0,1708,417,0,0,0,0,0,0,0,0,0,3,2,0,0,0,0,0,0,0,0,0,0,0,0,0,0,0,0,0,0,0,0,0,0,0,0,0,0
"251","US1INLK0025","MUNSTER 0.8 SSE, IN US","(41.5356,-87.4989)",41.5356,-87.4989,187.1,1899,2007-05-25,2015-01-19,0,0,0,0,0,0,0,0,0,0,1899,0,0,1504,407,0,0,0,0,0,0,0,0,0,1,0,0,0,0,0,0,0,0,0,0,0,0,0,0,0,0,0,0,0,0,0,0,0,0,0,0,0
"252","US1INLK0027","SCHERERVILLE 0.6 SSW, IN US","(41.4811,-87.4529)",41.4811,-87.4529,206,747,2007-07-10,2014-08-23,0,0,0,0,0,0,0,0,0,0,747,0,0,571,0,0,0,0,0,0,0,0,0,0,0,0,0,0,0,0,0,0,0,0,0,0,0,0,0,0,0,0,0,0,0,0,0,0,0,0,0,0
"253","US1INLK0029","CROWN POINT 3.1 WSW, IN US","(41.4125,-87.4157)",41.4125,-87.4157,218.5,486,2008-02-06,2011-12-09,0,0,0,0,0,0,0,0,0,0,485,0,0,395,30,0,0,0,0,0,0,0,0,0,3,4,0,0,0,0,0,0,0,0,0,0,0,0,0,0,0,0,0,0,0,0,0,0,0,0,0,0
"254","US1INLK0031","MERRILLVILLE 0.8 NNW, IN US","(41.4826,-87.3325)",41.4826,-87.3325,200.9,500,2008-03-04,2011-04-24,0,0,0,0,0,0,0,0,0,0,500,0,0,364,0,0,0,0,0,0,0,0,0,0,0,0,0,0,0,0,0,0,0,0,0,0,0,0,0,0,0,0,0,0,0,0,0,0,0,0,0,0
"255","US1INLK0033","MERRILLVILLE 1.6 ESE, IN US","(41.4621,-87.2968)",41.4621,-87.2968,216.7,2377,2008-07-08,2017-07-23,0,0,0,0,0,0,0,0,0,0,2377,0,0,1410,9,0,0,0,0,0,0,0,0,0,0,0,0,0,0,0,0,0,0,0,0,0,0,0,0,0,0,0,0,0,0,0,0,0,0,0,0,0
"256","US1INLK0034","HOBART 1.2 SSW, IN US","(41.515,-87.2706)",41.515,-87.2706,190.5,491,2012-07-13,2016-10-16,0,0,0,0,0,0,0,0,0,0,491,0,0,267,0,0,0,0,0,0,0,0,0,0,1,0,0,0,0,0,0,0,0,0,0,0,0,0,0,0,0,0,0,0,0,0,0,0,0,0,0,0
"257","US1INLK0035","ST. JOHN 1.9 ENE, IN US","(41.4559,-87.4412)",41.4559,-87.4412,221.9,1127,2008-06-26,2015-02-06,0,0,0,0,0,0,0,0,0,0,1126,0,0,830,0,0,0,0,0,0,0,0,0,0,0,0,0,0,0,0,0,0,0,0,0,0,0,0,0,0,0,0,0,0,0,0,0,0,0,0,0,0
"258","US1INLK0037","SCHERERVILLE 2.3 E, IN US","(41.4928,-87.4049)",41.4928,-87.4049,195.4,717,2008-09-09,2012-05-21,0,0,0,0,0,0,0,0,0,0,717,0,0,353,0,0,0,0,0,0,0,0,0,0,0,0,0,0,0,0,0,0,0,0,0,0,0,0,0,0,0,0,0,0,0,0,0,0,0,0,0,0
"259","US1INLK0040","GARY 4.1 SSW, IN US","(41.5448,-87.3848)",41.5448,-87.3848,191.7,1823,2009-05-03,2018-03-28,0,0,0,0,0,0,0,0,0,0,1823,0,0,1179,0,0,0,0,0,0,0,0,0,0,0,0,0,0,0,0,0,0,0,0,0,0,0,0,0,0,0,0,0,0,0,0,0,0,0,0,0,0
"260","US1INLK0042","HIGHLAND 1.2 N, IN US","(41.5659,-87.4616)",41.5659,-87.4616,181.7,518,2009-10-01,2011-07-29,0,0,0,0,0,0,0,0,0,0,517,0,0,357,2,0,0,0,0,0,0,0,0,0,1,0,0,0,0,0,0,0,0,0,0,0,0,0,0,0,0,0,0,0,0,0,0,0,0,0,0,0
"261","US1INLK0045","MERRILLVILLE 3.0 NW, IN US","(41.5038,-87.3649)",41.5038,-87.3649,191.1,404,2009-11-24,2012-02-09,0,0,0,0,0,0,0,0,0,0,404,0,0,252,52,0,0,0,0,0,0,0,0,0,1,3,0,0,0,0,0,0,0,0,0,0,0,0,0,0,0,0,0,0,0,0,0,0,0,0,0,0
"262","US1INLK0046","ST. JOHN 0.2 WSW, IN US","(41.4463,-87.4802)",41.4463,-87.4802,213.4,3148,2010-01-01,2018-11-26,0,0,0,0,0,0,0,0,0,0,3147,0,0,3053,1266,0,0,0,0,0,0,0,0,0,23,13,0,0,0,0,0,0,0,0,0,0,0,0,0,0,0,0,0,0,0,0,0,0,0,0,0,0
"263","US1INLK0049","HIGHLAND 1.0 ESE, IN US","(41.5423,-87.4397)",41.5423,-87.4397,187.1,1194,2009-11-28,2014-02-28,0,0,0,0,0,0,0,0,0,0,1194,0,0,773,74,0,0,0,0,0,0,0,0,0,1,7,0,0,0,0,0,0,0,0,0,0,0,0,0,0,0,0,0,0,0,0,0,0,0,0,0,0
"264","US1INLK0050","HOBART 1.6 E, IN US","(41.5351,-87.2362)",41.5351,-87.2362,190.2,966,2009-12-04,2018-12-29,0,0,0,0,0,0,0,0,0,0,966,0,0,293,186,0,0,0,0,0,0,0,0,0,0,2,0,0,0,0,0,0,0,0,0,0,0,0,0,0,0,0,0,0,0,0,0,0,0,0,0,0
"265","US1INLK0057","WV90 HOBART 1.3 ENE, IN US","(41.5405,-87.246)",41.5405,-87.246,191.7,966,2012-01-16,2016-09-20,0,0,0,0,0,0,0,0,0,0,957,0,0,584,85,0,0,0,0,0,0,0,0,0,1,15,0,0,0,0,0,0,0,0,0,0,0,0,0,0,0,0,0,0,0,0,0,0,0,0,0,0
"266","US1INLK0058","KB9UUO NEW CHICAGO 0.6 SSE, IN US","(41.5514,-87.267)",41.5514,-87.267,192.6,143,2012-01-25,2016-07-29,0,0,0,0,0,0,0,0,0,0,143,0,0,89,2,0,0,0,0,0,0,0,0,0,0,0,0,0,0,0,0,0,0,0,0,0,0,0,0,0,0,0,0,0,0,0,0,0,0,0,0,0
"267","US1INLK0059","W9MAL MERRILLVILLE 2.0 NNW, IN US","(41.4955,-87.3461)",41.4955,-87.3461,192.6,1703,2012-01-15,2018-12-29,0,0,0,0,0,0,0,0,0,0,1700,0,0,1039,281,0,0,0,0,0,0,0,0,0,3,20,0,0,0,0,0,0,0,0,0,0,0,0,0,0,0,0,0,0,0,0,0,0,0,0,0,0
"268","US1INLK0063","GARY 4.8 ENE, IN US","(41.617,-87.2546)",41.617,-87.2546,186.5,1945,2013-03-20,2018-12-30,0,0,0,0,0,0,0,0,0,0,1944,0,0,1436,125,0,0,0,0,0,0,0,0,0,0,0,0,0,0,0,0,0,0,0,0,0,0,0,0,0,0,0,0,0,0,0,0,0,0,0,0,0
"269","US1INLK0067","SCHERERVILLE 1.1 E, IN US","(41.4893,-87.4275)",41.4893,-87.4275,196.6,1649,2013-08-02,2018-12-30,0,0,0,0,0,0,0,0,0,0,1649,0,0,1061,0,0,0,0,0,0,0,0,0,0,0,0,0,0,0,0,0,0,0,0,0,0,0,0,0,0,0,0,0,0,0,0,0,0,0,0,0,0
"270","US1INLK0068","HOBART 0.7 NNW, IN US","(41.5417,-87.2715)",41.5417,-87.2715,195.7,1412,2013-07-20,2018-07-27,0,0,0,0,0,0,0,0,0,0,1411,0,0,989,247,0,0,0,0,0,0,0,0,0,245,244,0,0,0,0,0,0,0,0,0,0,0,0,0,0,0,0,0,0,0,0,0,0,0,0,0,0
"271","US1INLK0070","SCHERERVILLE 2.1 ESE, IN US","(41.4738,-87.4139)",41.4738,-87.4139,207.9,115,2013-07-28,2016-08-16,0,0,0,0,0,0,0,0,0,0,115,0,0,26,0,0,0,0,0,0,0,0,0,0,0,0,0,0,0,0,0,0,0,0,0,0,0,0,0,0,0,0,0,0,0,0,0,0,0,0,0,0
"272","US1INLK0071","HIGHLAND 1.0 NW, IN US","(41.5587,-87.4734)",41.5587,-87.4734,186.8,109,2013-08-30,2013-12-30,0,0,0,0,0,0,0,0,0,0,109,0,0,82,2,0,0,0,0,0,0,0,0,0,0,1,0,0,0,0,0,0,0,0,0,0,0,0,0,0,0,0,0,0,0,0,0,0,0,0,0,0
"273","US1INLK0078","SCHERERVILLE 1.4 E, IN US","(41.4853,-87.4215)",41.4853,-87.4215,200.3,1375,2014-05-16,2018-12-19,0,0,0,0,0,0,0,0,0,0,1375,0,0,976,8,0,0,0,0,0,0,0,0,0,0,2,0,0,0,0,0,0,0,0,0,0,0,0,0,0,0,0,0,0,0,0,0,0,0,0,0,0
"274","US1INLK0079","HIGHLAND 0.7 ESE, IN US","(41.5435,-87.4459)",41.5435,-87.4459,187.5,976,2014-08-31,2018-05-31,0,0,0,0,0,0,0,0,0,0,976,0,0,1,0,0,0,0,0,0,0,0,0,0,0,0,0,0,0,0,0,0,0,0,0,0,0,0,0,0,0,0,0,0,0,0,0,0,0,0,0,0
"275","US1INLK0088","HOBART 1.0 E, IN US","(41.5334,-87.2491)",41.5334,-87.2491,189.3,455,2016-04-25,2018-06-16,0,0,0,0,0,0,0,0,0,0,455,0,0,23,1,0,0,0,0,0,0,0,0,0,0,0,0,0,0,0,0,0,0,0,0,0,0,0,0,0,0,0,0,0,0,0,0,0,0,0,0,0
"276","US1INLK0089","HAMMOND 0.6 SSW, IN US","(41.6121,-87.4941)",41.6121,-87.4941,180.1,744,2016-05-01,2018-12-25,0,0,0,0,0,0,0,0,0,0,744,0,0,13,0,0,0,0,0,0,0,0,0,0,0,0,0,0,0,0,0,0,0,0,0,0,0,0,0,0,0,0,0,0,0,0,0,0,0,0,0,0
"277","US1INLK0090","HAMMOND 3.4 ESE, IN US","(41.5967,-87.4334)",41.5967,-87.4334,182,129,2017-09-05,2018-11-06,0,0,0,0,0,0,0,0,0,0,129,0,0,0,0,0,0,0,0,0,0,0,0,0,0,0,0,0,0,0,0,0,0,0,0,0,0,0,0,0,0,0,0,0,0,0,0,0,0,0,0,0
"278","US1INLK0091","MUNSTER 1.5 NNW, IN US","(41.568,-87.5107)",41.568,-87.5107,182,648,2016-09-13,2018-12-29,0,0,0,0,0,0,0,0,0,0,632,0,0,76,58,0,0,0,0,0,0,0,0,0,21,25,0,0,0,0,0,0,0,0,0,0,0,0,0,0,0,0,0,0,0,0,0,0,0,0,0,0
"279","US1INLK0094","GRIFFITH 1.2 N, IN US","(41.5394,-87.4258)",41.5394,-87.4258,188.1,360,2017-04-21,2018-11-07,0,0,0,0,0,0,0,0,0,0,360,0,0,0,0,0,0,0,0,0,0,0,0,0,0,0,0,0,0,0,0,0,0,0,0,0,0,0,0,0,0,0,0,0,0,0,0,0,0,0,0,0
"280","US1INLK0096","KA9GKT GARY 3.8 SSE, IN US","(41.5417,-87.327)",41.5417,-87.327,0,268,2018-01-04,2018-12-29,0,0,0,0,0,0,0,0,0,0,268,0,0,178,51,0,0,0,0,0,0,0,0,0,0,0,0,0,0,0,0,0,0,0,0,0,0,0,0,0,0,0,0,0,0,0,0,0,0,0,0,0
"281","US1INLK0099","ST. JOHN 2.8 SE, IN US","(41.4152,-87.4436)",41.4152,-87.4436,223.1,230,2018-05-15,2018-12-30,0,0,0,0,0,0,0,0,0,0,230,0,0,157,0,0,0,0,0,0,0,0,0,0,0,0,0,0,0,0,0,0,0,0,0,0,0,0,0,0,0,0,0,0,0,0,0,0,0,0,0,0
"282","US1INPT0032","PORTAGE 0.9 ESE, IN US","(41.5825,-87.1656)",41.5825,-87.1656,196.9,3774,2006-09-06,2018-12-10,0,0,0,0,0,0,0,0,0,0,3772,0,0,2923,1374,0,0,0,0,0,0,0,0,0,2,2,0,0,0,0,0,0,0,0,0,0,0,0,0,0,0,0,0,0,0,0,0,0,0,0,0,0
"283","US1INPT0051","PORTAGE 0.8 SW, IN US","(41.5792,-87.1938)",41.5792,-87.1938,198.1,340,2006-12-10,2008-11-03,0,0,0,0,0,0,0,0,0,0,340,0,0,340,0,0,0,0,0,0,0,0,0,0,0,1,0,0,0,0,0,0,0,0,0,0,0,0,0,0,0,0,0,0,0,0,0,0,0,0,0,0
"284","US1INPT0059","OGDEN DUNES 0.6 NE, IN US","(41.6276,-87.1843)",41.6276,-87.1843,189,107,2007-04-29,2008-04-16,0,0,0,0,0,0,0,0,0,0,106,0,0,107,1,0,0,0,0,0,0,0,0,0,0,0,0,0,0,0,0,0,0,0,0,0,0,0,0,0,0,0,0,0,0,0,0,0,0,0,0,0
"285","USC00111497","CHICAGO BOTANIC GARDEN, IL US","(42.13987,-87.78537)",42.13987,-87.78537,192,4744,2006-01-01,2018-12-31,0,0,0,2145,0,1,0,2181,2166,0,4722,4664,4664,4437,4436,4665,4664,0,4737,4736,4734,0,0,2236,546,0,0,0,0,225,0,179,9,8,46,0,0,0,0,8,0,0,0,0,0,0,0,0,0,0,0,4733
"286","USC00111550","CHICAGO NORTHERLY ISLAND, IL US","(41.8558,-87.6094)",41.8558,-87.6094,177.7,4708,2006-01-01,2018-12-30,0,0,0,0,0,0,0,0,0,0,0,0,0,0,0,0,0,0,4699,4690,4703,0,0,0,0,0,0,0,0,0,0,0,0,0,0,0,0,0,0,0,0,0,0,0,0,0,0,0,0,0,0,4689
"287","USC00111577","CHICAGO MIDWAY AIRPORT 3 SW, IL US","(41.7372,-87.7775)",41.7372,-87.7775,189,4747,2006-01-01,2018-12-30,0,0,0,0,0,0,0,0,0,0,4737,0,0,4624,4619,0,0,0,4743,4742,4747,0,0,0,13,0,0,0,0,831,0,561,59,17,56,0,0,0,0,41,0,0,0,0,0,0,0,0,0,0,0,4740
"288","USC00113490","GLEN ELLYN 4 S, IL US","(41.8266,-88.058)",41.8266,-88.058,208.8,4692,2006-01-01,2018-12-30,0,16,1,0,0,18,2,0,0,0,4665,0,0,3322,3328,0,0,0,0,0,0,0,0,0,15,0,0,0,0,137,0,332,42,15,33,0,0,0,0,3,0,0,0,0,0,0,0,0,0,0,0,0
"289","USC00114816","LA GRANGE, IL US","(41.79528,-87.87083)",41.79528,-87.87083,200.9,2716,2006-01-01,2013-07-05,0,0,0,0,0,0,0,0,0,0,2709,0,0,2713,2710,0,0,0,0,0,0,0,0,0,73,0,0,0,0,94,0,275,29,2,17,0,0,0,0,17,0,0,0,0,0,0,0,0,0,0,0,0
"290","USC00114890","LANSING, IL US","(41.5422,-87.5416)",41.5422,-87.5416,189,4518,2006-01-01,2018-12-30,0,9,0,0,0,11,1,0,0,0,4365,0,0,4515,4507,0,0,0,0,0,0,0,0,0,1,0,0,0,0,3,0,0,1,0,1,0,0,0,0,0,0,0,0,0,0,0,0,0,0,0,0,0
"291","USC00115097","LISLE MORTON ARBORETUM, IL US","(41.8127,-88.0727)",41.8127,-88.0727,207.3,4264,2007-04-01,2018-12-29,0,19,0,0,0,20,0,0,0,0,4216,0,0,4249,4247,0,0,0,4195,4195,4191,0,0,0,39,0,0,0,0,7,0,1,1,0,0,0,0,0,0,1,0,0,0,0,0,0,0,0,0,0,0,4170
"292","USC00115110","LITTLE RED SCHOOL HOUSE, IL US","(41.7091,-87.8761)",41.7091,-87.8761,217.9,4678,2006-01-01,2018-12-30,0,5,0,0,0,5,0,0,0,0,4662,0,0,4209,4206,0,0,0,2148,2154,2155,0,0,0,0,0,0,0,0,0,0,0,0,0,0,0,0,0,0,0,0,0,0,0,0,0,0,0,0,0,0,2147
"293","USC00115314","MANHATTAN 5 NE, IL US","(41.45886,-87.91044)",41.45886,-87.91044,228,3186,2010-01-01,2018-12-31,0,8,0,0,0,8,0,0,0,0,3176,0,0,3066,2712,0,0,0,0,0,0,0,0,0,197,54,0,0,0,0,0,0,0,2,0,0,0,0,0,0,0,0,0,0,0,0,0,0,0,0,0,0
"294","USC00115763","MONEE RESERVOIR, IL US","(41.39355,-87.76438)",41.39355,-87.76438,225.6,4391,2006-01-01,2018-12-27,0,109,0,0,0,150,1,0,0,0,4108,0,0,3229,3206,0,0,0,0,0,0,0,0,0,4,0,0,0,0,220,0,240,27,11,19,0,0,0,0,22,0,0,0,0,0,0,0,0,0,0,0,0
"295","USC00116281","OAK BROOK 2 W, IL US","(41.8422,-87.973)",41.8422,-87.973,217.9,3072,2006-01-01,2014-05-31,0,0,0,0,0,0,0,0,0,0,3072,0,0,3071,3071,0,0,0,0,0,0,0,0,0,27,0,0,0,0,713,0,265,46,24,106,0,0,0,0,17,0,0,0,0,0,0,0,0,0,0,0,0
"296","USC00116616","PARK FOREST, IL US","(41.4947,-87.6802)",41.4947,-87.6802,216.4,4597,2006-01-01,2018-12-31,0,4,0,0,0,20,7,0,0,0,4550,0,0,4117,4099,0,0,0,4525,4542,4543,0,0,0,0,0,0,0,0,76,0,100,10,6,11,0,0,0,0,24,0,0,0,0,0,0,0,0,0,0,0,4522
"297","USC00117457","ROMEOVILLE WEATHER FORECAST OFFICE, IL US","(41.60413,-88.08497)",41.60413,-88.08497,201.2,4748,2006-01-01,2018-12-31,0,0,0,0,0,0,0,0,0,0,4735,0,0,4741,4745,0,0,0,4748,4748,4744,0,0,0,0,0,0,0,0,200,0,245,27,18,19,0,0,0,0,4,0,0,0,0,0,0,0,0,0,0,0,4748
"298","USC00118324","STREAMWOOD, IL US","(42.02556,-88.17833)",42.02556,-88.17833,249.6,2116,2006-01-01,2011-11-27,0,0,0,0,0,1,0,0,0,0,2113,324,324,2115,2110,324,324,0,2103,2101,2106,0,0,0,35,0,0,0,322,328,0,169,10,4,21,0,0,0,0,9,0,0,0,0,0,0,0,0,0,324,324,2098
"299","USC00119221","WHEATON 3 SE, IL US","(41.8127,-88.0727)",41.8127,-88.0727,207.3,424,2006-01-01,2007-02-28,0,0,0,0,0,0,0,0,0,0,424,0,0,424,424,0,0,0,424,424,424,0,0,0,0,0,0,0,0,0,0,1,0,1,0,0,0,0,0,0,0,0,0,0,0,0,0,0,0,0,0,424
"300","USC00121940","CROWN POINT 1 N, IN US","(41.4388,-87.3545)",41.4388,-87.3545,212.1,4700,2006-01-01,2018-12-30,0,8,0,0,0,8,0,0,0,0,4694,0,0,3837,3120,0,0,0,0,0,0,0,0,0,103,144,0,0,0,27,0,52,2,0,3,0,0,0,0,2,0,0,0,0,0,0,0,0,0,0,0,0
"301","USW00004838","CHICAGO PALWAUKEE AIRPORT, IL US","(42.12083,-87.90472)",42.12083,-87.90472,193.9,4714,2006-01-01,2018-12-29,4697,0,0,0,0,0,0,0,0,4714,4694,0,0,0,0,0,0,0,4709,4709,0,4714,4714,0,0,0,4714,4714,0,1493,152,377,0,1,0,0,1120,0,0,0,0,0,0,0,0,0,0,0,0,0,0,4709
"302","USW00014819","CHICAGO MIDWAY AIRPORT, IL US","(41.78611,-87.75222)",41.78611,-87.75222,186.5,4714,2006-01-01,2018-12-29,4707,0,0,0,0,0,0,0,0,4713,4709,0,0,97,97,0,0,0,4714,4714,0,4713,4713,0,0,0,4713,4713,0,1313,86,384,0,8,0,0,904,0,1,0,0,0,0,0,0,0,0,0,0,0,0,4714
"303","USW00094846","CHICAGO OHARE INTERNATIONAL AIRPORT, IL US","(41.995,-87.9336)",41.995,-87.9336,201.8,4747,2006-01-01,2018-12-30,4747,0,0,0,2099,0,0,0,0,2083,4747,0,0,4747,4747,0,0,2100,4747,4747,0,4747,4725,0,1826,0,4747,4725,0,1852,147,508,86,338,36,85,1040,61,0,15,869,220,8,1122,14,445,2,7,39,0,0,4747
