"trap.name","rev.lat","rev.lng","lat.lng.src","satellite.ind","ZCTA5CE10","STATEFP","COUNTYFP","TRACTCE","BLKGRPCE","BlkGrp.geoid","community","zone_class","zone_type","Tract.geoid","LT_HS_pct__BlkGrp2017","median_HHInc__BlkGrp2017","LT_Pov_pct__BlkGrp2017","LT_HS_pct__Tract2017","median_HHInc__Tract2017","LT_Pov_pct__Tract2017"
"T220A","41.987053811133364","-87.72839753205471","CDPH",TRUE,60646,17,31,130100,2,170311301002,"NORTH PARK","PD 184","5",17031130100,14.042553191,19129,21.571815718,12.078947368,40503,13.803259376
"T001","41.95428245627087","-87.73384287546776","CDPH",FALSE,60641,17,31,160300,2,170311603002,"IRVING PARK","RS-3","4",17031160300,4.1294642857,40156,30.614035088,5.8671824629,51511,13.184747583
"T002","41.956298856118664","-87.79751744482932","CDPH",FALSE,60634,17,31,170100,1,170311701001,"DUNNING","RS-2","4",17031170100,17.420954743,39643,16.029143898,17.420954743,39643,16.029143898
"T002A","41.96541422491698","-87.78211888530257","CDPH",TRUE,60630,17,31,150501,1,170311505011,"PORTAGE PARK","POS-1","12",17031150501,14.484272129,59659,3.9445628998,11.493860846,65893,6.4691358025
"T002B","41.95153532245593","-87.78983526326694","CDPH",TRUE,60634,17,31,170300,1,170311703001,"DUNNING","RS-2","4",17031170300,20,41042,8.9861751152,10.913500404,59554,11.892187215
"T002B.2","41.95526934295725","-87.79704765429102","CDPH",TRUE,60634,17,31,170100,1,170311701001,"DUNNING","RS-2","4",17031170100,17.420954743,39643,16.029143898,17.420954743,39643,16.029143898
"T003","41.96537485879688","-87.75841171521544","CDPH",FALSE,60630,17,31,150300,1,170311503001,"PORTAGE PARK","B3-2","1",17031150300,4.1405269762,74732,2.3969319271,9.105459719,74106,13.191802675
"T004","41.96261560968403","-87.7510352655956","CDPH",FALSE,60630,17,31,150200,2,170311502002,"PORTAGE PARK","RS-3","4",17031150200,8.1274900398,67727,6.5753424658,10.319112036,64545,14.281997919
"T005","41.941990512833925","-87.7772314719966","CDPH",FALSE,60634,17,31,171100,2,170311711002,"DUNNING","RS-2","4",17031171100,10.682819383,62216,19.920634921,12.14988645,65952,10.321400575
"T006","41.99023372978676","-87.79721987927368","CDPH",FALSE,60631,17,31,100300,3,170311003003,"NORWOOD PARK","RS-1","4",17031100300,3.984063745,81555,0,7.5776397516,73558,5.5657696808
"T007","41.99549241934282","-87.76960894532459","CDPH",FALSE,60646,17,31,120100,3,170311201003,"FOREST GLEN","POS-1","12",17031120100,4.834605598,84073,3.6121673004,2.1681247623,124338,2.7443805541
"T008","42.007997503125345","-87.77823496507851","CDPH",FALSE,60646,17,31,120100,1,170311201001,"FOREST GLEN","RS-3","4",17031120100,1.4176663032,109306,5.250965251,2.1681247623,124338,2.7443805541
"T009","41.988586396324166","-87.85447335120561","CDPH",FALSE,60631,17,31,760801,1,170317608011,"OHARE","RS-1","4",17031760801,6.4036885246,62008,12.974296206,4.846779237,55500,10.970149254
"T009B","41.987851062637546","-87.84726704946752","CDPH",TRUE,60631,17,31,760801,1,170317608011,"OHARE","POS-1","12",17031760801,6.4036885246,62008,12.974296206,4.846779237,55500,10.970149254
"T011","41.94596109447193","-87.83294247349616","CDPH",FALSE,60634,17,31,170500,4,170311705004,"DUNNING","RS-2","4",17031170500,15.044247788,75843,2.1588280648,6.9525501142,78650,6.0138081395
"T012","41.99356436155678","-87.74542038704298","CDPH",FALSE,60646,17,31,120300,6,170311203006,"FOREST GLEN","RS-1","4",17031120300,1.7372421281,155106,2.6079869601,2.8823900694,121793,3.855963991
"T013","41.92388736426867","-87.77890991205359","CDPH",FALSE,60639,17,31,190601,2,170311906012,"BELMONT CRAGIN","POS-1","12",17031190601,38.998682477,53977,20.925110132,27.875958653,50781,19.475948377
"T014","41.97010241075843","-87.78913064533572","CDPH",FALSE,60656,17,31,100700,1,170311007001,"NORWOOD PARK","RS-2","4",17031100700,11.515151515,110781,3.3444816054,6.4210241127,77324,4.2485732403
"T015","41.97418287382103","-87.82524093078898","CDPH",FALSE,60656,17,31,100500,5,170311005005,"NORWOOD PARK","RS-2","4",17031100500,3.5010940919,101101,7.5801749271,8.837928369,82865,4.9787940254
"T016","42.01302927467806","-87.8113497315539","CDPH",FALSE,60631,17,31,90100,2,170310901002,"EDISON PARK","RS-2","4",17031090100,1.6447368421,127250,0,8.4094368341,94375,2.9510961214
"T017","41.96201463828783","-87.64684772570871","CDPH",FALSE,60640,17,31,31400,6,170310314006,"UPTOWN","POS-1","12",17031031400,4.9543676662,83625,7.9365079365,4.1807909605,68899,9.5086827615
"T018","42.01052928915475","-87.6608450688439","CDPH",FALSE,60626,17,31,10400,2,170310104002,"ROGERS PARK","POS-1","12",17031010400,0,46333,21.193415638,1.9721577726,39634,18.75957121
"T019","41.95166715027478","-87.69802789049841","CDPH",FALSE,60618,17,31,160700,1,170311607001,"IRVING PARK","POS-1","12",17031160700,15.959252971,NA,4.5380875203,17.5414089,65281,16.403785489
"T025","41.97904992373381","-87.7517739651728","CDPH",FALSE,60630,17,31,120400,1,170311204001,"FOREST GLEN","RS-2","4",17031120400,2.5875190259,124250,2.5613660619,12.173913043,82167,7.4993256002
"T027","41.986319851449004","-87.72837845617912","CDPH",FALSE,60646,17,31,130100,2,170311301002,"NORTH PARK","PD 184","5",17031130100,14.042553191,19129,21.571815718,12.078947368,40503,13.803259376
"T028","41.98724460846669","-87.68941677018957","CDPH",FALSE,60625,17,31,40100,1,170310401001,"LINCOLN SQUARE","POS-1","12",17031040100,13.594040968,84667,3.1954887218,10.892432983,79688,10.048886475
"T028B","41.98746989952812","-87.68942307457057","CDPH",TRUE,60625,17,31,40100,1,170310401001,"LINCOLN SQUARE","POS-1","12",17031040100,13.594040968,84667,3.1954887218,10.892432983,79688,10.048886475
"T030","41.8837717767951","-87.71616836510131","CDPH",FALSE,60624,17,31,836800,1,170318368001,"EAST GARFIELD PARK","POS-1","12",17031836800,25.053078556,21321,45.677419355,30.399408284,12696,59.665763324
"T030B","41.88371129460932","-87.71609209177537","CDPH",TRUE,60624,17,31,836800,1,170318368001,"EAST GARFIELD PARK","POS-1","12",17031836800,25.053078556,21321,45.677419355,30.399408284,12696,59.665763324
"T167","41.87287286249572","-87.7647365320396","CDPH",FALSE,60644,17,31,252101,1,170312521011,"AUSTIN","POS-1","12",17031252101,15.417558887,21339,33.674214755,15.417558887,21339,33.674214755
"T033","41.90728487283588","-87.701394636759","CDPH",FALSE,60622,17,31,240900,1,170312409001,"WEST TOWN","POS-1","12",17031240900,19.899874844,39219,28.472906404,19.899874844,39219,28.472906404
"T034","41.841684180933214","-87.6851487363558","CDPH",FALSE,60608,17,31,841300,4,170318413004,"LOWER WEST SIDE","PMD 11","6",17031841300,42.830540037,40938,22.375397667,34.077155825,48750,22.103960396
"T035","41.76337092198238","-87.6378726141474","CDPH",FALSE,60621,17,31,681300,2,170316813002,"ENGLEWOOD","POS-1","12",17031681300,28.69379015,23452,49.5215311,23.414252153,25735,40.516129032
"T035.2","41.8366302","-87.6777392","Google",FALSE,60608,17,31,840300,2,170318403002,"MCKINLEY PARK","PMD 11","6",17031840300,14.6374829,52333,19.442022668,28.932261768,48056,18.472652219
"T036","41.83691188857033","-87.73157890270961","CDPH",FALSE,60623,17,31,301803,3,170313018033,"SOUTH LAWNDALE","C1-2","2",17031301803,53.167701863,38966,19.465387252,49.645618557,35960,24.936432982
"T037","41.92105391439082","-87.79575070133757","CDPH",FALSE,60707,17,31,831600,4,170318316004,"MONTCLARE","POS-1","12",17031831600,31.897341888,22714,19.67611336,27.489711934,42077,13.506733562
"T039","41.91356758228873","-87.72630030176042","CDPH",FALSE,60647,17,31,230400,2,170312304002,"HUMBOLDT PARK","B3-1","1",17031230400,47.42014742,57625,20.423728814,37.554314091,56250,17.081400253
"T040","41.8517688927757","-87.7197282029539","CDPH",FALSE,60623,17,31,841400,2,170318414002,"NORTH LAWNDALE","RT-4","4",17031841400,20.943952802,29773,21.74796748,17.837837838,29338,39.024390244
"T043","41.857837293807705","-87.63586198559554","CDPH",FALSE,60616,17,31,841900,2,170318419002,"NEAR WEST SIDE","PMD 11","6",17031841900,9.4136632598,114718,19.136571191,5.9396299903,113882,13.424072591
"T044","41.88419958545182","-87.62008664669412","CDPH",FALSE,60601,17,31,320100,1,170313201001,"LOOP","PD 677","5",17031320100,0,102909,2.3359670216,0.4099854227,116587,7.4259391629
"T045","41.92170457422864","-87.66696323469388","CDPH",FALSE,60614,17,31,832500,1,170318325001,"LINCOLN PARK","PD 1031","5",17031832500,9.1733870968,91094,24.544270833,7.2273324573,116935,14.569125852
"T046","41.89221998323666","-87.69169772868295","CDPH",FALSE,60612,17,31,836700,2,170318367002,"HUMBOLDT PARK","PMD 4","6",17031836700,16.47634584,38232,34.36928702,19.267399267,24946,36.944937833
"T046B","41.891454520945864","-87.68976265642561","CDPH",TRUE,60612,17,31,242800,1,170312428001,"WEST TOWN","PMD 4","6",17031242800,7.5317604356,80679,9.2028515878,7.5317604356,80679,9.2028515878
"T047","41.86759925367238","-87.69578544257037","CDPH",FALSE,60612,17,31,843300,1,170318433001,"NORTH LAWNDALE","PD 872","5",17031843300,28.335832084,47829,45.904855321,28.335832084,47829,45.904855321
"T048","41.86691518161014","-87.65491884363057","CDPH",FALSE,60608,17,31,283800,1,170312838001,"NEAR WEST SIDE","PD 896","5",17031283800,16.666666667,32279,15.873015873,13.115968877,62548,20.93385214
"T049","41.896131092623506","-87.65676212387862","CDPH",FALSE,60642,17,31,243500,2,170312435002,"WEST TOWN","C1-3","2",17031243500,1.8918918919,126563,1.6393442623,1.720912832,101375,6.7422617223
"T050","41.91987893556831","-87.69490181540546","CDPH",FALSE,60647,17,31,221400,3,170312214003,"LOGAN SQUARE","RS-3","4",17031221400,11.189516129,68413,9.3582887701,10.013844024,70313,10.335833062
"T051","41.84552947711851","-87.65605013531362","CDPH",FALSE,60608,17,31,600600,2,170316006002,"BRIDGEPORT","RS-3","4",17031600600,35.12605042,33667,10.714285714,34.014962594,34069,26.403743316
"T054","41.922512376871495","-87.63237767042544","CDPH",FALSE,60614,17,31,71400,2,170310714002,"LINCOLN PARK","POS-1","12",17031071400,3.3512064343,77540,23.195266272,3.1936637711,71701,18.572331017
"T054A","41.92273664946568","-87.63244996720142","CDPH",TRUE,60614,17,31,71400,2,170310714002,"LINCOLN PARK","POS-1","12",17031071400,3.3512064343,77540,23.195266272,3.1936637711,71701,18.572331017
"T054B","41.92206380002785","-87.63223305992274","CDPH",TRUE,60614,17,31,71400,2,170310714002,"LINCOLN PARK","POS-1","12",17031071400,3.3512064343,77540,23.195266272,3.1936637711,71701,18.572331017
"T054C","41.921776903428494","-87.63214045192028","CDPH",TRUE,60614,17,31,71400,2,170310714002,"LINCOLN PARK","POS-1","12",17031071400,3.3512064343,77540,23.195266272,3.1936637711,71701,18.572331017
"T060","41.8231277055702","-87.6825290369968","CDPH",FALSE,60609,17,31,590500,1,170315905001,"MCKINLEY PARK","POS-1","12",17031590500,18.085969181,55667,26.521496371,18.085969181,55667,26.521496371
"T061","41.80104785720396","-87.68042473369341","CDPH",FALSE,60609,17,31,630100,1,170316301001,"GAGE PARK","RS-3","4",17031630100,24.46183953,31016,15.101070155,24.46183953,31016,15.101070155
"T062","41.8005970872007","-87.7117303452467","CDPH",FALSE,60632,17,31,630300,2,170316303002,"GAGE PARK","PD 545","5",17031630300,36.836734694,48786,8.8461538462,35.055821372,50051,9.4570298454
"T063","41.82539825646484","-87.72396213667864","CDPH",FALSE,60623,17,31,830500,3,170318305003,"SOUTH LAWNDALE","M3-3","3",17031830500,41.471215352,35403,27.636152955,52.122370937,39602,30.595611285
"T063B","41.82606534071734","-87.72397609269235","CDPH",TRUE,60623,17,31,830500,3,170318305003,"SOUTH LAWNDALE","M3-3","3",17031830500,41.471215352,35403,27.636152955,52.122370937,39602,30.595611285
"T065","41.77830515554422","-87.75436628603191","CDPH",FALSE,60638,17,31,980100,1,170319801001,"CLEARING","PD 610","5",17031980100,NA,NA,NA,NA,NA,NA
"T065A","41.77734314354912","-87.74966553150517","CDPH",TRUE,60638,17,31,640700,2,170316407002,"CLEARING","RS-2","4",17031640700,15,49271,18.597560976,19.584954604,49938,18.057080132
"T066","41.77119858797388","-87.70310660774493","CDPH",FALSE,60629,17,31,660900,3,170316609003,"CHICAGO LAWN","POS-1","12",17031660900,18.563535912,22305,53.190220632,12.236135957,29125,37.215847586
"T067","41.7600823529196","-87.74160716098964","CDPH",FALSE,60629,17,31,650500,3,170316505003,"WEST LAWN","PMD13","6",17031650500,23.553054662,55524,6.7357512953,26.041302065,60459,14.114247611
"T068","41.7465002","-87.6637","Google",FALSE,60620,17,31,710500,1,170317105001,"AUBURN GRESHAM","B3-2","1",17031710500,31.456953642,21691,48.058252427,13.034482759,30793,30.060918463
"T069","41.768485667016584","-87.67946342813606","CDPH",FALSE,60636,17,31,660700,2,170316607002,"CHICAGO LAWN","M1-1","3",17031660700,22.679045093,24076,26.391554702,24.374079529,27344,32.288094072
"T070","41.79697562371853","-87.79771355544744","CDPH",FALSE,60638,17,31,560900,5,170315609005,"GARFIELD RIDGE","RS-2","4",17031560900,7.183908046,91111,0,11.133967601,84652,3.8001140034
"T071","41.779693355250316","-87.77659727910212","CDPH",FALSE,60638,17,31,640300,6,170316403006,"CLEARING","RS-2","4",17031640300,3.4567901235,54596,2.9696132597,7.6000856348,69600,3.7133362231
"T072","41.7463635328984","-87.70244486812008","CDPH",FALSE,60652,17,31,700401,1,170317004011,"ASHBURN","B1-1","1",17031700401,9.5930232558,70962,11.057481351,13.584598698,64776,14.988028731
"T073","41.773085401492715","-87.60016755939222","CDPH",FALSE,60637,17,31,841800,2,170318418002,"GREATER GRAND CROSSING","RT-4","4",17031841800,10.967741935,32237,31.781266919,11.228945727,36250,29.756275009
"T074","41.82085850772701","-87.66510809467968","CDPH",FALSE,60609,17,31,842600,2,170318426002,"NEW CITY","PMD 8","6",17031842600,25.41322314,29583,29.246676514,17.961826858,58315,16.19047619
"T074B","41.82251502093992","-87.66510458646107","CDPH",TRUE,60609,17,31,842600,2,170318426002,"NEW CITY","PMD 8","6",17031842600,25.41322314,29583,29.246676514,17.961826858,58315,16.19047619
"T075","41.80809006352392","-87.58928650652244","CDPH",FALSE,60615,17,31,390700,1,170313907001,"KENWOOD","POS-1","12",17031390700,2.4187975121,66354,7.987804878,3.1338360038,53015,19.416031244
"T076","41.793951806707","-87.61581170480557","CDPH",FALSE,60637,17,31,400300,1,170314003001,"WASHINGTON PARK","POS-1","12",17031400300,14.158163265,29417,43.132887899,14.158163265,29417,43.132887899
"T077","41.778128857884745","-87.58624503516381","CDPH",FALSE,60637,17,31,843900,1,170318439001,"WOODLAWN","POS-1","12",17031843900,15.514592934,NA,54.779033916,13.930530165,32750,33.133253301
"T078","41.7754286072673","-87.65453449840803","CDPH",FALSE,60636,17,31,834900,2,170318349002,"WEST ENGLEWOOD","POS-1","12",17031834900,24.009603842,13983,54.334763948,22.195704057,18401,49.381387843
"T079","41.76575252485466","-87.56246520793836","CDPH",FALSE,60649,17,31,430700,1,170314307001,"SOUTH SHORE","RM-6","4",17031430700,7.9927338783,19583,53.507653061,13.842975207,19093,46.913043478
"T080","41.75414841411549","-87.61272102258191","CDPH",FALSE,60619,17,31,691400,5,170316914005,"GREATER GRAND CROSSING","RS-2","4",17031691400,15.009041591,55792,20.679468242,13.780084946,28813,23.267504488
"T081","41.820051649277865","-87.62734757080052","CDPH",FALSE,60609,17,31,380500,1,170313805001,"GRAND BOULEVARD","RT-4","4",17031380500,23.037974684,19358,52.625,23.037974684,19358,52.625
"T082","41.802359308973436","-87.64307591923095","CDPH",FALSE,60609,17,31,843800,1,170318438001,"NEW CITY","RS-3","4",17031843800,11.277173913,51375,18.648648649,12,45833,23.871733967
"T083","41.754292","-87.590773","Google",FALSE,60619,17,31,834300,2,170318343002,"AVALON PARK","M1-2","3",17031834300,15.78313253,NA,45.30141844,13.022727273,34140,20.880325815
"T084","41.692774011978955","-87.61736615120783","CDPH",FALSE,60628,17,31,490901,3,170314909013,"ROSELAND","RT-4","4",17031490901,9.4218415418,34286,33.14415437,14.121699196,39750,16.48089172
"T085","41.72147943479403","-87.65062149158746","CDPH",FALSE,60643,17,31,730202,3,170317302023,"WASHINGTON HEIGHTS","B3-1","1",17031730202,15,49427,1.3698630137,8.8562351072,48564,13.059586292
"T086","41.688170589570205","-87.67825167603604","CDPH",FALSE,60643,17,31,750500,1,170317505001,"MORGAN PARK","RS-1","4",17031750500,8.5915492958,65286,5.1475204018,11.707554044,55485,23.409165842
"T087","41.68819284945908","-87.67687311237898","CDPH",FALSE,60643,17,31,750500,1,170317505001,"MORGAN PARK","RS-1","4",17031750500,8.5915492958,65286,5.1475204018,11.707554044,55485,23.409165842
"T088","41.701009731121545","-87.69150169935061","CDPH",FALSE,60655,17,31,720500,1,170317205001,"BEVERLY","RS-2","4",17031720500,0,124250,0,2.6425591099,115417,1.2340036563
"T089","41.70433841525342","-87.65708427193195","CDPH",FALSE,60643,17,31,720700,2,170317207002,"BEVERLY","C1-1","2",17031720700,5.2774018945,69375,14.444444444,3.4540859309,61438,7.4311926606
"T090","41.67688731618708","-87.66122192616795","CDPH",FALSE,60643,17,31,530400,2,170315304002,"WEST PULLMAN","M2-2","3",17031530400,7.825203252,72386,7.299270073,10.265613783,48036,15.509376584
"T090A","41.69049224370896","-87.65935280145148","CDPH",TRUE,60643,17,31,750600,4,170317506004,"MORGAN PARK","RS-2","4",17031750600,19.626168224,32552,40.281329923,13.435527502,34470,33.741973147
"T090B","41.683724974638565","-87.65656067097044","CDPH",TRUE,60643,17,31,530300,3,170315303003,"WEST PULLMAN","RS-2","4",17031530300,10.126582278,43250,21.241513094,14.539579968,39816,25.692307692
"T090C","41.675712635656595","-87.65393947630594","CDPH",TRUE,60643,17,31,530400,2,170315304002,"WEST PULLMAN","PMD 10","6",17031530400,7.825203252,72386,7.299270073,10.265613783,48036,15.509376584
"T091","41.67703235316266","-87.64446507522","CDPH",FALSE,60643,17,31,530400,1,170315304001,"WEST PULLMAN","PMD 10","6",17031530400,16.136919315,31250,34.16252073,10.265613783,48036,15.509376584
"T092","41.67744707247274","-87.6227850122959","CDPH",FALSE,60628,17,31,530501,4,170315305014,"WEST PULLMAN","RS-3","4",17031530501,8.2146768894,61218,14.915966387,14.578434666,42422,26.8058811
"T094","41.72128749967918","-87.66523570170051","CDPH",FALSE,60643,17,31,720100,3,170317201003,"BEVERLY","B1-1","1",17031720100,0.6868131868,88125,1.3374485597,1.5327257664,133636,0.4436557232
"T094B","41.71859581869038","-87.66892624345516","CDPH",TRUE,60643,17,31,720200,3,170317202003,"BEVERLY","POS-1","12",17031720200,3.068712475,69243,2.2750252781,6.41458474,63295,10.017313876
"T095","41.70532764418326","-87.63295536539816","CDPH",FALSE,60628,17,31,491100,1,170314911001,"ROSELAND","M1-1","3",17031491100,22.373540856,24851,51.78041543,13.546870408,43382,19.527186761
"T095A","41.7047273977372","-87.63805951384876","CDPH",TRUE,60628,17,31,491100,5,170314911005,"ROSELAND","POS-1","12",17031491100,11.042944785,49453,29.227761486,13.546870408,43382,19.527186761
"T096","41.73242806400838","-87.63105648014084","CDPH",FALSE,60620,17,31,834000,1,170318340001,"ROSELAND","M1-2","3",17031834000,20.959264126,33464,26.181353768,16.306483301,34864,23.682409309
"T097","41.644720066326094","-87.60185152802353","CDPH",FALSE,60827,17,31,540101,1,170315401011,"RIVERDALE","M3-2","3",17031540101,34.796747967,25186,52.551020408,20.24291498,12660,62.123164133
"T099","41.73318787971678","-87.55562868950284","CDPH",FALSE,60617,17,31,833900,1,170318339001,"SOUTH CHICAGO","POS-1","12",17031833900,32.957393484,28000,30.834512023,32.677442024,32159,33.346988939
"T100","41.7177671","-87.5316325","Google",FALSE,60617,17,31,520100,1,170315201001,"EAST SIDE","POS-1","12",17031520100,45.491803279,35365,19.068845963,45.491803279,35365,19.068845963
"T102","41.695494070048184","-87.60908176561364","CDPH",FALSE,60628,17,31,500200,2,170315002002,"PULLMAN","M3-3","3",17031500200,11.079545455,46500,11.390284757,11.497975709,34038,32.427184466
"T103","41.6863678","-87.5363922","Google",FALSE,60617,17,31,520600,1,170315206001,"EAST SIDE","RS-2","4",17031520600,24.865735768,42764,16.749291785,24.865735768,42764,16.749291785
"T104","41.67237617579695","-87.57547737657654","CDPH",FALSE,60633,17,31,838800,2,170318388002,"SOUTH DEERING","M3-3","3",17031838800,26.95584818,15875,60.79277865,28.306010929,19155,49.574588769
"T107","41.729263505561725","-87.60345868977669","CDPH",FALSE,60619,17,31,440800,2,170314408002,"CHATHAM","RT-4","4",17031440800,9.5427435388,24500,40.19253911,15.92760181,19833,44.236960721
"T114","41.79821072626856","-87.73692496319906","CDPH",FALSE,60632,17,31,570500,2,170315705002,"ARCHER HEIGHTS","C2-1","2",17031570500,26.383981154,37688,17.911530094,25.918225918,41875,18.394648829
"T114B","41.79799893946895","-87.73691910505724","CDPH",TRUE,60632,17,31,570500,2,170315705002,"ARCHER HEIGHTS","C2-1","2",17031570500,26.383981154,37688,17.911530094,25.918225918,41875,18.394648829
"T115","41.66238672759086","-87.59017972751752","CDPH",FALSE,60633,17,31,838800,2,170318388002,"SOUTH DEERING","PMD 6","6",17031838800,26.95584818,15875,60.79277865,28.306010929,19155,49.574588769
"T128","41.704687213624375","-87.5642355621286","CDPH",FALSE,60617,17,31,838800,2,170318388002,"SOUTH DEERING","POS-1","12",17031838800,26.95584818,15875,60.79277865,28.306010929,19155,49.574588769
"T128A","41.70602407606748","-87.56583547865658","CDPH",TRUE,60617,17,31,838800,2,170318388002,"SOUTH DEERING","RS-3","4",17031838800,26.95584818,15875,60.79277865,28.306010929,19155,49.574588769
"T129","41.89151302234628","-87.60978482187917","CDPH",FALSE,60611,17,31,81402,1,170310814021,"NEAR NORTH SIDE","PD 527","5",17031081402,0,71833,8.6155378486,0.4411423264,109801,6.735340729
"T135","41.6635341","-87.6319993","Google",FALSE,60628,17,31,530503,3,170315305033,"WEST PULLMAN","RS-2","4",17031530503,9.262295082,25455,37.560503388,13.695899772,35074,29.621380846
"T135B","41.663188493534854","-87.63267835982573","CDPH",TRUE,60628,17,31,530503,3,170315305033,"WEST PULLMAN","M3-3","3",17031530503,9.262295082,25455,37.560503388,13.695899772,35074,29.621380846
"T138","41.71054240215372","-87.58455893336821","CDPH",FALSE,60617,17,31,510300,3,170315103003,"SOUTH DEERING","M3-3","3",17031510300,7.6363636364,NA,34.682860999,11.210262131,30625,23.155265181
"T138B","41.71082938844816","-87.58452583946809","CDPH",TRUE,60617,17,31,510300,3,170315103003,"SOUTH DEERING","M3-3","3",17031510300,7.6363636364,NA,34.682860999,11.210262131,30625,23.155265181
"T141","41.96158436461","-87.76061670251877","CDPH",FALSE,60630,17,31,150300,2,170311503002,"PORTAGE PARK","RS-3","4",17031150300,6.0445387063,51709,22.113821138,9.105459719,74106,13.191802675
"T142","41.953540120811525","-87.77693904181494","CDPH",FALSE,60634,17,31,150502,2,170311505022,"PORTAGE PARK","B3-2","1",17031150502,1.9505851756,48856,19.411764706,10.653505786,57857,16.973024588
"T143","41.9991197","-87.7955664","Google",FALSE,60631,17,31,100200,1,170311002001,"NORWOOD PARK","RS-2","4",17031100200,3.7894736842,68352,15.336463224,7.8319006686,70549,6.3771636805
"T144","41.940781697748726","-87.79442975887669","CDPH",FALSE,60634,17,31,171000,3,170311710003,"DUNNING","RS-2","4",17031171000,21.812080537,50093,2.3319615912,13.973558575,67308,8.5428458602
"T145","41.8157323","-87.6655132","Google",FALSE,60613,17,31,60200,1,170310602001,"LAKE VIEW","RT-4","4",17031060200,4.5407636739,67900,5.2356020942,6.161971831,69650,16.586222027
"T146","41.958005533581535","-87.70218107456284","CDPH",FALSE,60618,17,31,160601,2,170311606012,"IRVING PARK","RS-3","4",17031160601,21.607142857,78512,12.113720643,16.391461941,67113,11.785519869
"T147","41.93279020985206","-87.7002378838387","CDPH",FALSE,60618,17,31,210700,2,170312107002,"AVONDALE","RS-3","4",17031210700,17.818574514,61111,30.040053405,21.836065574,51758,23.784681053
"T148","42.0178008501155","-87.68760144594536","CDPH",FALSE,60645,17,31,20100,2,170310201002,"WEST RIDGE","RT-3.5","4",17031020100,20.213799806,44569,22.855227882,21.161382259,49318,18.91634981
"T149","41.99455586117901","-87.66942551106938","CDPH",FALSE,60660,17,31,30200,4,170310302004,"EDGEWATER","RS-3","4",17031030200,15.219123506,47589,9.2605390463,7.6738032235,64089,11.407814648
"T150","42.00659785873985","-87.677866206975","CDPH",FALSE,60626,17,31,10701,1,170310107011,"ROGERS PARK","RS-2","4",17031010701,26.350245499,41316,33.773377338,18.492387672,60798,18.366814506
"T151","41.91613471854847","-87.80109280863755","CDPH",FALSE,60707,17,31,250500,4,170312505004,"AUSTIN","RS-2","4",17031250500,14.586255259,115690,0,10.902674591,74347,11.812361166
"T152","41.845715401799","-87.7158985974353","CDPH",FALSE,60623,17,31,300600,2,170313006002,"SOUTH LAWNDALE","RT-4","4",17031300600,42.360248447,36406,34.731774415,45.183608302,41286,26.924381146
"T153","41.90933995853726","-87.76107828229969","CDPH",FALSE,60639,17,31,250700,5,170312507005,"AUSTIN","B3-1","1",17031250700,10.113780025,29592,20.419426049,11.208677686,31370,25.972275703
"T154","41.920412159677035","-87.75249946658316","CDPH",FALSE,60639,17,31,191100,5,170311911005,"BELMONT CRAGIN","RS-3","4",17031191100,52.815829528,49563,27.195720018,41.864175023,47750,22.191528545
"T155","41.77600539167921","-87.77940766760916","CDPH",FALSE,60638,17,31,640600,3,170316406003,"CLEARING","RS-2","4",17031640600,15.061549602,46489,9.7369893677,21.292517007,42274,20.920897285
"T156","41.77239228297989","-87.7398164742613","CDPH",FALSE,60629,17,31,640800,2,170316408002,"CLEARING","RS-2","4",17031640800,16.9921875,51477,8.2107843137,14.873140857,54722,10.835214447
"T157","41.82647646684649","-87.64673197961164","CDPH",FALSE,60609,17,31,839900,2,170318399002,"BRIDGEPORT","RS-3","4",17031839900,14.932885906,65000,14.771151179,15.724962631,50265,15.294924554
"T158","41.6821804028987","-87.71009165099498","CDPH",FALSE,60655,17,31,740400,4,170317404004,"MOUNT GREENWOOD","RS-2","4",17031740400,5.8043117745,81154,5.5741360089,4.1615289766,82128,3.748125937
"T159","41.73144685817715","-87.64972225277589","CDPH",FALSE,60620,17,31,730202,1,170317302021,"WASHINGTON HEIGHTS","RS-2","4",17031730202,4.7445255474,42117,17.192530586,8.8562351072,48564,13.059586292
"T160","41.690922985124566","-87.68225967398746","CDPH",FALSE,60655,17,31,750400,1,170317504001,"MORGAN PARK","RS-2","4",17031750400,3.0852994555,69397,2.8711484594,2.3297491039,93188,3.8605230386
"T161","41.71817102244511","-87.67485882342494","CDPH",FALSE,60643,17,31,720300,2,170317203002,"BEVERLY","RS-2","4",17031720300,0,137736,5.2763819095,2.5285763769,125625,4.6102661597
"T162","41.72403383684215","-87.61434507516306","CDPH",FALSE,60619,17,31,490300,1,170314903001,"ROSELAND","RS-3","4",17031490300,8.78293601,42961,34.117647059,9.3506493506,52500,25.185185185
"T200","41.65667699900608","-87.5594407188114","CDPH",FALSE,60633,17,31,550200,2,170315502002,"HEGEWISCH","POS-3","12",17031550200,10.10989011,40305,10.925449871,9.0810222947,52841,5.976931143
"T200A","41.66010535917154","-87.54698761304829","CDPH",TRUE,60633,17,31,550100,6,170315501006,"HEGEWISCH","RS-2","4",17031550100,16.483516484,47206,27.459016393,15.037437604,56445,20.250812819
"T200B","41.64831068933974","-87.55963204714429","CDPH",TRUE,60633,17,31,550200,2,170315502002,"HEGEWISCH","M3-3","3",17031550200,10.10989011,40305,10.925449871,9.0810222947,52841,5.976931143
"T203","41.65678913914596","-87.5594401791304","CDPH",FALSE,60633,17,31,550200,2,170315502002,"HEGEWISCH","POS-3","12",17031550200,10.10989011,40305,10.925449871,9.0810222947,52841,5.976931143
"T206","41.65483844760961","-87.54215855362166","CDPH",FALSE,60633,17,31,550100,5,170315501005,"HEGEWISCH","RS-3","4",17031550100,11.021505376,81382,2.7777777778,15.037437604,56445,20.250812819
"T209","41.657068875649955","-87.54604886505916","CDPH",FALSE,60633,17,31,550100,6,170315501006,"HEGEWISCH","RS-3","4",17031550100,16.483516484,47206,27.459016393,15.037437604,56445,20.250812819
"T212","41.681034931122895","-87.53343646731054","CDPH",FALSE,60617,17,31,550100,5,170315501005,"HEGEWISCH","RS-2","4",17031550100,11.021505376,81382,2.7777777778,15.037437604,56445,20.250812819
"T215","41.686489249898166","-87.53105981104665","CDPH",FALSE,60617,17,31,520500,3,170315205003,"EAST SIDE","RS-2","4",17031520500,23.561946903,38750,27.426900585,20.397225725,62203,15.003912363
"T218","41.94850006410376","-87.73055318743594","CDPH",FALSE,60641,17,31,161000,2,170311610002,"IRVING PARK","RS-2","4",17031161000,5.4775280899,73125,10.27332705,5.409252669,73342,7.3507646769
"T218A","41.95539067124719","-87.73104149885343","CDPH",TRUE,60641,17,31,160300,2,170311603002,"IRVING PARK","RT-4","4",17031160300,4.1294642857,40156,30.614035088,5.8671824629,51511,13.184747583
"T218B","41.948589588728154","-87.74038844587119","CDPH",TRUE,60641,17,31,161100,2,170311611002,"IRVING PARK","M1-1","3",17031161100,4.181184669,123438,1.1273957159,4.1759880686,101848,1.8087855297
"T218C","41.93407498961357","-87.73795704448698","CDPH",TRUE,60641,17,31,200100,2,170312001002,"HERMOSA","RS-3","4",17031200100,37.86407767,63750,5.2046783626,29.027729028,44419,7.3429042128
"T219","41.967085499658836","-87.67516072473471","CDPH",FALSE,60640,17,31,830800,1,170318308001,"LINCOLN SQUARE","C3-2","2",17031830800,2.5943396226,81780,4.3388429752,1.4811490126,71607,5.833015631
"T220","41.96440545399697","-87.69137039109717","CDPH",FALSE,60625,17,31,40800,1,170310408001,"LINCOLN SQUARE","RS-3","4",17031040800,10.680907877,74115,5.6263269639,10.923803102,74688,5.6437389771
"T221","41.65923601846575","-87.61201512813366","CDPH",FALSE,60628,17,31,540102,1,170315401021,"RIVERDALE","M1-1","3",17031540102,10.075566751,6286,66.433566434,21.621621622,14439,63.804220399
"T222","41.92528678345797","-87.74745912379434","CDPH",FALSE,60639,17,31,190800,3,170311908003,"BELMONT CRAGIN","RS-3","4",17031190800,42.31884058,63958,16.219062665,38.14344174,42279,21.361111111
"T223","41.974522761157274","-87.80458946950488","CDPH",FALSE,60656,17,31,100700,5,170311007005,"NORWOOD PARK","RS-2","4",17031100700,4.6242774566,70833,5.5599060298,6.4210241127,77324,4.2485732403
"T224","41.94704449504484","-87.67306105349785","CDPH",FALSE,60613,17,31,60300,2,170310603002,"LAKE VIEW","RS-3","4",17031060300,1.5243902439,101042,1.0822510823,1.8234562785,114412,1.0690551864
"T225","41.7426704781299","-87.73155005887604","CDPH",FALSE,60652,17,31,700301,3,170317003013,"ASHBURN","RS-2","4",17031700301,35.976408912,49559,13.512593601,25.108556833,64118,11.846107056
"T226","41.79436647814991","-87.64892513653469","CDPH",FALSE,60609,17,31,612100,1,170316121001,"NEW CITY","RS-3","4",17031612100,20.806451613,23438,28.840436075,20.806451613,23438,28.840436075
"T227","41.728490033986375","-87.60852430813071","CDPH",FALSE,60619,17,31,440900,1,170314409001,"CHATHAM","RS-3","4",17031440900,8.8028169014,38750,6.1170212766,18.138707765,34050,21.606994172
"T228","41.95366415238544","-87.72498719138876","CDPH",FALSE,60618,17,31,160900,2,170311609002,"IRVING PARK","POS-1","12",17031160900,7.8864353312,82981,2.5583982202,4.8611111111,80551,10.551948052
"T229","41.69022108817417","-87.63761637218968","CDPH",FALSE,60628,17,31,491200,3,170314912003,"ROSELAND","RS-2","4",17031491200,5.4279749478,NA,12.254160363,10.426871938,42400,27.434052758
"T230","41.904773447835936","-87.75568575289235","CDPH",FALSE,60651,17,31,250800,2,170312508002,"AUSTIN","POS-1","12",17031250800,20.581113801,39250,17.096774194,23.556430446,38462,36.52173913
"T231","41.98788069188603","-87.66678507548095","CDPH",FALSE,60660,17,31,30500,2,170310305002,"EDGEWATER","RT-3.5","4",17031030500,12.394705174,71667,2.1310602025,9.785202864,79587,9.3745149775
"T232","41.913051862687965","-87.66790523595525","CDPH",FALSE,60622,17,31,240200,1,170312402001,"WEST TOWN","RT-4","4",17031240200,4.6934140802,124545,7.2236180905,4.6934140802,124545,7.2236180905
"T233","42.0106432736568","-87.80679730045945","CDPH",FALSE,60631,17,31,90200,1,170310902001,"EDISON PARK","POS-1","12",17031090200,5.9620596206,100227,0.7063572149,3.2381335479,100808,2.0873144201
"T234","41.94285841518001","-87.76187938886866","CDPH",FALSE,60641,17,31,151100,4,170311511004,"PORTAGE PARK","POS-1","12",17031151100,25.698324022,34848,43.104943625,23.43418259,58269,18.353528154
"T235","41.7748411153277","-87.72800581922763","CDPH",FALSE,60629,17,31,650301,4,170316503014,"WEST LAWN","RS-2","4",17031650301,11.764705882,72778,10.706860707,21.539397627,57245,11.494252874
"T236","41.99496630402897","-87.77083721987879","CDPH",FALSE,60646,17,31,120100,3,170311201003,"FOREST GLEN","RS-1","4",17031120100,4.834605598,84073,3.6121673004,2.1681247623,124338,2.7443805541
"T237","41.73877389864867","-87.69635920361578","CDPH",FALSE,60652,17,31,700502,2,170317005022,"ASHBURN","POS-1","12",17031700502,9.1056910569,72348,5.641025641,8.2442067736,80625,3.7311131668
"T238","41.75348981635372","-87.70837786853586","CDPH",FALSE,60652,17,31,700100,1,170317001001,"ASHBURN","PD 716","5",17031700100,10.99796334,66014,11.452991453,13.022351798,61925,16.901813994
"T240","41.91867575415674","-87.66437444367844","CDPH",FALSE,60614,17,31,832500,2,170318325002,"LINCOLN PARK","PMD 2","6",17031832500,5.7319907049,129722,5.5029585799,7.2273324573,116935,14.569125852
"T240B","41.919193245183514","-87.66476075044069","CDPH",TRUE,60614,17,31,832500,2,170318325002,"LINCOLN PARK","PMD 2","6",17031832500,5.7319907049,129722,5.5029585799,7.2273324573,116935,14.569125852
"T241","41.93053054160167","-87.76180737732278","CDPH",FALSE,60639,17,31,190701,1,170311907011,"BELMONT CRAGIN","RS-3","4",17031190701,30.867850099,53036,19.27480916,28.970427163,44797,19.958056624
"T242","41.79168956384981","-87.78163597127872","CDPH",FALSE,60638,17,31,561100,6,170315611006,"GARFIELD RIDGE","B3-1","1",17031561100,6.4439140811,90357,0,13.42544317,81763,3.7967817754
"T900","41.9738886","-87.8907904","Google",FALSE,60018,17,31,980000,1,170319800001,"OHARE","PD 0","5",17031980000,NA,NA,NA,NA,NA,NA
"T901","41.9738886","-87.8907904","Google",FALSE,60018,17,31,980000,1,170319800001,"OHARE","PD 0","5",17031980000,NA,NA,NA,NA,NA,NA
"T902","41.9738886","-87.8907904","Google",FALSE,60018,17,31,980000,1,170319800001,"OHARE","PD 0","5",17031980000,NA,NA,NA,NA,NA,NA
"T903","41.9738886","-87.8907904","Google",FALSE,60018,17,31,980000,1,170319800001,"OHARE","PD 0","5",17031980000,NA,NA,NA,NA,NA,NA
"T904","41.9738886","-87.8907904","Google",FALSE,60018,17,31,980000,1,170319800001,"OHARE","PD 0","5",17031980000,NA,NA,NA,NA,NA,NA
"T905","41.9738886","-87.8907904","Google",FALSE,60018,17,31,980000,1,170319800001,"OHARE","PD 0","5",17031980000,NA,NA,NA,NA,NA,NA
"T906","41.9738886","-87.8907904","Google",FALSE,60018,17,31,980000,1,170319800001,"OHARE","PD 0","5",17031980000,NA,NA,NA,NA,NA,NA
"T907","41.9738886","-87.8907904","Google",FALSE,60018,17,31,980000,1,170319800001,"OHARE","PD 0","5",17031980000,NA,NA,NA,NA,NA,NA
"T908","41.9738886","-87.8907904","Google",FALSE,60018,17,31,980000,1,170319800001,"OHARE","PD 0","5",17031980000,NA,NA,NA,NA,NA,NA
"T909","41.9738886","-87.8907904","Google",FALSE,60018,17,31,980000,1,170319800001,"OHARE","PD 0","5",17031980000,NA,NA,NA,NA,NA,NA
"T910","41.9738886","-87.8907904","Google",FALSE,60018,17,31,980000,1,170319800001,"OHARE","PD 0","5",17031980000,NA,NA,NA,NA,NA,NA
"T911","41.9738886","-87.8907904","Google",FALSE,60018,17,31,980000,1,170319800001,"OHARE","PD 0","5",17031980000,NA,NA,NA,NA,NA,NA
"T912","41.9738886","-87.8907904","Google",FALSE,60018,17,31,980000,1,170319800001,"OHARE","PD 0","5",17031980000,NA,NA,NA,NA,NA,NA
"T913","41.9738886","-87.8907904","Google",FALSE,60018,17,31,980000,1,170319800001,"OHARE","PD 0","5",17031980000,NA,NA,NA,NA,NA,NA
"T914","41.9738886","-87.8907904","Google",FALSE,60018,17,31,980000,1,170319800001,"OHARE","PD 0","5",17031980000,NA,NA,NA,NA,NA,NA
"T915","41.9738886","-87.8907904","Google",FALSE,60018,17,31,980000,1,170319800001,"OHARE","PD 0","5",17031980000,NA,NA,NA,NA,NA,NA
"T916","41.9738886","-87.8907904","Google",FALSE,60018,17,31,980000,1,170319800001,"OHARE","PD 0","5",17031980000,NA,NA,NA,NA,NA,NA
"T917","41.9738886","-87.8907904","Google",FALSE,60018,17,31,980000,1,170319800001,"OHARE","PD 0","5",17031980000,NA,NA,NA,NA,NA,NA
"T918","41.9738886","-87.8907904","Google",FALSE,60018,17,31,980000,1,170319800001,"OHARE","PD 0","5",17031980000,NA,NA,NA,NA,NA,NA
"T920","41.9738886","-87.8907904","Google",FALSE,60018,17,31,980000,1,170319800001,"OHARE","PD 0","5",17031980000,NA,NA,NA,NA,NA,NA
"T921","41.9738886","-87.8907904","Google",FALSE,60018,17,31,980000,1,170319800001,"OHARE","PD 0","5",17031980000,NA,NA,NA,NA,NA,NA
"T923","41.9738886","-87.8907904","Google",FALSE,60018,17,31,980000,1,170319800001,"OHARE","PD 0","5",17031980000,NA,NA,NA,NA,NA,NA
"T924","41.9738886","-87.8907904","Google",FALSE,60018,17,31,980000,1,170319800001,"OHARE","PD 0","5",17031980000,NA,NA,NA,NA,NA,NA
"T925","41.9738886","-87.8907904","Google",FALSE,60018,17,31,980000,1,170319800001,"OHARE","PD 0","5",17031980000,NA,NA,NA,NA,NA,NA
