"FID_wnv_tr","trap_name","rev_lat","rev_lng","nrows","latlng_cnt","wnv_presen","wnv_pres_1","Field8","wnv_absent","Field10","Field11","Field12","Field13","Field14","Field15","sd_Mosquit","FID_geo_ex","area","area_num_1","area_numbe","comarea","comarea_id","community","perimeter","shape_area","shape_len"
95,"T097",41.6447200663,-87.601851528,0,"FALSE",,0,,0,,,,,,,,52,0,"54","54",0,0,"RIVERDALE",0,98389497.4143,46455.4408571
136,"T200B",41.6483106893,-87.5596320471,0,"TRUE",,0,,0,,,,,,,,53,0,"55","55",0,0,"HEGEWISCH",0,145965741.437,73692.3821322
138,"T206",41.6548384476,-87.5421585536,0,"FALSE",,0,,0,,,,,,,,53,0,"55","55",0,0,"HEGEWISCH",0,145965741.437,73692.3821322
134,"T200",41.656676999,-87.5594407188,0,"FALSE",,0,,0,,,,,,,,53,0,"55","55",0,0,"HEGEWISCH",0,145965741.437,73692.3821322
137,"T203",41.6567891391,-87.5594401791,0,"FALSE",,0,,0,,,,,,,,53,0,"55","55",0,0,"HEGEWISCH",0,145965741.437,73692.3821322
139,"T209",41.6570688756,-87.5460488651,0,"FALSE",,0,,0,,,,,,,,53,0,"55","55",0,0,"HEGEWISCH",0,145965741.437,73692.3821322
148,"T221",41.6592360185,-87.6120151281,0,"FALSE",,0,,0,,,,,,,,52,0,"54","54",0,0,"RIVERDALE",0,98389497.4143,46455.4408571
135,"T200A",41.6601053592,-87.546987613,0,"TRUE",,0,,0,,,,,,,,53,0,"55","55",0,0,"HEGEWISCH",0,145965741.437,73692.3821322
104,"T115",41.6623867276,-87.5901797275,0,"FALSE",,0,,0,,,,,,,,49,0,"51","51",0,0,"SOUTH DEERING",0,303797059.66,80389.8718002
109,"T135B",41.6631884935,-87.6326783598,0,"TRUE",,0,,0,,,,,,,,51,0,"53","53",0,0,"WEST PULLMAN",0,99365198.0822,50023.8430008
108,"T135",41.6635341,-87.6319993,0,"FALSE",,0,,0,,,,,,,,51,0,"53","53",0,0,"WEST PULLMAN",0,99365198.0822,50023.8430008
100,"T104",41.6723761758,-87.5754773766,0,"FALSE",,0,,0,,,,,,,,49,0,"51","51",0,0,"SOUTH DEERING",0,303797059.66,80389.8718002
87,"T090C",41.6757126357,-87.6539394763,0,"TRUE",,0,,0,,,,,,,,51,0,"53","53",0,0,"WEST PULLMAN",0,99365198.0822,50023.8430008
84,"T090",41.6768873162,-87.6612219262,0,"FALSE",,0,,0,,,,,,,,51,0,"53","53",0,0,"WEST PULLMAN",0,99365198.0822,50023.8430008
88,"T091",41.6770323532,-87.6444650752,0,"FALSE",,0,,0,,,,,,,,51,0,"53","53",0,0,"WEST PULLMAN",0,99365198.0822,50023.8430008
89,"T092",41.6774470725,-87.6227850123,0,"FALSE",,0,,0,,,,,,,,51,0,"53","53",0,0,"WEST PULLMAN",0,99365198.0822,50023.8430008
140,"T212",41.6810349311,-87.5334364673,0,"FALSE",,0,,0,,,,,,,,53,0,"55","55",0,0,"HEGEWISCH",0,145965741.437,73692.3821322
129,"T158",41.6821804029,-87.710091651,0,"FALSE",,0,,0,,,,,,,,72,0,"74","74",0,0,"MOUNT GREENWOOD",0,75584290.0209,48665.1305392
86,"T090B",41.6837249746,-87.656560671,0,"TRUE",,0,,0,,,,,,,,51,0,"53","53",0,0,"WEST PULLMAN",0,99365198.0822,50023.8430008
99,"T103",41.6863678,-87.5363922,0,"FALSE",,0,,0,,,,,,,,50,0,"52","52",0,0,"EAST SIDE",0,83241728.0493,52274.1928493
141,"T215",41.6864892499,-87.531059811,0,"FALSE",,0,,0,,,,,,,,50,0,"52","52",0,0,"EAST SIDE",0,83241728.0493,52274.1928493
80,"T086",41.6881705896,-87.678251676,0,"FALSE",,0,,0,,,,,,,,73,0,"75","75",0,0,"MORGAN PARK",0,91877340.6988,46396.419362
81,"T087",41.6881928495,-87.6768731124,0,"FALSE",,0,,0,,,,,,,,73,0,"75","75",0,0,"MORGAN PARK",0,91877340.6988,46396.419362
156,"T229",41.6902210882,-87.6376163722,0,"FALSE",,0,,0,,,,,,,,46,0,"49","49",0,0,"ROSELAND",0,134313706.73,56632.7954292
85,"T090A",41.6904922437,-87.6593528015,0,"TRUE",,0,,0,,,,,,,,73,0,"75","75",0,0,"MORGAN PARK",0,91877340.6988,46396.419362
131,"T160",41.6909229851,-87.682259674,0,"FALSE",,0,,0,,,,,,,,73,0,"75","75",0,0,"MORGAN PARK",0,91877340.6988,46396.419362
78,"T084",41.692774012,-87.6173661512,0,"FALSE",,0,,0,,,,,,,,46,0,"49","49",0,0,"ROSELAND",0,134313706.73,56632.7954292
98,"T102",41.69549407,-87.6090817656,0,"FALSE",,0,,0,,,,,,,,48,0,"50","50",0,0,"PULLMAN",0,59001555.602,35572.0695077
82,"T088",41.7010097311,-87.6915016994,0,"FALSE",,0,,0,,,,,,,,70,0,"72","72",0,0,"BEVERLY",0,88779363.9384,44591.4851009
83,"T089",41.7043384153,-87.6570842719,0,"FALSE",,0,,0,,,,,,,,70,0,"72","72",0,0,"BEVERLY",0,88779363.9384,44591.4851009
105,"T128",41.7046872136,-87.5642355621,0,"FALSE",,0,,0,,,,,,,,49,0,"51","51",0,0,"SOUTH DEERING",0,303797059.66,80389.8718002
93,"T095A",41.7047273977,-87.6380595138,0,"TRUE",,0,,0,,,,,,,,46,0,"49","49",0,0,"ROSELAND",0,134313706.73,56632.7954292
92,"T095",41.7053276442,-87.6329553654,0,"FALSE",,0,,0,,,,,,,,46,0,"49","49",0,0,"ROSELAND",0,134313706.73,56632.7954292
106,"T128A",41.7060240761,-87.5658354787,0,"TRUE",,0,,0,,,,,,,,49,0,"51","51",0,0,"SOUTH DEERING",0,303797059.66,80389.8718002
110,"T138",41.7105424022,-87.5845589334,0,"FALSE",,0,,0,,,,,,,,49,0,"51","51",0,0,"SOUTH DEERING",0,303797059.66,80389.8718002
111,"T138B",41.7108293884,-87.5845258395,0,"TRUE",,0,,0,,,,,,,,49,0,"51","51",0,0,"SOUTH DEERING",0,303797059.66,80389.8718002
97,"T100",41.7177671,-87.5316325,0,"FALSE",,0,,0,,,,,,,,50,0,"52","52",0,0,"EAST SIDE",0,83241728.0493,52274.1928493
132,"T161",41.7181710224,-87.6748588234,0,"FALSE",,0,,0,,,,,,,,70,0,"72","72",0,0,"BEVERLY",0,88779363.9384,44591.4851009
91,"T094B",41.7185958187,-87.6689262435,0,"TRUE",,0,,0,,,,,,,,70,0,"72","72",0,0,"BEVERLY",0,88779363.9384,44591.4851009
90,"T094",41.7212874997,-87.6652357017,0,"FALSE",,0,,0,,,,,,,,70,0,"72","72",0,0,"BEVERLY",0,88779363.9384,44591.4851009
79,"T085",41.7214794348,-87.6506214916,0,"FALSE",,0,,0,,,,,,,,71,0,"73","73",0,0,"WASHINGTON HEIGHTS",0,79635752.8769,42222.598163
133,"T162",41.7240338368,-87.6143450752,0,"FALSE",,0,,0,,,,,,,,46,0,"49","49",0,0,"ROSELAND",0,134313706.73,56632.7954292
154,"T227",41.728490034,-87.6085243081,0,"FALSE",,0,,0,,,,,,,,39,0,"44","44",0,0,"CHATHAM",0,82320670.3112,42006.9450094
101,"T107",41.7292635056,-87.6034586898,0,"FALSE",,0,,0,,,,,,,,39,0,"44","44",0,0,"CHATHAM",0,82320670.3112,42006.9450094
130,"T159",41.7314468582,-87.6497222528,0,"FALSE",,0,,0,,,,,,,,71,0,"73","73",0,0,"WASHINGTON HEIGHTS",0,79635752.8769,42222.598163
94,"T096",41.732428064,-87.6310564801,0,"FALSE",,0,,0,,,,,,,,46,0,"49","49",0,0,"ROSELAND",0,134313706.73,56632.7954292
96,"T099",41.7331878797,-87.5556286895,0,"FALSE",,0,,0,,,,,,,,41,0,"46","46",0,0,"SOUTH CHICAGO",0,93272185.0092,52435.9794313
164,"T237",41.7387738986,-87.6963592036,0,"FALSE",,0,,0,,,,,,,,68,0,"70","70",0,0,"ASHBURN",0,135460337.208,54818.1546317
152,"T225",41.7426704781,-87.7315500589,0,"FALSE",,0,,0,,,,,,,,68,0,"70","70",0,0,"ASHBURN",0,135460337.208,54818.1546317
65,"T072",41.7463635329,-87.7024448681,0,"FALSE",,0,,0,,,,,,,,68,0,"70","70",0,0,"ASHBURN",0,135460337.208,54818.1546317
61,"T068",41.7465002,-87.6637,0,"FALSE",,0,,0,,,,,,,,69,0,"71","71",0,0,"AUBURN GRESHAM",0,105065353.602,46757.7217161
165,"T238",41.7534898164,-87.7083778685,0,"FALSE",,0,,0,,,,,,,,68,0,"70","70",0,0,"ASHBURN",0,135460337.208,54818.1546317
74,"T080",41.7541484141,-87.6127210226,0,"FALSE",,0,,0,,,,,,,,66,0,"69","69",0,0,"GREATER GRAND CROSSING",0,98853167.7093,54645.3302996
77,"T083",41.754292,-87.590773,0,"FALSE",,0,,0,,,,,,,,40,0,"45","45",0,0,"AVALON PARK",0,34852737.7366,27630.822534
60,"T067",41.7600823529,-87.741607161,0,"FALSE",,0,,0,,,,,,,,62,0,"65","65",0,0,"WEST LAWN",0,82315301.6831,41934.4901309
32,"T035",41.763370922,-87.6378726141,0,"FALSE",,0,,0,,,,,,,,65,0,"68","68",0,0,"ENGLEWOOD",0,85652323.0826,42316.8442973
73,"T079",41.7657525249,-87.5624652079,0,"FALSE",,0,,0,,,,,,,,38,0,"43","43",0,0,"SOUTH SHORE",0,81812716.3958,44249.6461173
62,"T069",41.768485667,-87.6794634281,0,"FALSE",,0,,0,,,,,,,,63,0,"66","66",0,0,"CHICAGO LAWN",0,98279465.1151,40073.0998382
59,"T066",41.771198588,-87.7031066077,0,"FALSE",,0,,0,,,,,,,,63,0,"66","66",0,0,"CHICAGO LAWN",0,98279465.1151,40073.0998382
127,"T156",41.772392283,-87.7398164743,0,"FALSE",,0,,0,,,,,,,,61,0,"64","64",0,0,"CLEARING",0,71145192.3827,45363.2861749
66,"T073",41.7730854015,-87.6001675594,0,"FALSE",,0,,0,,,,,,,,66,0,"69","69",0,0,"GREATER GRAND CROSSING",0,98853167.7093,54645.3302996
162,"T235",41.7748411153,-87.7280058192,0,"FALSE",,0,,0,,,,,,,,62,0,"65","65",0,0,"WEST LAWN",0,82315301.6831,41934.4901309
72,"T078",41.7754286073,-87.6545344984,0,"FALSE",,0,,0,,,,,,,,64,0,"67","67",0,0,"WEST ENGLEWOOD",0,87947691.9478,40195.2033069
126,"T155",41.7760053917,-87.7794076676,0,"FALSE",,0,,0,,,,,,,,61,0,"64","64",0,0,"CLEARING",0,71145192.3827,45363.2861749
58,"T065A",41.7773431435,-87.7496655315,0,"TRUE",,0,,0,,,,,,,,61,0,"64","64",0,0,"CLEARING",0,71145192.3827,45363.2861749
71,"T077",41.7781288579,-87.5862450352,0,"FALSE",,0,,0,,,,,,,,8,0,"42","42",0,0,"WOODLAWN",0,57815179.512,46936.9592443
57,"T065",41.7783051555,-87.754366286,0,"FALSE",,0,,0,,,,,,,,61,0,"64","64",0,0,"CLEARING",0,71145192.3827,45363.2861749
64,"T071",41.7796933553,-87.7765972791,0,"FALSE",,0,,0,,,,,,,,61,0,"64","64",0,0,"CLEARING",0,71145192.3827,45363.2861749
169,"T242",41.7916895638,-87.7816359713,0,"FALSE",,0,,0,,,,,,,,54,0,"56","56",0,0,"GARFIELD RIDGE",0,117890778.429,60080.4479704
70,"T076",41.7939518067,-87.6158117048,0,"FALSE",,0,,0,,,,,,,,6,0,"40","40",0,0,"WASHINGTON PARK",0,42373881.4842,28175.3160866
153,"T226",41.7943664781,-87.6489251365,0,"FALSE",,0,,0,,,,,,,,58,0,"61","61",0,0,"NEW CITY",0,134636963.254,48133.595961
63,"T070",41.7969756237,-87.7977135554,0,"FALSE",,0,,0,,,,,,,,54,0,"56","56",0,0,"GARFIELD RIDGE",0,117890778.429,60080.4479704
103,"T114B",41.7979989395,-87.7369191051,0,"TRUE",,0,,0,,,,,,,,55,0,"57","57",0,0,"ARCHER HEIGHTS",0,55922505.7212,31880.0210295
102,"T114",41.7982107263,-87.7369249632,0,"FALSE",,0,,0,,,,,,,,55,0,"57","57",0,0,"ARCHER HEIGHTS",0,55922505.7212,31880.0210295
54,"T062",41.8005970872,-87.7117303452,0,"FALSE",,0,,0,,,,,,,,60,0,"63","63",0,0,"GAGE PARK",0,61284896.1132,32294.1959107
53,"T061",41.8010478572,-87.6804247337,0,"FALSE",,0,,0,,,,,,,,60,0,"63","63",0,0,"GAGE PARK",0,61284896.1132,32294.1959107
76,"T082",41.802359309,-87.6430759192,0,"FALSE",,0,,0,,,,,,,,58,0,"61","61",0,0,"NEW CITY",0,134636963.254,48133.595961
69,"T075",41.8080900635,-87.5892865065,0,"FALSE",,0,,0,,,,,,,,4,0,"39","39",0,0,"KENWOOD",0,29071741.9283,23325.1679062
75,"T081",41.8200516493,-87.6273475708,0,"FALSE",,0,,0,,,,,,,,3,0,"38","38",0,0,"GRAND BOULEVARD",0,48492503.1554,28196.8371573
67,"T074",41.8208585077,-87.6651080947,0,"FALSE",,0,,0,,,,,,,,58,0,"61","61",0,0,"NEW CITY",0,134636963.254,48133.595961
68,"T074B",41.8225150209,-87.6651045865,0,"TRUE",,0,,0,,,,,,,,58,0,"61","61",0,0,"NEW CITY",0,134636963.254,48133.595961
52,"T060",41.8231277056,-87.682529037,0,"FALSE",,0,,0,,,,,,,,43,0,"59","59",0,0,"MCKINLEY PARK",0,39431799.6479,26014.0968371
55,"T063",41.8253982565,-87.7239621367,0,"FALSE",,0,,0,,,,,,,,31,0,"30","30",0,0,"SOUTH LAWNDALE",0,127998297.867,49904.0452102
56,"T063B",41.8260653407,-87.7239760927,0,"TRUE",,0,,0,,,,,,,,31,0,"30","30",0,0,"SOUTH LAWNDALE",0,127998297.867,49904.0452102
128,"T157",41.8264764668,-87.6467319796,0,"FALSE",,0,,0,,,,,,,,57,0,"60","60",0,0,"BRIDGEPORT",0,58291519.2767,32732.7183268
33,"T035.2",41.8366302,-87.6777392,0,"FALSE",,0,,0,,,,,,,,43,0,"59","59",0,0,"MCKINLEY PARK",0,39431799.6479,26014.0968371
34,"T036",41.8369118886,-87.7315789027,0,"FALSE",,0,,0,,,,,,,,31,0,"30","30",0,0,"SOUTH LAWNDALE",0,127998297.867,49904.0452102
31,"T034",41.8416841809,-87.6851487364,0,"FALSE",,0,,0,,,,,,,,32,0,"31","31",0,0,"LOWER WEST SIDE",0,81550723.6377,43229.3727036
47,"T051",41.8455294771,-87.6560501353,0,"FALSE",,0,,0,,,,,,,,57,0,"60","60",0,0,"BRIDGEPORT",0,58291519.2767,32732.7183268
123,"T152",41.8457154018,-87.7158985974,0,"FALSE",,0,,0,,,,,,,,31,0,"30","30",0,0,"SOUTH LAWNDALE",0,127998297.867,49904.0452102
37,"T040",41.8517688928,-87.719728203,0,"FALSE",,0,,0,,,,,,,,29,0,"29","29",0,0,"NORTH LAWNDALE",0,89487422.0242,44959.4596627
38,"T043",41.8578372938,-87.6358619856,0,"FALSE",,0,,0,,,,,,,,28,0,"28","28",0,0,"NEAR WEST SIDE",0,158492466.554,53003.5929406
44,"T048",41.8669151816,-87.6549188436,0,"FALSE",,0,,0,,,,,,,,28,0,"28","28",0,0,"NEAR WEST SIDE",0,158492466.554,53003.5929406
43,"T047",41.8675992537,-87.6957854426,0,"FALSE",,0,,0,,,,,,,,29,0,"29","29",0,0,"NORTH LAWNDALE",0,89487422.0242,44959.4596627
29,"T167",41.8728728625,-87.764736532,0,"FALSE",,0,,0,,,,,,,,25,0,"25","25",0,0,"AUSTIN",0,199254203.427,75226.4749167
28,"T030B",41.8837112946,-87.7160920918,0,"TRUE",,0,,0,,,,,,,,27,0,"27","27",0,0,"EAST GARFIELD PARK",0,53883220.8462,31514.6259565
27,"T030",41.8837717768,-87.7161683651,0,"FALSE",,0,,0,,,,,,,,27,0,"27","27",0,0,"EAST GARFIELD PARK",0,53883220.8462,31514.6259565
39,"T044",41.8841995855,-87.6200866467,0,"FALSE",,0,,0,,,,,,,,37,0,"32","32",0,0,"LOOP",0,46335565.4586,39428.6729962
42,"T046B",41.8914545209,-87.6897626564,0,"TRUE",,0,,0,,,,,,,,24,0,"24","24",0,0,"WEST TOWN",0,127562904.597,55203.7186956
107,"T129",41.8915130223,-87.6097848219,0,"FALSE",,0,,0,,,,,,,,36,0,"8","8",0,0,"NEAR NORTH SIDE",0,76675895.9728,57293.1649516
41,"T046",41.8922199832,-87.6916977287,0,"FALSE",,0,,0,,,,,,,,23,0,"23","23",0,0,"HUMBOLDT PARK",0,100480876.502,48583.0643299
45,"T049",41.8961310926,-87.6567621239,0,"FALSE",,0,,0,,,,,,,,24,0,"24","24",0,0,"WEST TOWN",0,127562904.597,55203.7186956
157,"T230",41.9047734478,-87.7556857529,0,"FALSE",,0,,0,,,,,,,,25,0,"25","25",0,0,"AUSTIN",0,199254203.427,75226.4749167
30,"T033",41.9072848728,-87.7013946368,0,"FALSE",,0,,0,,,,,,,,24,0,"24","24",0,0,"WEST TOWN",0,127562904.597,55203.7186956
124,"T153",41.9093399585,-87.7610782823,0,"FALSE",,0,,0,,,,,,,,25,0,"25","25",0,0,"AUSTIN",0,199254203.427,75226.4749167
159,"T232",41.9130518627,-87.667905236,0,"FALSE",,0,,0,,,,,,,,24,0,"24","24",0,0,"WEST TOWN",0,127562904.597,55203.7186956
36,"T039",41.9135675823,-87.7263003018,0,"FALSE",,0,,0,,,,,,,,23,0,"23","23",0,0,"HUMBOLDT PARK",0,100480876.502,48583.0643299
122,"T151",41.9161347185,-87.8010928086,0,"FALSE",,0,,0,,,,,,,,25,0,"25","25",0,0,"AUSTIN",0,199254203.427,75226.4749167
166,"T240",41.9186757542,-87.6643744437,0,"FALSE",,0,,0,,,,,,,,67,0,"7","7",0,0,"LINCOLN PARK",0,88316400.4728,49478.4277714
167,"T240B",41.9191932452,-87.6647607504,0,"TRUE",,0,,0,,,,,,,,67,0,"7","7",0,0,"LINCOLN PARK",0,88316400.4728,49478.4277714
46,"T050",41.9198789356,-87.6949018154,0,"FALSE",,0,,0,,,,,,,,22,0,"22","22",0,0,"LOGAN SQUARE",0,100057566.7,49213.4217488
125,"T154",41.9204121597,-87.7524994666,0,"FALSE",,0,,0,,,,,,,,18,0,"19","19",0,0,"BELMONT CRAGIN",0,109099414.689,43311.707379
35,"T037",41.9210539144,-87.7957507013,0,"FALSE",,0,,0,,,,,,,,17,0,"18","18",0,0,"MONTCLARE",0,27576393.6325,22404.8521448
40,"T045",41.9217045742,-87.6669632347,0,"FALSE",,0,,0,,,,,,,,67,0,"7","7",0,0,"LINCOLN PARK",0,88316400.4728,49478.4277714
51,"T054C",41.9217769034,-87.6321404519,0,"TRUE",,0,,0,,,,,,,,67,0,"7","7",0,0,"LINCOLN PARK",0,88316400.4728,49478.4277714
50,"T054B",41.9220638,-87.6322330599,0,"TRUE",,0,,0,,,,,,,,67,0,"7","7",0,0,"LINCOLN PARK",0,88316400.4728,49478.4277714
48,"T054",41.9225123769,-87.6323776704,0,"FALSE",,0,,0,,,,,,,,67,0,"7","7",0,0,"LINCOLN PARK",0,88316400.4728,49478.4277714
49,"T054A",41.9227366495,-87.6324499672,0,"TRUE",,0,,0,,,,,,,,67,0,"7","7",0,0,"LINCOLN PARK",0,88316400.4728,49478.4277714
16,"T013",41.9238873643,-87.7789099121,0,"FALSE",,0,,0,,,,,,,,18,0,"19","19",0,0,"BELMONT CRAGIN",0,109099414.689,43311.707379
149,"T222",41.9252867835,-87.7474591238,0,"FALSE",,0,,0,,,,,,,,18,0,"19","19",0,0,"BELMONT CRAGIN",0,109099414.689,43311.707379
168,"T241",41.9305305416,-87.7618073773,0,"FALSE",,0,,0,,,,,,,,18,0,"19","19",0,0,"BELMONT CRAGIN",0,109099414.689,43311.707379
118,"T147",41.9327902099,-87.7002378838,0,"FALSE",,0,,0,,,,,,,,21,0,"21","21",0,0,"AVONDALE",0,55290595.473,34261.9334038
145,"T218C",41.9340749896,-87.7379570445,0,"TRUE",,0,,0,,,,,,,,20,0,"20","20",0,0,"HERMOSA",0,32602059.4055,27179.0174378
115,"T144",41.9407816977,-87.7944297589,0,"FALSE",,0,,0,,,,,,,,16,0,"17","17",0,0,"DUNNING",0,103595001.175,54555.9925337
8,"T005",41.9419905128,-87.777231472,0,"FALSE",,0,,0,,,,,,,,16,0,"17","17",0,0,"DUNNING",0,103595001.175,54555.9925337
161,"T234",41.9428584152,-87.7618793889,0,"FALSE",,0,,0,,,,,,,,14,0,"15","15",0,0,"PORTAGE PARK",0,110196097.139,46520.6421377
14,"T011",41.9459610945,-87.8329424735,0,"FALSE",,0,,0,,,,,,,,16,0,"17","17",0,0,"DUNNING",0,103595001.175,54555.9925337
151,"T224",41.947044495,-87.6730610535,0,"FALSE",,0,,0,,,,,,,,44,0,"6","6",0,0,"LAKE VIEW",0,87214799.2728,51973.0968677
142,"T218",41.9485000641,-87.7305531874,0,"FALSE",,0,,0,,,,,,,,15,0,"16","16",0,0,"IRVING PARK",0,89611382.3106,49083.2240938
144,"T218B",41.9485895887,-87.7403884459,0,"TRUE",,0,,0,,,,,,,,15,0,"16","16",0,0,"IRVING PARK",0,89611382.3106,49083.2240938
4,"T002B",41.9515353225,-87.7898352633,0,"TRUE",,0,,0,,,,,,,,16,0,"17","17",0,0,"DUNNING",0,103595001.175,54555.9925337
22,"T019",41.9516671503,-87.6980278905,0,"FALSE",,0,,0,,,,,,,,15,0,"16","16",0,0,"IRVING PARK",0,89611382.3106,49083.2240938
113,"T142",41.9535401208,-87.7769390418,0,"FALSE",,0,,0,,,,,,,,14,0,"15","15",0,0,"PORTAGE PARK",0,110196097.139,46520.6421377
155,"T228",41.9536641524,-87.7249871914,0,"FALSE",,0,,0,,,,,,,,15,0,"16","16",0,0,"IRVING PARK",0,89611382.3106,49083.2240938
1,"T001",41.9542824563,-87.7338428755,0,"FALSE",,0,,0,,,,,,,,15,0,"16","16",0,0,"IRVING PARK",0,89611382.3106,49083.2240938
5,"T002B.2",41.955269343,-87.7970476543,0,"TRUE",,0,,0,,,,,,,,16,0,"17","17",0,0,"DUNNING",0,103595001.175,54555.9925337
143,"T218A",41.9553906712,-87.7310414989,0,"TRUE",,0,,0,,,,,,,,15,0,"16","16",0,0,"IRVING PARK",0,89611382.3106,49083.2240938
2,"T002",41.9562988561,-87.7975174448,0,"FALSE",,0,,0,,,,,,,,16,0,"17","17",0,0,"DUNNING",0,103595001.175,54555.9925337
117,"T146",41.9580055336,-87.7021810746,0,"FALSE",,0,,0,,,,,,,,15,0,"16","16",0,0,"IRVING PARK",0,89611382.3106,49083.2240938
116,"T145",41.9599025,-87.6694229,0,"FALSE",,0,,0,,,,,,,,44,0,"6","6",0,0,"LAKE VIEW",0,87214799.2728,51973.0968677
112,"T141",41.9615843646,-87.7606167025,0,"FALSE",,0,,0,,,,,,,,14,0,"15","15",0,0,"PORTAGE PARK",0,110196097.139,46520.6421377
20,"T017",41.9620146383,-87.6468477257,0,"FALSE",,0,,0,,,,,,,,30,0,"3","3",0,0,"UPTOWN",0,65095642.7289,46972.7945549
7,"T004",41.9626156097,-87.7510352656,0,"FALSE",,0,,0,,,,,,,,14,0,"15","15",0,0,"PORTAGE PARK",0,110196097.139,46520.6421377
147,"T220",41.964405454,-87.6913703911,0,"FALSE",,0,,0,,,,,,,,5,0,"4","4",0,0,"LINCOLN SQUARE",0,71352328.2399,36624.6030848
6,"T003",41.9653748588,-87.7584117152,0,"FALSE",,0,,0,,,,,,,,14,0,"15","15",0,0,"PORTAGE PARK",0,110196097.139,46520.6421377
3,"T002A",41.9654142249,-87.7821188853,0,"TRUE",,0,,0,,,,,,,,14,0,"15","15",0,0,"PORTAGE PARK",0,110196097.139,46520.6421377
146,"T219",41.9670854997,-87.6751607247,0,"FALSE",,0,,0,,,,,,,,5,0,"4","4",0,0,"LINCOLN SQUARE",0,71352328.2399,36624.6030848
17,"T014",41.9701024108,-87.7891306453,0,"FALSE",,0,,0,,,,,,,,35,0,"10","10",0,0,"NORWOOD PARK",0,121959105.47,80368.3743778
170,"T900",41.9738886,-87.8907904,0,"FALSE",,0,,0,,,,,,,,74,0,"76","76",0,0,"OHARE",0,371835607.687,173625.98466
171,"T901",41.9738886,-87.8907904,0,"FALSE",,0,,0,,,,,,,,74,0,"76","76",0,0,"OHARE",0,371835607.687,173625.98466
172,"T902",41.9738886,-87.8907904,0,"FALSE",,0,,0,,,,,,,,74,0,"76","76",0,0,"OHARE",0,371835607.687,173625.98466
173,"T903",41.9738886,-87.8907904,0,"FALSE",,0,,0,,,,,,,,74,0,"76","76",0,0,"OHARE",0,371835607.687,173625.98466
174,"T904",41.9738886,-87.8907904,0,"FALSE",,0,,0,,,,,,,,74,0,"76","76",0,0,"OHARE",0,371835607.687,173625.98466
175,"T905",41.9738886,-87.8907904,0,"FALSE",,0,,0,,,,,,,,74,0,"76","76",0,0,"OHARE",0,371835607.687,173625.98466
176,"T906",41.9738886,-87.8907904,0,"FALSE",,0,,0,,,,,,,,74,0,"76","76",0,0,"OHARE",0,371835607.687,173625.98466
177,"T907",41.9738886,-87.8907904,0,"FALSE",,0,,0,,,,,,,,74,0,"76","76",0,0,"OHARE",0,371835607.687,173625.98466
178,"T908",41.9738886,-87.8907904,0,"FALSE",,0,,0,,,,,,,,74,0,"76","76",0,0,"OHARE",0,371835607.687,173625.98466
179,"T909",41.9738886,-87.8907904,0,"FALSE",,0,,0,,,,,,,,74,0,"76","76",0,0,"OHARE",0,371835607.687,173625.98466
180,"T910",41.9738886,-87.8907904,0,"FALSE",,0,,0,,,,,,,,74,0,"76","76",0,0,"OHARE",0,371835607.687,173625.98466
181,"T911",41.9738886,-87.8907904,0,"FALSE",,0,,0,,,,,,,,74,0,"76","76",0,0,"OHARE",0,371835607.687,173625.98466
182,"T912",41.9738886,-87.8907904,0,"FALSE",,0,,0,,,,,,,,74,0,"76","76",0,0,"OHARE",0,371835607.687,173625.98466
183,"T913",41.9738886,-87.8907904,0,"FALSE",,0,,0,,,,,,,,74,0,"76","76",0,0,"OHARE",0,371835607.687,173625.98466
184,"T914",41.9738886,-87.8907904,0,"FALSE",,0,,0,,,,,,,,74,0,"76","76",0,0,"OHARE",0,371835607.687,173625.98466
185,"T915",41.9738886,-87.8907904,0,"FALSE",,0,,0,,,,,,,,74,0,"76","76",0,0,"OHARE",0,371835607.687,173625.98466
186,"T916",41.9738886,-87.8907904,0,"FALSE",,0,,0,,,,,,,,74,0,"76","76",0,0,"OHARE",0,371835607.687,173625.98466
187,"T917",41.9738886,-87.8907904,0,"FALSE",,0,,0,,,,,,,,74,0,"76","76",0,0,"OHARE",0,371835607.687,173625.98466
188,"T918",41.9738886,-87.8907904,0,"FALSE",,0,,0,,,,,,,,74,0,"76","76",0,0,"OHARE",0,371835607.687,173625.98466
189,"T920",41.9738886,-87.8907904,0,"FALSE",,0,,0,,,,,,,,74,0,"76","76",0,0,"OHARE",0,371835607.687,173625.98466
190,"T921",41.9738886,-87.8907904,0,"FALSE",,0,,0,,,,,,,,74,0,"76","76",0,0,"OHARE",0,371835607.687,173625.98466
191,"T923",41.9738886,-87.8907904,0,"FALSE",,0,,0,,,,,,,,74,0,"76","76",0,0,"OHARE",0,371835607.687,173625.98466
192,"T924",41.9738886,-87.8907904,0,"FALSE",,0,,0,,,,,,,,74,0,"76","76",0,0,"OHARE",0,371835607.687,173625.98466
193,"T925",41.9738886,-87.8907904,0,"FALSE",,0,,0,,,,,,,,74,0,"76","76",0,0,"OHARE",0,371835607.687,173625.98466
18,"T015",41.9741828738,-87.8252409308,0,"FALSE",,0,,0,,,,,,,,35,0,"10","10",0,0,"NORWOOD PARK",0,121959105.47,80368.3743778
150,"T223",41.9745227612,-87.8045894695,0,"FALSE",,0,,0,,,,,,,,35,0,"10","10",0,0,"NORWOOD PARK",0,121959105.47,80368.3743778
23,"T025",41.9790499237,-87.7517739652,0,"FALSE",,0,,0,,,,,,,,11,0,"12","12",0,0,"FOREST GLEN",0,89130893.6364,74493.821604
24,"T027",41.9863198514,-87.7283784562,0,"FALSE",,0,,0,,,,,,,,12,0,"13","13",0,0,"NORTH PARK",0,70288706.4343,41581.9486539
0,"T220A",41.9870538111,-87.7283975321,0,"TRUE",,0,,0,,,,,,,,12,0,"13","13",0,0,"NORTH PARK",0,70288706.4343,41581.9486539
25,"T028",41.9872446085,-87.6894167702,0,"FALSE",,0,,0,,,,,,,,5,0,"4","4",0,0,"LINCOLN SQUARE",0,71352328.2399,36624.6030848
26,"T028B",41.9874698995,-87.6894230746,0,"TRUE",,0,,0,,,,,,,,5,0,"4","4",0,0,"LINCOLN SQUARE",0,71352328.2399,36624.6030848
13,"T009B",41.9878510626,-87.8472670495,0,"TRUE",,0,,0,,,,,,,,74,0,"76","76",0,0,"OHARE",0,371835607.687,173625.98466
158,"T231",41.9878806919,-87.6667850755,0,"FALSE",,0,,0,,,,,,,,75,0,"77","77",0,0,"EDGEWATER",0,48449990.8397,31004.8309456
12,"T009",41.9885863963,-87.8544733512,0,"FALSE",,0,,0,,,,,,,,74,0,"76","76",0,0,"OHARE",0,371835607.687,173625.98466
9,"T006",41.9902337298,-87.7972198793,0,"FALSE",,0,,0,,,,,,,,35,0,"10","10",0,0,"NORWOOD PARK",0,121959105.47,80368.3743778
15,"T012",41.9935643616,-87.745420387,0,"FALSE",,0,,0,,,,,,,,11,0,"12","12",0,0,"FOREST GLEN",0,89130893.6364,74493.821604
120,"T149",41.9945558612,-87.6694255111,0,"FALSE",,0,,0,,,,,,,,75,0,"77","77",0,0,"EDGEWATER",0,48449990.8397,31004.8309456
163,"T236",41.994966304,-87.7708372199,0,"FALSE",,0,,0,,,,,,,,11,0,"12","12",0,0,"FOREST GLEN",0,89130893.6364,74493.821604
10,"T007",41.9954924193,-87.7696089453,0,"FALSE",,0,,0,,,,,,,,11,0,"12","12",0,0,"FOREST GLEN",0,89130893.6364,74493.821604
114,"T143",41.9991197,-87.7955664,0,"FALSE",,0,,0,,,,,,,,35,0,"10","10",0,0,"NORWOOD PARK",0,121959105.47,80368.3743778
121,"T150",42.0065978587,-87.677866207,0,"FALSE",,0,,0,,,,,,,,9,0,"1","1",0,0,"ROGERS PARK",0,51259902.4506,34052.3975757
11,"T008",42.0079975031,-87.7782349651,0,"FALSE",,0,,0,,,,,,,,11,0,"12","12",0,0,"FOREST GLEN",0,89130893.6364,74493.821604
21,"T018",42.0105292892,-87.6608450688,0,"FALSE",,0,,0,,,,,,,,9,0,"1","1",0,0,"ROGERS PARK",0,51259902.4506,34052.3975757
160,"T233",42.0106432737,-87.8067973005,0,"FALSE",,0,,0,,,,,,,,76,0,"9","9",0,0,"EDISON PARK",0,31636313.7864,25937.226841
19,"T016",42.0130292747,-87.8113497316,0,"FALSE",,0,,0,,,,,,,,76,0,"9","9",0,0,"EDISON PARK",0,31636313.7864,25937.226841
119,"T148",42.0178008501,-87.6876014459,0,"FALSE",,0,,0,,,,,,,,19,0,"2","2",0,0,"WEST RIDGE",0,98429094.8621,43020.6894583
